--
-- PostgreSQL database dump
--

-- Dumped from database version 15.6
-- Dumped by pg_dump version 16.2

SET statement_timeout = 0;
SET lock_timeout = 0;
SET idle_in_transaction_session_timeout = 0;
SET client_encoding = 'UTF8';
SET standard_conforming_strings = on;
SELECT pg_catalog.set_config('search_path', '', false);
SET check_function_bodies = false;
SET xmloption = content;
SET client_min_messages = warning;
SET row_security = off;

SET default_tablespace = '';

SET default_table_access_method = heap;

--
-- Name: account; Type: TABLE; Schema: public; Owner: tfkhdyt
--

CREATE TABLE public.account (
    access_token text,
    expires_at integer,
    id_token text,
    provider text NOT NULL,
    "providerAccountId" text NOT NULL,
    refresh_token text,
    scope text,
    session_state text,
    token_type text,
    type text NOT NULL,
    "userId" text NOT NULL
);


ALTER TABLE public.account OWNER TO tfkhdyt;

--
-- Name: answer; Type: TABLE; Schema: public; Owner: tfkhdyt
--

CREATE TABLE public.answer (
    content text NOT NULL,
    created_at timestamp with time zone DEFAULT now() NOT NULL,
    id text NOT NULL,
    is_best_answer boolean DEFAULT false NOT NULL,
    question_id text NOT NULL,
    updated_at timestamp with time zone DEFAULT now() NOT NULL,
    user_id text NOT NULL
);


ALTER TABLE public.answer OWNER TO tfkhdyt;

--
-- Name: favorite; Type: TABLE; Schema: public; Owner: tfkhdyt
--

CREATE TABLE public.favorite (
    question_id text NOT NULL,
    user_id text NOT NULL
);


ALTER TABLE public.favorite OWNER TO tfkhdyt;

--
-- Name: membership; Type: TABLE; Schema: public; Owner: tfkhdyt
--

CREATE TABLE public.membership (
    id text NOT NULL,
    user_id text NOT NULL,
    type character varying(10) NOT NULL,
    expires_at timestamp with time zone NOT NULL
);


ALTER TABLE public.membership OWNER TO tfkhdyt;

--
-- Name: notification; Type: TABLE; Schema: public; Owner: tfkhdyt
--

CREATE TABLE public.notification (
    id text NOT NULL,
    type text NOT NULL,
    receiver_user_id text NOT NULL,
    transmitter_user_id text NOT NULL,
    rating integer,
    question_id text NOT NULL,
    description character varying(100) NOT NULL,
    created_at timestamp with time zone DEFAULT now() NOT NULL,
    read_at timestamp with time zone
);


ALTER TABLE public.notification OWNER TO tfkhdyt;

--
-- Name: old_slug; Type: TABLE; Schema: public; Owner: tfkhdyt
--

CREATE TABLE public.old_slug (
    id text NOT NULL,
    question_id text NOT NULL,
    slug character varying(100) NOT NULL
);


ALTER TABLE public.old_slug OWNER TO tfkhdyt;

--
-- Name: question; Type: TABLE; Schema: public; Owner: tfkhdyt
--

CREATE TABLE public.question (
    content text NOT NULL,
    created_at timestamp with time zone DEFAULT now() NOT NULL,
    id text NOT NULL,
    slug character varying(100) NOT NULL,
    subject_id text NOT NULL,
    updated_at timestamp with time zone DEFAULT now() NOT NULL,
    user_id text NOT NULL
);


ALTER TABLE public.question OWNER TO tfkhdyt;

--
-- Name: question_image; Type: TABLE; Schema: public; Owner: tfkhdyt
--

CREATE TABLE public.question_image (
    id text NOT NULL,
    url text NOT NULL,
    question_id text NOT NULL
);


ALTER TABLE public.question_image OWNER TO tfkhdyt;

--
-- Name: rating; Type: TABLE; Schema: public; Owner: tfkhdyt
--

CREATE TABLE public.rating (
    answer_id text NOT NULL,
    id text NOT NULL,
    user_id text NOT NULL,
    value integer NOT NULL
);


ALTER TABLE public.rating OWNER TO tfkhdyt;

--
-- Name: session; Type: TABLE; Schema: public; Owner: tfkhdyt
--

CREATE TABLE public.session (
    expires timestamp with time zone NOT NULL,
    "sessionToken" text NOT NULL,
    "userId" text NOT NULL
);


ALTER TABLE public.session OWNER TO tfkhdyt;

--
-- Name: subject; Type: TABLE; Schema: public; Owner: tfkhdyt
--

CREATE TABLE public.subject (
    id text NOT NULL,
    name character varying(50) NOT NULL
);


ALTER TABLE public.subject OWNER TO tfkhdyt;

--
-- Name: user; Type: TABLE; Schema: public; Owner: tfkhdyt
--

CREATE TABLE public."user" (
    created_at timestamp with time zone DEFAULT now() NOT NULL,
    email text NOT NULL,
    "emailVerified" timestamp with time zone,
    id text NOT NULL,
    image text,
    name text,
    password text NOT NULL,
    updated_at timestamp with time zone DEFAULT now() NOT NULL,
    username character varying(25) NOT NULL
);


ALTER TABLE public."user" OWNER TO tfkhdyt;

--
-- Name: verificationToken; Type: TABLE; Schema: public; Owner: tfkhdyt
--

CREATE TABLE public."verificationToken" (
    expires timestamp with time zone NOT NULL,
    identifier text NOT NULL,
    token text NOT NULL
);


ALTER TABLE public."verificationToken" OWNER TO tfkhdyt;

--
-- Data for Name: account; Type: TABLE DATA; Schema: public; Owner: tfkhdyt
--

COPY public.account (access_token, expires_at, id_token, provider, "providerAccountId", refresh_token, scope, session_state, token_type, type, "userId") FROM stdin;
ya29.a0AfB_byCaMZBkThoo8tt9NSs9eHFW3yg3MUIvIMCVXvtALIC43US_TqSqcL0soLwJPU-rnQXoSxbzYWQjUpr0Hr8hMd_oS-cLCceOue2QzY6NoZuc04VmmNxcuHB-RWiyJlbIbw-4ZrjfAKDwb8cOnn7MGWKe6NvGbAaCgYKAeUSARMSFQHGX2Mi6nAlFMOGvvXUv6s7XKPSgg0169	1701594672	eyJhbGciOiJSUzI1NiIsImtpZCI6ImU0YWRmYjQzNmI5ZTE5N2UyZTExMDZhZjJjODQyMjg0ZTQ5ODZhZmYiLCJ0eXAiOiJKV1QifQ.eyJpc3MiOiJodHRwczovL2FjY291bnRzLmdvb2dsZS5jb20iLCJhenAiOiIzMTExMTYzNjc2Mi1pM3ZlOGZhaXZjOWg2MWJ2dm5sYzc2a3Q5cGk4aDhudi5hcHBzLmdvb2dsZXVzZXJjb250ZW50LmNvbSIsImF1ZCI6IjMxMTExNjM2NzYyLWkzdmU4ZmFpdmM5aDYxYnZ2bmxjNzZrdDlwaThoOG52LmFwcHMuZ29vZ2xldXNlcmNvbnRlbnQuY29tIiwic3ViIjoiMTAyOTQxMTA2ODE4ODc0ODQ2MTg5IiwiZW1haWwiOiJ0YTE0MmZhQGdtYWlsLmNvbSIsImVtYWlsX3ZlcmlmaWVkIjp0cnVlLCJhdF9oYXNoIjoiaU5sblR0R3UyNDA3X0loM0RRcElzZyIsIm5hbWUiOiJUYXVmaWsgSGlkYXlhdCIsInBpY3R1cmUiOiJodHRwczovL2xoMy5nb29nbGV1c2VyY29udGVudC5jb20vYS9BQ2c4b2NMVHFDVl93SHBCNEJrbG8yWjlfSEV5LTJlWGNNNWRGSDdRd2ZOaWNITzZQczQ9czk2LWMiLCJnaXZlbl9uYW1lIjoiVGF1ZmlrIiwiZmFtaWx5X25hbWUiOiJIaWRheWF0IiwibG9jYWxlIjoiaWQiLCJpYXQiOjE3MDE1OTEwNzMsImV4cCI6MTcwMTU5NDY3M30.DiAg0DJMbooU3NCYgQLbF4-XD8Eq606GROujOhDgKiwi-Di-cZJoQPccpji7ZhDo1U8Q63q2OjqCZXjYLyKY8uMr06lQaEV8rH8xKhPrw9igUaLmSPXrYQryEXnDr34IrnavilYWW6aobHMVx8ZW2O_e75lsWPeqG1K0upPi5P2EwsTa-B3kcPRnM6QGnxhEts-LAuAULs6sziEaRMaYiuyGzBFq0FbKgDNW0FfhOCSZaa-mJ-3Lzrqn1_qYBABZ0vyflmdq3Qm1cHxqjSbhFYomNAB2Ezf9xDpjlSUfftDqw-7Gag6sZ_ZU_Mn2ZuWUJDzhEtEg7CKPPRKGmeGUCA	google	102941106818874846189	\N	openid https://www.googleapis.com/auth/userinfo.email https://www.googleapis.com/auth/userinfo.profile	\N	Bearer	oauth	user-clpp7e3nl000008i30rnc2ojn
ya29.a0AfB_byByT30Za44hLESZg1f_zjcYqEZaSpj76Wzj-PMsIDRTjHkpUFLXHpC3Xb3xkqe62KYoA36AbZ2XqniGs6vEAsq5C2dHpG26jkNkewy1ECt7ApYX8lOwZ-V49FFfCUBvndGt9NB7B0HuN7EKi_q7edT1cTSAI_WeaCgYKAboSARMSFQHGX2MikUs_dZ1HFRdQ8DTW7ysGJQ0171	1701688323	eyJhbGciOiJSUzI1NiIsImtpZCI6ImU0YWRmYjQzNmI5ZTE5N2UyZTExMDZhZjJjODQyMjg0ZTQ5ODZhZmYiLCJ0eXAiOiJKV1QifQ.eyJpc3MiOiJodHRwczovL2FjY291bnRzLmdvb2dsZS5jb20iLCJhenAiOiIzMTExMTYzNjc2Mi1pM3ZlOGZhaXZjOWg2MWJ2dm5sYzc2a3Q5cGk4aDhudi5hcHBzLmdvb2dsZXVzZXJjb250ZW50LmNvbSIsImF1ZCI6IjMxMTExNjM2NzYyLWkzdmU4ZmFpdmM5aDYxYnZ2bmxjNzZrdDlwaThoOG52LmFwcHMuZ29vZ2xldXNlcmNvbnRlbnQuY29tIiwic3ViIjoiMTA2NDY0MTk1OTc2NjE4ODg4MTU1IiwiZW1haWwiOiJhaXN5ZWthbWlsYUBnbWFpbC5jb20iLCJlbWFpbF92ZXJpZmllZCI6dHJ1ZSwiYXRfaGFzaCI6IlpQRW1LMzdRNjZ6X1IyTzZyRHVGeWciLCJuYW1lIjoiYWlzeWFoIEthbWlsYSIsInBpY3R1cmUiOiJodHRwczovL2xoMy5nb29nbGV1c2VyY29udGVudC5jb20vYS9BQ2c4b2NJVEowNkRvUThVWGloWmZYekFVYzg2VTk5VFBpUGYzSVZ3LUtFR1IxaEdrVmM9czk2LWMiLCJnaXZlbl9uYW1lIjoiYWlzeWFoIiwiZmFtaWx5X25hbWUiOiJLYW1pbGEiLCJsb2NhbGUiOiJlbi1HQiIsImlhdCI6MTcwMTY4NDcyNCwiZXhwIjoxNzAxNjg4MzI0fQ.kGIgSriXPoj6X-OLb8PIE1Byv_TnkbFO_IL7dU0Dr7wSre8PHhQsM4Tzl8o57LB62wVRX6d8z7IXveS5DzLjZksmgT2qQi8JQltvDbDpJkeajj4Wex9hGd2AFhOQdk73Q1fCYo_5p7ZiE25FFVJzzi8SSwpAImFOnH4I8y5c9So3N7q-ze6JuiRPissSUa5sK2CjziWKEyuMGUe4dZ6K_OL5vGdNSvGq5dGJ0eeJz8maKobwem_9oAsPhAqXkkoyXTduzU5nx16U6N5rzz5_a4Ne_-PB7UQeFSwfTBuax0DCCjqLWeNOZTF3kVz1vizf4MORfMcP-tY2Xt7K_JUYSg	google	106464195976618888155	\N	https://www.googleapis.com/auth/userinfo.email https://www.googleapis.com/auth/userinfo.profile openid	\N	Bearer	oauth	user-clpqr5d19000008l70p7v2t4f
ya29.a0AfB_byA3486YNXMhHkV_-FtIEVzquGpd1nd99qQ-ddztPNJUE-UwqBsaLd9qHfbNUzuue2-sfwYh6_YMzyKZlRIsxk95-52C5-Bj_WKpYhLWYFXaFAYLGBSXU78reM1PBMgtZd0akd1sqe0BZgliT3qDxmEBOu3m0tAzaCgYKAVkSARESFQHGX2MiTGa8LHl0w5226eCEFS09Lg0171	1701688354	eyJhbGciOiJSUzI1NiIsImtpZCI6ImU0YWRmYjQzNmI5ZTE5N2UyZTExMDZhZjJjODQyMjg0ZTQ5ODZhZmYiLCJ0eXAiOiJKV1QifQ.eyJpc3MiOiJodHRwczovL2FjY291bnRzLmdvb2dsZS5jb20iLCJhenAiOiIzMTExMTYzNjc2Mi1pM3ZlOGZhaXZjOWg2MWJ2dm5sYzc2a3Q5cGk4aDhudi5hcHBzLmdvb2dsZXVzZXJjb250ZW50LmNvbSIsImF1ZCI6IjMxMTExNjM2NzYyLWkzdmU4ZmFpdmM5aDYxYnZ2bmxjNzZrdDlwaThoOG52LmFwcHMuZ29vZ2xldXNlcmNvbnRlbnQuY29tIiwic3ViIjoiMTE2Njk0NTc4NDU2NzEyMDcwMTU0IiwiZW1haWwiOiJ6YWtpYWtoYWlydW5uaXNhMDAwMEBnbWFpbC5jb20iLCJlbWFpbF92ZXJpZmllZCI6dHJ1ZSwiYXRfaGFzaCI6IlVaSFp5LXhBcUFxdDhGUGdkbVVGLXciLCJuYW1lIjoiWmFraWEgS2hhaXJ1bm5pc2EiLCJwaWN0dXJlIjoiaHR0cHM6Ly9saDMuZ29vZ2xldXNlcmNvbnRlbnQuY29tL2EvQUNnOG9jS1MtTkdoa082V3VGM1ZpbFlZMmNaZXFOTDY4OEZBZHRUWVZvQUQ2T3hwcjRZPXM5Ni1jIiwiZ2l2ZW5fbmFtZSI6Ilpha2lhIiwiZmFtaWx5X25hbWUiOiJLaGFpcnVubmlzYSIsImxvY2FsZSI6ImVuLUdCIiwiaWF0IjoxNzAxNjg0NzU1LCJleHAiOjE3MDE2ODgzNTV9.E893nvO49youAhzrbF-nTAtF1JRFIyP1kURLlF8UrFqddYGP5OHkDi3uwQtJrXR9vX5wCvUSw6ovaYC8kdAFoSbluqHbAq3-qA7uQcwtMvLQ_0KZFKC0_5feLPHmKbLYGpZ-V_wNo5mr6KopKdlvT5TcaqzMwQ0Ku24bIEteiXQVOovKm_DrTr_Xj3ICuPeVe4ICP96bXesmsUWVdtuQUMYR-3x-F1LuEvCLk6YOpDs14k-UpBqHgvW_pqckqgrOlh4zlF73R3EySMsBbyrvSsErTYiSAQVcxY35vwM9aNmZJTnxhXKz0_96CQbfrGgJzrXtvOjSSTV0luRGFdARoA	google	116694578456712070154	\N	https://www.googleapis.com/auth/userinfo.profile https://www.googleapis.com/auth/userinfo.email openid	\N	Bearer	oauth	user-clpqr610b000908l7a0kahjle
ya29.a0AfB_byC9tfgM29g0ztF_c4a1qcuHE6dFEp6BqsV032dlddqClZbWOdXE2N2d6hnztiDyqMr9ieqrOJEwng1ay4j8EHPO3ariAx98mg5czUV0KDzOQyVEJkCdxIkzjY3HpwZRueBu7d5GEYc6eLxiEJJzz3wcLBWrOb3QaCgYKAUoSARISFQHGX2MijjvpWNx76h-h6n-UbpJ0UA0171	1701688387	eyJhbGciOiJSUzI1NiIsImtpZCI6ImU0YWRmYjQzNmI5ZTE5N2UyZTExMDZhZjJjODQyMjg0ZTQ5ODZhZmYiLCJ0eXAiOiJKV1QifQ.eyJpc3MiOiJodHRwczovL2FjY291bnRzLmdvb2dsZS5jb20iLCJhenAiOiIzMTExMTYzNjc2Mi1pM3ZlOGZhaXZjOWg2MWJ2dm5sYzc2a3Q5cGk4aDhudi5hcHBzLmdvb2dsZXVzZXJjb250ZW50LmNvbSIsImF1ZCI6IjMxMTExNjM2NzYyLWkzdmU4ZmFpdmM5aDYxYnZ2bmxjNzZrdDlwaThoOG52LmFwcHMuZ29vZ2xldXNlcmNvbnRlbnQuY29tIiwic3ViIjoiMTA5NjgyODQ0MjYwMjc0NDUyMjcyIiwiZW1haWwiOiJ6YWtpYWtoYWlydW5uaXNhNzlAZ21haWwuY29tIiwiZW1haWxfdmVyaWZpZWQiOnRydWUsImF0X2hhc2giOiJZR2E5VEVDRWtUN3NaR2IwQ05sR1JRIiwibmFtZSI6Ilpha2lhIEtoYWlydW5uaXNhIiwicGljdHVyZSI6Imh0dHBzOi8vbGgzLmdvb2dsZXVzZXJjb250ZW50LmNvbS9hL0FDZzhvY0o0RmwxSzhfNzlIc1BNWW5TX3ZmOHN1TzBOZHppSmlDVDMxNmdtdXVXN3lKaz1zOTYtYyIsImdpdmVuX25hbWUiOiJaYWtpYSIsImZhbWlseV9uYW1lIjoiS2hhaXJ1bm5pc2EiLCJsb2NhbGUiOiJlbiIsImlhdCI6MTcwMTY4NDc4OCwiZXhwIjoxNzAxNjg4Mzg4fQ.Yd4hKakfRWHa6dBXTUHOiYaqngAcveBYZ-Pg930P439I223hjtDzDD_-yRLPzIAoO3u80Kr-oJkVAM4CiMTs_tZfGba9MwsTjI2qNKkGcC_ZMRMzAoIcT33e4CEnHAAZe_9gmOwElSvDC7dZmw7I0o4gvs9bbD7vWOU1qQynYod1o8lSDhiNK0yNQfCihiw-dJKBVzMZTzvehhxZg4IhAKa5QG7SmOmwLsd4xKRP2nR9iiPSGmsVaj-uelvSet7m3na0jxgD6a_Temu0UCGQ_gDfJuk3ZvEn2OTnymJv_8fWIC4d1A_tyZgEjyWXwrPr3_GMvBGbqCgZnR3HLomgLw	google	109682844260274452272	\N	https://www.googleapis.com/auth/userinfo.email openid https://www.googleapis.com/auth/userinfo.profile	\N	Bearer	oauth	user-clpqr6q4l000a08l74nf0hksu
ya29.a0AfB_byDyBZy47bnb62unD4Xtt9edbi3iXMOUXhAMaGxrzO0PYPBW69QD6JXIPlABb9LNI2W1-5k7am91hqY7B-EJ28V32Qz6iDUf8kxO_XqadY6b5YwBav00Y0PN17sF2dWTe1TQey92a_NbjiGWBzORagnByoKOBCNxaCgYKASYSARASFQHGX2Mi4tl6h118aK0i7El0mN-OdQ0171	1701688411	eyJhbGciOiJSUzI1NiIsImtpZCI6ImU0YWRmYjQzNmI5ZTE5N2UyZTExMDZhZjJjODQyMjg0ZTQ5ODZhZmYiLCJ0eXAiOiJKV1QifQ.eyJpc3MiOiJodHRwczovL2FjY291bnRzLmdvb2dsZS5jb20iLCJhenAiOiIzMTExMTYzNjc2Mi1pM3ZlOGZhaXZjOWg2MWJ2dm5sYzc2a3Q5cGk4aDhudi5hcHBzLmdvb2dsZXVzZXJjb250ZW50LmNvbSIsImF1ZCI6IjMxMTExNjM2NzYyLWkzdmU4ZmFpdmM5aDYxYnZ2bmxjNzZrdDlwaThoOG52LmFwcHMuZ29vZ2xldXNlcmNvbnRlbnQuY29tIiwic3ViIjoiMTEwMDQ0NTY1NDg1NTY5NDkyNjI0IiwiZW1haWwiOiJ6YWtpYWtoYWlydW5uaXNhOTdAZ21haWwuY29tIiwiZW1haWxfdmVyaWZpZWQiOnRydWUsImF0X2hhc2giOiJsV09mVHBBaG5ZZGVzeDNUaWF3Q0xRIiwibmFtZSI6Ilpha2lhIEtoYWlydW5uaXNhIiwicGljdHVyZSI6Imh0dHBzOi8vbGgzLmdvb2dsZXVzZXJjb250ZW50LmNvbS9hL0FDZzhvY0xRN2JIZG9DUFpNSWdJYmtfS2hCRVV1dkNWaTFiZDU2eElycnV2Ykc3LT1zOTYtYyIsImdpdmVuX25hbWUiOiJaYWtpYSIsImZhbWlseV9uYW1lIjoiS2hhaXJ1bm5pc2EiLCJsb2NhbGUiOiJlbi1HQiIsImlhdCI6MTcwMTY4NDgxMiwiZXhwIjoxNzAxNjg4NDEyfQ.M0qt0rGuunoXFQjReqC1gn88WrI2qIxZ0UQDFPJUL4Z3uO2mK6J1j2FEzX6RScOqh7pVWtOfAWw9F3GEbU_n2EmS93OVzAavLWXsZ-OaseAJWvPJzm4ozlO_gdil1Qqq_lhh87l7Sbkpnv2Z1vNnnzefJSH8N9dHa1k-MXMCKJ24GDttTWBI-PXLf9wh1yGU75laM9ZgNXs1PRrIom8uF05rfmoS3NuZHQHXUhxSsxuwCK0Qlj_NxixWINabRAy-EjIYBT7j6I6m3WqteyFUeyWigSJMGtF-sn4i4o21VyVYJyDU7gJUdW9nS9VTFgCp8QwzU9Jc9CEgGT7rBHZDGg	google	110044565485569492624	\N	https://www.googleapis.com/auth/userinfo.profile openid https://www.googleapis.com/auth/userinfo.email	\N	Bearer	oauth	user-clpqr78sx000b08l72c142ths
ya29.a0AfB_byDMo241OwIqT39ZFz0n3U9SrcnmjP1IEMYS4fduLg_rc6_BnIqIzq5rabWgyGZguOqaCm_tWijZVbfoc9lPYxMZq-4vaYn7EQlnbN_0QYch7DmrTl66bMP4toFWSrZHeQCy-RiPWwLzBKk173sYgZ3Q1kbGdW-jaCgYKASkSARISFQHGX2MitROxFsqMVJeEvG8pAbDX4A0171	1701695063	eyJhbGciOiJSUzI1NiIsImtpZCI6ImU0YWRmYjQzNmI5ZTE5N2UyZTExMDZhZjJjODQyMjg0ZTQ5ODZhZmYiLCJ0eXAiOiJKV1QifQ.eyJpc3MiOiJodHRwczovL2FjY291bnRzLmdvb2dsZS5jb20iLCJhenAiOiIzMTExMTYzNjc2Mi1pM3ZlOGZhaXZjOWg2MWJ2dm5sYzc2a3Q5cGk4aDhudi5hcHBzLmdvb2dsZXVzZXJjb250ZW50LmNvbSIsImF1ZCI6IjMxMTExNjM2NzYyLWkzdmU4ZmFpdmM5aDYxYnZ2bmxjNzZrdDlwaThoOG52LmFwcHMuZ29vZ2xldXNlcmNvbnRlbnQuY29tIiwic3ViIjoiMTE3MzIzOTc0NzY4MTI2MzA5MzM0IiwiZW1haWwiOiJycjUzMjg4MzhAZ21haWwuY29tIiwiZW1haWxfdmVyaWZpZWQiOnRydWUsImF0X2hhc2giOiJxcHhuSFRMN2ZWbUJWeU1tS204a1V3IiwibmFtZSI6IkNvdW50ZXIgQXNzYXNzaW4iLCJwaWN0dXJlIjoiaHR0cHM6Ly9saDMuZ29vZ2xldXNlcmNvbnRlbnQuY29tL2EvQUNnOG9jSzdhZ2pWTVdySmZOeXVZT2FsYWZTWXFpNW02NkdsSmVhd3ZfOGduMXB6VlE9czk2LWMiLCJnaXZlbl9uYW1lIjoiQ291bnRlciIsImZhbWlseV9uYW1lIjoiQXNzYXNzaW4iLCJsb2NhbGUiOiJpZCIsImlhdCI6MTcwMTY5MTQ2NCwiZXhwIjoxNzAxNjk1MDY0fQ.MctAfJnKE4b0AjMhW4czIYuTyJbyC4dHUBBCtbZjdlvRCMTZmiIFp-gwRlRFbrxjKdlcYYxp1QqBUYW05Jz0bnEvX5j_bIZYZMPhb6T2voied0_f7JTSkdqKDE9qPxQmiXzZAiZMi1N5kAyJhHmxpQDO_UzBgl-KptVyReaBiA2acLJEWcZwtp5AkGE3jMkZuaD6l4FcbiMIRs2Q_h9RvibAAWytbUB5AlSgw-laEGPOv8594BfyjvMvADrhOfH8RU1wX72njPUzC6SBjilx45g1P3coyUQnVOhy9QXfx5i9cSdAjOGNuEgXCrvPu2F8pHnqMWR9go0xRwdkdVp-JQ	google	117323974768126309334	\N	https://www.googleapis.com/auth/userinfo.profile openid https://www.googleapis.com/auth/userinfo.email	\N	Bearer	oauth	user-clpqv5u5y000008jx5gah0uu4
ya29.a0AfB_byCdzoiG-Eemw0UnZbx3Fo4HON_uVWkVxEEnOaQhC27hL9yDYOXDoy0HLgVGPQCARZoc2wmVGr5gpmJNJRQHpT5UnxucvIDcMWJ1E2pTzkr2TBaTIaqbwExZLzzPLgtd__gEQE81uvBbIQVfdYlB7QPrX8Jf19a7aCgYKAQgSARMSFQHGX2MiXKusXg_wBAOetcvzUAw_7Q0171	1701695789	eyJhbGciOiJSUzI1NiIsImtpZCI6ImU0YWRmYjQzNmI5ZTE5N2UyZTExMDZhZjJjODQyMjg0ZTQ5ODZhZmYiLCJ0eXAiOiJKV1QifQ.eyJpc3MiOiJodHRwczovL2FjY291bnRzLmdvb2dsZS5jb20iLCJhenAiOiIzMTExMTYzNjc2Mi1pM3ZlOGZhaXZjOWg2MWJ2dm5sYzc2a3Q5cGk4aDhudi5hcHBzLmdvb2dsZXVzZXJjb250ZW50LmNvbSIsImF1ZCI6IjMxMTExNjM2NzYyLWkzdmU4ZmFpdmM5aDYxYnZ2bmxjNzZrdDlwaThoOG52LmFwcHMuZ29vZ2xldXNlcmNvbnRlbnQuY29tIiwic3ViIjoiMTE2Nzc1MzM3NTg1NDExMjI5OTQ4IiwiZW1haWwiOiJpbWFubmF4Y3JiQGdtYWlsLmNvbSIsImVtYWlsX3ZlcmlmaWVkIjp0cnVlLCJhdF9oYXNoIjoianZHTEd0cE1sV1dJcGU5MnFpSUxhdyIsIm5hbWUiOiJUZWNobm9sb2d5IEluc3BpcmF0aW9uIiwicGljdHVyZSI6Imh0dHBzOi8vbGgzLmdvb2dsZXVzZXJjb250ZW50LmNvbS9hL0FDZzhvY0xHU3pvajZTN3c4X2dORzJiQnRRUzBMRVlQcjVxWFItWUZ6NFNfc1hoMTVkTT1zOTYtYyIsImdpdmVuX25hbWUiOiJUZWNobm9sb2d5IiwiZmFtaWx5X25hbWUiOiJJbnNwaXJhdGlvbiIsImxvY2FsZSI6ImlkIiwiaWF0IjoxNzAxNjkyMTkwLCJleHAiOjE3MDE2OTU3OTB9.naNDqNn9NCd06z9CUTon47Hee-OEcnsUjFrfTXhYFRdFHgUd9noaZNmOzD6bXLu95a4_6Q1JemPdLZN45iO1voK7y_iYR_n-V3sMxmivynCzxKxi9JNP6azbmlcGyzm-ck3AlnpfRry6uikKHgMrVd0sEo5lOOQrkqBjA6VFGkoal7geplZ97vNVSm6g0YQom2_NKSAssPrlMBfll5WbJHKiZN3tPdsXGpDY9yU379jQJbjy9EwowNgzqqIUxJalVrOp8_XbtQUAR6tTK55Po6TJ9zh2rkDzlm8aeFp2YlBLMWcHLoD0q8tLHesiIbZkouuLadIgHPEP1heQrWNDEA	google	116775337585411229948	\N	https://www.googleapis.com/auth/userinfo.profile https://www.googleapis.com/auth/userinfo.email openid	\N	Bearer	oauth	user-clpqvldh2000208jx9bpaceyq
ya29.a0AfB_byBh8M22bVl4eDMQBbNFf4SwA2WpTe8ALG1tK9UJl83wt8sxZs-g0a7YE0U0Cs9hVSVVHt96D63MWxCXnOn9HHm8jfEO-T5NAAAEfa9icuSCAMLpkKXk4FwYGKFCsvN634palQpEhX24H4twZxvya3EK210EM4AGaCgYKAWUSARASFQHGX2MixkSHZ6gmLVkZFhXiHFjHKA0171	1701705271	eyJhbGciOiJSUzI1NiIsImtpZCI6ImU0YWRmYjQzNmI5ZTE5N2UyZTExMDZhZjJjODQyMjg0ZTQ5ODZhZmYiLCJ0eXAiOiJKV1QifQ.eyJpc3MiOiJodHRwczovL2FjY291bnRzLmdvb2dsZS5jb20iLCJhenAiOiIzMTExMTYzNjc2Mi1pM3ZlOGZhaXZjOWg2MWJ2dm5sYzc2a3Q5cGk4aDhudi5hcHBzLmdvb2dsZXVzZXJjb250ZW50LmNvbSIsImF1ZCI6IjMxMTExNjM2NzYyLWkzdmU4ZmFpdmM5aDYxYnZ2bmxjNzZrdDlwaThoOG52LmFwcHMuZ29vZ2xldXNlcmNvbnRlbnQuY29tIiwic3ViIjoiMTAxNTc4MDkwNzY0MjQwNzkxMTMzIiwiZW1haWwiOiJoYWxpbWFqYWFhYWFAZ21haWwuY29tIiwiZW1haWxfdmVyaWZpZWQiOnRydWUsImF0X2hhc2giOiJTNDhndXJ1SHprZGVuRUZrc0FURXVBIiwibmFtZSI6ImhhbGltIGFqYSIsInBpY3R1cmUiOiJodHRwczovL2xoMy5nb29nbGV1c2VyY29udGVudC5jb20vYS9BQ2c4b2NLek5GN2hRTVlhZVhoNnJLcXY0UzdqZHV0eTNNaE1nQ1BNLTJJNERia3I9czk2LWMiLCJnaXZlbl9uYW1lIjoiaGFsaW0iLCJmYW1pbHlfbmFtZSI6ImFqYSIsImxvY2FsZSI6ImlkIiwiaWF0IjoxNzAxNzAxNjcyLCJleHAiOjE3MDE3MDUyNzJ9.dM46gy6h1DTWWHV5q7Tj5zKQi--MvCw9ZLFyTwpQqshRaDgRmVP3Nt4yCWfYjh0I0AijKi6qdI23setVK19vUG554WxaffqSD3C1Yfy8ghG5tAeR0GHoU0akop6yOxsFA-Z_DDPHkAbzyE1TixS3__AQ8Jgv7kXsPuRfvbzhasQ94yP6lG40oCFFyADgJQ5-IxUvZMDB-h1YB8cuHNR6K9x24UBXFVhwP7FX5Fm5Z1vMyfLbuhpPrpdWth43pIUZeKrTm5EkOjEPIKAKk9dcjHuc3yTEXEEcaMDAcu3FfL9xShMOqDy8h1zqVbIAc6J_4hbzPb7qrHTY4lEC85rTAA	google	101578090764240791133	\N	https://www.googleapis.com/auth/userinfo.email openid https://www.googleapis.com/auth/userinfo.profile	\N	Bearer	oauth	user-clpr18lr9000008l1hyi7gf3x
ya29.a0AfB_byBl7J4EYGtu4HZ8ggNJDmWCwkDpoN9-Z-u4csw0hyuq7wr4Rfp3Aoobpz2UZVTG3DPiHx1dplnCv9KxznDHdAfOq0zmN-pWJkRFP960B6mihZYXO4Z5BjeIjkUOVUczrOJhYe-obbPdwBZHFIYrJEeBQwJP-eW-aCgYKATcSARISFQHGX2MirbbJmJpJYMUQjm4gdSw6NQ0171	1701709591	eyJhbGciOiJSUzI1NiIsImtpZCI6ImU0YWRmYjQzNmI5ZTE5N2UyZTExMDZhZjJjODQyMjg0ZTQ5ODZhZmYiLCJ0eXAiOiJKV1QifQ.eyJpc3MiOiJodHRwczovL2FjY291bnRzLmdvb2dsZS5jb20iLCJhenAiOiIzMTExMTYzNjc2Mi1pM3ZlOGZhaXZjOWg2MWJ2dm5sYzc2a3Q5cGk4aDhudi5hcHBzLmdvb2dsZXVzZXJjb250ZW50LmNvbSIsImF1ZCI6IjMxMTExNjM2NzYyLWkzdmU4ZmFpdmM5aDYxYnZ2bmxjNzZrdDlwaThoOG52LmFwcHMuZ29vZ2xldXNlcmNvbnRlbnQuY29tIiwic3ViIjoiMTEzOTc0MjQ2Mzc2NzcwNTM5MTMyIiwiZW1haWwiOiJtZXlzYS5kZXZAZ21haWwuY29tIiwiZW1haWxfdmVyaWZpZWQiOnRydWUsImF0X2hhc2giOiJPVWx3SDlYWEczY3ZJNHZyWmpMcUF3IiwibmFtZSI6Ik1pa28gTWV5c2EgQmltYSIsInBpY3R1cmUiOiJodHRwczovL2xoMy5nb29nbGV1c2VyY29udGVudC5jb20vYS9BQ2c4b2NLc3VGWDBzNW14VGhfcl9nODRqODdaSFotdzBPeW1jQ011U1F2UENyV2pzUT1zOTYtYyIsImdpdmVuX25hbWUiOiJNaWtvIiwiZmFtaWx5X25hbWUiOiJNZXlzYSBCaW1hIiwibG9jYWxlIjoiZW4iLCJpYXQiOjE3MDE3MDU5OTIsImV4cCI6MTcwMTcwOTU5Mn0.Zxaf3yFHliJzJlehNhfsrB-ZjnPI4SrPQOurBSnaTcXBfWuD1y9PxxBzX9TmpHl3Egvmbv6Bf3CPJrNGtM633dqwIkyTDGiprEexec0c4jZTlmoMOMbEy-pXcY9_plf2b5V6p0Gqjg0hYdznkX-YNYZGCyz1oMMtmtb4m6i60A-hDSTWyshzQNy_Z5rblbasSuXSOFSuCC1prrgUaYJzTNtBJnyt7AYYld0K8LqDd9ffeCkZLyOgU-0t00-FZkD_5Na86lUQCdgBnCy1pffHTCSZOd12t8ajTr4ur_nHZIwsZcdJ_-XhFcO94HFb84uRpBLg4eRZo3pyj3pCKMX7jA	google	113974246376770539132	\N	https://www.googleapis.com/auth/userinfo.profile openid https://www.googleapis.com/auth/userinfo.email	\N	Bearer	oauth	user-clpr3t8g8000009l2fgx59s48
ya29.a0AfB_byBF0G6FqtUq246wzt7GLjFE3tXYu1sElhCmncaW5P7G56E_IVHnm03AzR39mVBuRH_6wdflj74AdZ0kOLzQwdB3XYJsQOq58Ylgo3OSKAGzEBC-QysItsyj9L4xeSqDwQx0oVO8Op1ZIidcR5Cz7vUAN-XxFzi4aCgYKAYMSARESFQHGX2MifLyCtitFqRJUTiDjZxnqTg0171	1701747210	eyJhbGciOiJSUzI1NiIsImtpZCI6ImU0YWRmYjQzNmI5ZTE5N2UyZTExMDZhZjJjODQyMjg0ZTQ5ODZhZmYiLCJ0eXAiOiJKV1QifQ.eyJpc3MiOiJodHRwczovL2FjY291bnRzLmdvb2dsZS5jb20iLCJhenAiOiIzMTExMTYzNjc2Mi1pM3ZlOGZhaXZjOWg2MWJ2dm5sYzc2a3Q5cGk4aDhudi5hcHBzLmdvb2dsZXVzZXJjb250ZW50LmNvbSIsImF1ZCI6IjMxMTExNjM2NzYyLWkzdmU4ZmFpdmM5aDYxYnZ2bmxjNzZrdDlwaThoOG52LmFwcHMuZ29vZ2xldXNlcmNvbnRlbnQuY29tIiwic3ViIjoiMTA2MjcyNjczODU2OTMzMzIwMDYyIiwiZW1haWwiOiJjb2RlYWZsYWhhQGdtYWlsLmNvbSIsImVtYWlsX3ZlcmlmaWVkIjp0cnVlLCJhdF9oYXNoIjoiSDhxWGtrakFQNVVfbk84WHc1cXp0ZyIsIm5hbWUiOiJjb2RlYWZsYWhhIFRWIiwicGljdHVyZSI6Imh0dHBzOi8vbGgzLmdvb2dsZXVzZXJjb250ZW50LmNvbS9hL0FDZzhvY0xwMkdYSnlkZ0pMU0VZazJIcmlucy03ZmpQV0Qtejk0dDFqWWIxeDVzUXhBPXM5Ni1jIiwiZ2l2ZW5fbmFtZSI6ImNvZGVhZmxhaGEiLCJmYW1pbHlfbmFtZSI6IlRWIiwibG9jYWxlIjoiaWQiLCJpYXQiOjE3MDE3NDM2MTEsImV4cCI6MTcwMTc0NzIxMX0.PBLb0oJpDI3BwODYpqDU-QybvgubbokAN184LNqDuzIXAeDy9G1_GH1ntnUWP-PjRXjljHzjinK5DsMH9xb9dcixpYfQyY8OrX1s8jWyhb9QTkauvZLUtWjyPNVwoGAiNZpnDu9frIOt6MSSMdvlG02-zxvYMIlJxMmqJCt-OzNWsJ4zBVb5xC7NFS5IMIjuABM5KUtMVS5LP8C2OjvCC4GxfJWt-QOJabWJeQCSZ7DosikGOnfgq0i3R-KkEZ4aCaqNNStCHbhghZRo1oZBDvttR2jqtxkJYSKhjOCBiY_Gj-Ix99EbZv-w14rXL4oHBhBGfbh5ExrY5H4EpLSqUw	google	106272673856933320062	\N	https://www.googleapis.com/auth/userinfo.profile openid https://www.googleapis.com/auth/userinfo.email	\N	Bearer	oauth	user-clprq7jvk000008l60xmfdww4
ya29.a0AfB_byDDeYpKrIiOncTcEJplFiw_NzdNEc9es_bT9KOPxzclozHPWI6IYDjq2HKxjvkgMpR-pfMKclNU_32H7x4dqUuYOdRJ7v1XxV5KB6XzsUbKLP-P6p6joDP9biHJRrOWmeWDdzXyOtyynpmJmwl6yIiOq95oGE_qaCgYKAXASARISFQHGX2MiCeG1zJ_IV64GZlBXSRojUA0171	1701710504	eyJhbGciOiJSUzI1NiIsImtpZCI6ImU0YWRmYjQzNmI5ZTE5N2UyZTExMDZhZjJjODQyMjg0ZTQ5ODZhZmYiLCJ0eXAiOiJKV1QifQ.eyJpc3MiOiJodHRwczovL2FjY291bnRzLmdvb2dsZS5jb20iLCJhenAiOiIzMTExMTYzNjc2Mi1pM3ZlOGZhaXZjOWg2MWJ2dm5sYzc2a3Q5cGk4aDhudi5hcHBzLmdvb2dsZXVzZXJjb250ZW50LmNvbSIsImF1ZCI6IjMxMTExNjM2NzYyLWkzdmU4ZmFpdmM5aDYxYnZ2bmxjNzZrdDlwaThoOG52LmFwcHMuZ29vZ2xldXNlcmNvbnRlbnQuY29tIiwic3ViIjoiMTAxNDU4MzQzMTUxOTExMzY0MTg3IiwiaGQiOiJtaHN3LnBuai5hYy5pZCIsImVtYWlsIjoianVuZGkucHJpbWEua2hhYWxpc2huYWlsLnl1d29uby50ZTIyQG1oc3cucG5qLmFjLmlkIiwiZW1haWxfdmVyaWZpZWQiOnRydWUsImF0X2hhc2giOiJpZUx5dkJrTXN4R2JRRU1WNkh0UHNBIiwibmFtZSI6IkpVTkRJIFBSSU1BIEtIQUFMSVNITkFJTCBZVVdPTk8gTWFoYXNpc3dhIFBOSiIsInBpY3R1cmUiOiJodHRwczovL2xoMy5nb29nbGV1c2VyY29udGVudC5jb20vYS9BQ2c4b2NJY2RXN0EtQWpDb19QZDNzNkNoVzBZZGpOV1dsc2pjamd1dm5ieGdFZEwxdz1zOTYtYyIsImdpdmVuX25hbWUiOiJKVU5ESSBQUklNQSBLSEFBTElTSE5BSUwgWVVXT05PIiwiZmFtaWx5X25hbWUiOiJNYWhhc2lzd2EgUE5KIiwibG9jYWxlIjoiZW4iLCJpYXQiOjE3MDE3MDY5MDUsImV4cCI6MTcwMTcxMDUwNX0.mMh1MV_wYSkQ4pRc20I85sLESgMKnF5l8O6nVuZ0d6UtjQOo9jrYE77BKBp0TDLpy5EuhirneaTGU0CIAaXmaauhxYrlwceQflKJMow6N4JqJOuEq2fLZJ319giMbpV-EO2-7ZZbCpM5qGdI5ST8l7_TbW2tIl35KFnDC7N3iNrZPK-4k5Cto4zxjEUEyh1u7_6IXmFa5Wu7dO7ptOL_HO2Rfn3hXeIzXEvM-EpTOfUpGNz51xPkPBXgYuL4W_iEVg5BSkECaTMhHJDahr__Xqr4pw3p3i1URt6LiH1XowNQajvojgR5U56mBiDz8My75gjJvTcSmKlyU4GRLFqgHA	google	101458343151911364187	\N	https://www.googleapis.com/auth/userinfo.profile openid https://www.googleapis.com/auth/userinfo.email	\N	Bearer	oauth	user-clpr4cs3a000008jrg4iyg2gw
ya29.a0AfB_byDJcqEt-hQfVY6IrAf6Ga0DA_qXrFTRDaeQZoA-wRPAOIcT_996mD0VBqv46W5k4Y8xh4BZ_Vq_wtqsrXvCZ2igE_oguCWHXnQPAAr0_Dg0YGbhrmzqIswkMiG1x9lsiglK-HLEG5Zs26XGNHgXbUJZflDFIddQaCgYKAcESARESFQHGX2Miy-NAksKsCebLdmW4jsZLmA0171	1701712142	eyJhbGciOiJSUzI1NiIsImtpZCI6ImU0YWRmYjQzNmI5ZTE5N2UyZTExMDZhZjJjODQyMjg0ZTQ5ODZhZmYiLCJ0eXAiOiJKV1QifQ.eyJpc3MiOiJodHRwczovL2FjY291bnRzLmdvb2dsZS5jb20iLCJhenAiOiIzMTExMTYzNjc2Mi1pM3ZlOGZhaXZjOWg2MWJ2dm5sYzc2a3Q5cGk4aDhudi5hcHBzLmdvb2dsZXVzZXJjb250ZW50LmNvbSIsImF1ZCI6IjMxMTExNjM2NzYyLWkzdmU4ZmFpdmM5aDYxYnZ2bmxjNzZrdDlwaThoOG52LmFwcHMuZ29vZ2xldXNlcmNvbnRlbnQuY29tIiwic3ViIjoiMTAxMjMwMjM0ODQwMDkxNDY1MzI5IiwiZW1haWwiOiJtaXp6Y2hhbjk5QGdtYWlsLmNvbSIsImVtYWlsX3ZlcmlmaWVkIjp0cnVlLCJhdF9oYXNoIjoiUVE2Z0NZeGxybjN4RTl3R3JEZW1lQSIsIm5hbWUiOiJNaXp6IEt1biIsInBpY3R1cmUiOiJodHRwczovL2xoMy5nb29nbGV1c2VyY29udGVudC5jb20vYS9BQ2c4b2NKWURYX0UyWnp2ZkhiUkItSVJNX25hQk5Pby1hYmIycGZlZW9qcmw0TT1zOTYtYyIsImdpdmVuX25hbWUiOiJNaXp6IiwiZmFtaWx5X25hbWUiOiJLdW4iLCJsb2NhbGUiOiJpZCIsImlhdCI6MTcwMTcwODU0MywiZXhwIjoxNzAxNzEyMTQzfQ.fmaYZH5ZjBBgbnFAIkNURLi3JiCGBwrmaaS1p4B7vzvaCw35xthwkG48f5GE-1aH81KMVcLCtmddgBRCT-JJRWPUWN_SneAJ5Qk6ogOTLW0iJurVpn_qT32ZwoslHBRZKEoYjpW7JupkqBxkOtyoVsbyDSyCSpDrS0WvLNmVpoVhZcq97oVKdYrGFfOt8SSXkV2ykx2FZZHraj9CXydGfGJ8pRsZObrwdhoD7cn04QJelRZuhVnftrWFpR2zXIGNbeYV6V1Nf3ChxOo9tWgP8c7DoQhW1umRUOKpUATC1zI5RtYOrYbZcnSahtvWvwDNUY_xXmObpRKi8XG9d5dwcg	google	101230234840091465329	\N	https://www.googleapis.com/auth/userinfo.profile https://www.googleapis.com/auth/userinfo.email openid	\N	Bearer	oauth	user-clpr5bvln000008jh2gvtcl46
ya29.a0AfB_byDSHaBUERo9YplZmNLcM0huhD5uD0YW_CCKHn6sq6Yxj_cgb5yfrdrNV4N77OzMOMjHZJn0zkKkJ05fPmRMs1hYHttqZBRa5CJEhrg6nikLJxYLqzbaJ_Mgfusfw8mofpi3J_dM7z2FUlHaVZCfpK_IcGQs2EHhaCgYKAYkSARESFQHGX2MivqUl3cUMND0k8Bq3-F4psQ0171	1701722755	eyJhbGciOiJSUzI1NiIsImtpZCI6ImU0YWRmYjQzNmI5ZTE5N2UyZTExMDZhZjJjODQyMjg0ZTQ5ODZhZmYiLCJ0eXAiOiJKV1QifQ.eyJpc3MiOiJodHRwczovL2FjY291bnRzLmdvb2dsZS5jb20iLCJhenAiOiIzMTExMTYzNjc2Mi1pM3ZlOGZhaXZjOWg2MWJ2dm5sYzc2a3Q5cGk4aDhudi5hcHBzLmdvb2dsZXVzZXJjb250ZW50LmNvbSIsImF1ZCI6IjMxMTExNjM2NzYyLWkzdmU4ZmFpdmM5aDYxYnZ2bmxjNzZrdDlwaThoOG52LmFwcHMuZ29vZ2xldXNlcmNvbnRlbnQuY29tIiwic3ViIjoiMTEyMDgwMTQ0MDkzODQ3NzI4MzQwIiwiZW1haWwiOiJkaWNrYWlzbWFqaUBnbWFpbC5jb20iLCJlbWFpbF92ZXJpZmllZCI6dHJ1ZSwiYXRfaGFzaCI6IkQ4aUtVUkJSUGpvaUFXc0xZYWtQQ0EiLCJuYW1lIjoiRGlja2EgSXNtYWppIiwicGljdHVyZSI6Imh0dHBzOi8vbGgzLmdvb2dsZXVzZXJjb250ZW50LmNvbS9hL0FDZzhvY0t6alY3bkxKb040TFNUWV9MQlQ1d3FVSC1tMmR6TC1DUkxfS1V2eXRHR2tpQT1zOTYtYyIsImdpdmVuX25hbWUiOiJEaWNrYSIsImZhbWlseV9uYW1lIjoiSXNtYWppIiwibG9jYWxlIjoiZW4tR0IiLCJpYXQiOjE3MDE3MTkxNTYsImV4cCI6MTcwMTcyMjc1Nn0.Syng0eRzNk71VePPvmSuTWxT7AhRmh2xacs1PnKG2hlO-0fRmWPHdeH8AsL7GJLkdrtU727yXmO8BumbwKMU5WTaXau4y66l3lSD3fjUgZrUYCRs5lYZgtvRqmEsyRrB36ZiNrZuAW71YI_2ppBODKTwMeTYBNCMRWFzaRdWbdubZ1fxk4jDySVvSvZFltJGhnjyLMGYgs7j1x1hgugDFIyywW7vyae_wa0wmcRSpX44oLYCW3l5jdLI_O4wrKnmQUe1WtDyuaNZ7JdbkKJdeCfJZLu6Jn7OQx7yUrGSYjz-g8bWZsi_MDODmBjz5FJraEaURzwy91KRDgYBbBAsTg	google	112080144093847728340	\N	https://www.googleapis.com/auth/userinfo.email https://www.googleapis.com/auth/userinfo.profile openid	\N	Bearer	oauth	user-clprbnefp000008jl2rw79l6p
ya29.a0AfB_byACFiiqNXFejOHNm3KzYYaCZ-2q_Eu8MHFmpZUJaZTZDkftFM6t5NaF7MRm3SnMlnzsj0-fmyrIOcMIynhDiKSIeSojBtjJqk4IxO_GQhyryGEsDvtN0K98i6uPaAAKa37KN_8irKv9F7sMMXS1rk1Xj34pV7wsaCgYKAekSARESFQHGX2MieJj2bGEgUJNBKnRsObn0Qg0171	1701740481	eyJhbGciOiJSUzI1NiIsImtpZCI6ImU0YWRmYjQzNmI5ZTE5N2UyZTExMDZhZjJjODQyMjg0ZTQ5ODZhZmYiLCJ0eXAiOiJKV1QifQ.eyJpc3MiOiJodHRwczovL2FjY291bnRzLmdvb2dsZS5jb20iLCJhenAiOiIzMTExMTYzNjc2Mi1pM3ZlOGZhaXZjOWg2MWJ2dm5sYzc2a3Q5cGk4aDhudi5hcHBzLmdvb2dsZXVzZXJjb250ZW50LmNvbSIsImF1ZCI6IjMxMTExNjM2NzYyLWkzdmU4ZmFpdmM5aDYxYnZ2bmxjNzZrdDlwaThoOG52LmFwcHMuZ29vZ2xldXNlcmNvbnRlbnQuY29tIiwic3ViIjoiMTAzMDEyNTEzMjgyMTU4MjM1NDc2IiwiZW1haWwiOiJhbnRhc2l0b3B1MTIzNEBnbWFpbC5jb20iLCJlbWFpbF92ZXJpZmllZCI6dHJ1ZSwiYXRfaGFzaCI6ImVwQUlGRjY5ZU9GblZtbThKZXJTVFEiLCJuYW1lIjoiRVJNQVNBIENJTlRBTkEgSU5EQUggU0lUT1BVIiwicGljdHVyZSI6Imh0dHBzOi8vbGgzLmdvb2dsZXVzZXJjb250ZW50LmNvbS9hL0FDZzhvY0puRk4tQkFKV1l2RjM2ZWY5QUp2RjBpbUR1T2lWeEt3NkFlbERIZHR3c1Fqbz1zOTYtYyIsImdpdmVuX25hbWUiOiJFUk1BU0EgQ0lOVEFOQSBJTkRBSCBTSVRPUFUiLCJsb2NhbGUiOiJpZCIsImlhdCI6MTcwMTczNjg4MiwiZXhwIjoxNzAxNzQwNDgyfQ.bzsa4LNIXEA-HRTaMD3WO0KDv2xQOYU36vig75PhGJ_urFeSen3nqR8mctyJHGaBlSxQsxVbX5TWW0fb9LWDw_Gf0onGG9HhqnnnwM07-LNIMbWhpQGv1QMsCmYj8Qzo_6fKI1JF7RpBgDLQ26bUJgf-pExHnkou7vnrDkKR2cvder3EoQO4llT2pZ2jcXs94cxLd33MRWBgxy4-_5T9tz1PZV7UukODxag95P5dBrlkjajMDKfJsIedH_rSbON28SlALsB9j9-QhBu4yhIHYRsn7aQKmh2BBy0uJL-NUNYwuLE3rB_WMZJVpyrX6o4RmXsq41mB8JiowjY_P1r0hA	google	103012513282158235476	\N	https://www.googleapis.com/auth/userinfo.profile openid https://www.googleapis.com/auth/userinfo.email	\N	Bearer	oauth	user-clprm79wh000008jjcloj07q3
ya29.a0AfB_byAqZDT07pytcYLUGsTsjllvHG_cfWDFvhHQoMNeB-HW-KGr3qd0xicf9frjMV9juM-Ue-G3peAbBkohVVjgNtGyDltHY8L6Slt77-RknklhzmsXtHivq3Q0bPAE7UZdy9KMvGmAqGJkas3c3t-vLGVavUlc8ZwzaCgYKAekSARISFQHGX2Mijbgcl8m4irvkkY3-ZFhNAQ0171	1701846588	eyJhbGciOiJSUzI1NiIsImtpZCI6ImU0YWRmYjQzNmI5ZTE5N2UyZTExMDZhZjJjODQyMjg0ZTQ5ODZhZmYiLCJ0eXAiOiJKV1QifQ.eyJpc3MiOiJodHRwczovL2FjY291bnRzLmdvb2dsZS5jb20iLCJhenAiOiIzMTExMTYzNjc2Mi1pM3ZlOGZhaXZjOWg2MWJ2dm5sYzc2a3Q5cGk4aDhudi5hcHBzLmdvb2dsZXVzZXJjb250ZW50LmNvbSIsImF1ZCI6IjMxMTExNjM2NzYyLWkzdmU4ZmFpdmM5aDYxYnZ2bmxjNzZrdDlwaThoOG52LmFwcHMuZ29vZ2xldXNlcmNvbnRlbnQuY29tIiwic3ViIjoiMTA5NzYyODk3OTkxNjk3NzYxNDk2IiwiZW1haWwiOiJ4a2FyeWFuYXlhbmRpQGdtYWlsLmNvbSIsImVtYWlsX3ZlcmlmaWVkIjp0cnVlLCJhdF9oYXNoIjoicW5xbTJLU3lwaXZGaWlNYXRpclJnZyIsIm5hbWUiOiJZYW5kaSIsInBpY3R1cmUiOiJodHRwczovL2xoMy5nb29nbGV1c2VyY29udGVudC5jb20vYS9BQ2c4b2NKY3dlamV1ck9LbWl3cWpfLWdjMjBEQlJua2p0MjdmX3lHWl9kYVlrMzdKbVk9czk2LWMiLCJnaXZlbl9uYW1lIjoiWWFuZGkiLCJsb2NhbGUiOiJlbiIsImlhdCI6MTcwMTg0Mjk4OSwiZXhwIjoxNzAxODQ2NTg5fQ.XZ1BoQ31dLjSHBIYvM1wobVwUxLXHrEC5iVjaF0HXMlWP1zFmtVbbEK7BUgZGpJNJYBRSy9VaH3dMCSo5EMmOAh8og9noYY3chNpghMqmRack9MXgxmAADbOAePvel4KgrU2osCa3Og-y-3HCDXECRIN1Ruc4U2kp6Gx1uz-kzCZq8o-lljGGThEOq0oGXyIufkNeFrIlxzmn6AmRsxvaD0HUMtFZ0RnCSfUVgOh0aPEaxPqHjTv7ZvPYMaR6lgb3fXlukKYKv_GtVIXtWLH5kJaoaO6NgaLQVPVp2ln3oTyJntkhQvC40cVbAOz4jdeSuFS2YUc0xdSvE-3al6UUw	google	109762897991697761496	\N	https://www.googleapis.com/auth/userinfo.profile openid https://www.googleapis.com/auth/userinfo.email	\N	Bearer	oauth	user-clptddjsc000308la75bm2lbk
ya29.a0AfB_byAeV-cca8Mqiqkg23OB9OsP98t-eimM5ZARQPT2VPMdPm2ZUOIZjeZbLg7v9sjEUksxHNNjfF0bVDvyqpXcBa9kvzemGhuL481Jt2uOyplXCoF_Tu6tMuHrNz3nJR6jzI8tcFzuh4JdPDVi_Rp_ACcucd9Fh4vQaCgYKAQISARISFQHGX2MiwxwIopAQMbe5D_yvFZKvSg0171	1701777351	eyJhbGciOiJSUzI1NiIsImtpZCI6ImU0YWRmYjQzNmI5ZTE5N2UyZTExMDZhZjJjODQyMjg0ZTQ5ODZhZmYiLCJ0eXAiOiJKV1QifQ.eyJpc3MiOiJodHRwczovL2FjY291bnRzLmdvb2dsZS5jb20iLCJhenAiOiIzMTExMTYzNjc2Mi1pM3ZlOGZhaXZjOWg2MWJ2dm5sYzc2a3Q5cGk4aDhudi5hcHBzLmdvb2dsZXVzZXJjb250ZW50LmNvbSIsImF1ZCI6IjMxMTExNjM2NzYyLWkzdmU4ZmFpdmM5aDYxYnZ2bmxjNzZrdDlwaThoOG52LmFwcHMuZ29vZ2xldXNlcmNvbnRlbnQuY29tIiwic3ViIjoiMTAyMzI3ODczODc4OTU3ODA1Nzk1IiwiZW1haWwiOiJiYXJiYXJraW5nY29jMUBnbWFpbC5jb20iLCJlbWFpbF92ZXJpZmllZCI6dHJ1ZSwiYXRfaGFzaCI6ImNjZWl3bWhIWklmZ01zWlRQMjg0ZHciLCJuYW1lIjoiTXVoYW1tYWQgQWxpZiIsInBpY3R1cmUiOiJodHRwczovL2xoMy5nb29nbGV1c2VyY29udGVudC5jb20vYS9BQ2c4b2NMSGd2Y3V4ak9uc2JZNXh4c3E4SlhmbExlS2NqbWZfTnVjWFlBVk1pRE1JNWM9czk2LWMiLCJnaXZlbl9uYW1lIjoiTXVoYW1tYWQiLCJmYW1pbHlfbmFtZSI6IkFsaWYiLCJsb2NhbGUiOiJpZCIsImlhdCI6MTcwMTc3Mzc1MiwiZXhwIjoxNzAxNzc3MzUyfQ.b1BqQ2pHKv5k-Xxv0QHWhD4kXAYo5Kt0muuTVF41VJXdx7SdZ4fCUsbHTWbWmiuHgsY_-7mLC7Twtb2eti35_Qioe81FMcpcrBCzoYhQw_XGm38wlAa4tb3y2wkdn8JW0Fjeo_rLsLCGFxzAtO96JsOg_Q88pvNon8NzN3TokOi61ZPpFDJ86XsXiFxkiB39bfe6B4uTBjk_WXswgeHUQVl349k04rdBuR-6zZTRjvS88-3_jqhorxpQ0GBTPlAG3SrecNOiR_hFq2eqasPr8UEty91D-NNyoe0nG8SB4KaKDBNwkk-Z1vERyxd_yKkHduwnySl4KpV71Tm6wRCxag	google	102327873878957805795	\N	https://www.googleapis.com/auth/userinfo.profile https://www.googleapis.com/auth/userinfo.email openid	\N	Bearer	oauth	user-clps85koa000008jn7gh87jrq
ya29.a0AfB_byAVnu7fA1tZW2oUdpWhreTnF6UhUTA67tsT_7XK6Gn7__hOVR8l3oSYCFSdywDkBpuFjEjC4Z2RHBQCwhRa26GMHJXO3H0VSRVQlQ7ptXxdURHcbUXwJgU5v00uxnhyyFQnJbhOer1LVogk0WipM3FsmGfZWcMgaCgYKAXESARESFQHGX2MiSEti6KNVkbf2DbcSvfEd5A0171	1701777448	eyJhbGciOiJSUzI1NiIsImtpZCI6ImU0YWRmYjQzNmI5ZTE5N2UyZTExMDZhZjJjODQyMjg0ZTQ5ODZhZmYiLCJ0eXAiOiJKV1QifQ.eyJpc3MiOiJodHRwczovL2FjY291bnRzLmdvb2dsZS5jb20iLCJhenAiOiIzMTExMTYzNjc2Mi1pM3ZlOGZhaXZjOWg2MWJ2dm5sYzc2a3Q5cGk4aDhudi5hcHBzLmdvb2dsZXVzZXJjb250ZW50LmNvbSIsImF1ZCI6IjMxMTExNjM2NzYyLWkzdmU4ZmFpdmM5aDYxYnZ2bmxjNzZrdDlwaThoOG52LmFwcHMuZ29vZ2xldXNlcmNvbnRlbnQuY29tIiwic3ViIjoiMTExNDcxMjAxNDU5NjQwOTE4NjE3IiwiZW1haWwiOiJzdXJ5YWVsaWRhbnRvQGdtYWlsLmNvbSIsImVtYWlsX3ZlcmlmaWVkIjp0cnVlLCJhdF9oYXNoIjoiUDR0b3F2UHVYUGt2QWtGbGc0SUJXUSIsIm5hbWUiOiJTdXJ5YSBFbHoiLCJwaWN0dXJlIjoiaHR0cHM6Ly9saDMuZ29vZ2xldXNlcmNvbnRlbnQuY29tL2EvQUNnOG9jTDhPa0NsOWZWRjRLSllvcUw5djlxSDBtVkRjeTBUQjZiZVh4RDUyZG93dkNJPXM5Ni1jIiwiZ2l2ZW5fbmFtZSI6IlN1cnlhIiwiZmFtaWx5X25hbWUiOiJFbHoiLCJsb2NhbGUiOiJlbiIsImlhdCI6MTcwMTc3Mzg0OSwiZXhwIjoxNzAxNzc3NDQ5fQ.TtO7iN5nQpN6wBzhQ64ZhU_V9t5cKIm4n6ktKs5qJX3sO5xWjD_oITnYnYZimg1o1VTRcKNhMQ5b34beVX7vy0tFCYTr1TgJDWAk3oJ8SyP6hWlF5O_YqEpk-11fqqlTaskoqpgUpPY8KQJz2U35VU_hfKr3xcA7q6ljJNidgVAOwx6ZldvsHhxaCpssMJF3rW6fylRwzIRFQEKoDbYXBbvxmPnkFQKdpjxOx3gcwbCyhS-ih0MNRGbhYPxhMWMSvbzaqr48whSdYkw4epYydDX2CGk5stqVKQdi-Kyjhh2TWneoVHM-1DqYuzqnzp38nMNhXUKC2f5FGDizorLi6Q	google	111471201459640918617	\N	https://www.googleapis.com/auth/userinfo.email https://www.googleapis.com/auth/userinfo.profile openid	\N	Bearer	oauth	user-clps87mis000008ky7d8zbwxp
ya29.a0AfB_byBQ5J1hAdiqhRctzQeRxSi5rDiLXwi9EbGHLkrsFI2SDOMRqqYNLXPY4CMncNG4SyVvq_gRg1GljpE_xCCER9OsEoovOOiYiWjq0aKXL3nqW_ViIOMH0eVLd1jwskHxHJUVJChqvKF15JrG5-7LakkBncV-mFF-aCgYKAZMSARASFQHGX2MiQsQOXDxjGAizlDT0q-qX0g0171	1701781447	eyJhbGciOiJSUzI1NiIsImtpZCI6ImU0YWRmYjQzNmI5ZTE5N2UyZTExMDZhZjJjODQyMjg0ZTQ5ODZhZmYiLCJ0eXAiOiJKV1QifQ.eyJpc3MiOiJodHRwczovL2FjY291bnRzLmdvb2dsZS5jb20iLCJhenAiOiIzMTExMTYzNjc2Mi1pM3ZlOGZhaXZjOWg2MWJ2dm5sYzc2a3Q5cGk4aDhudi5hcHBzLmdvb2dsZXVzZXJjb250ZW50LmNvbSIsImF1ZCI6IjMxMTExNjM2NzYyLWkzdmU4ZmFpdmM5aDYxYnZ2bmxjNzZrdDlwaThoOG52LmFwcHMuZ29vZ2xldXNlcmNvbnRlbnQuY29tIiwic3ViIjoiMTAyOTU3MjY1ODY5NzYxOTYzOTgyIiwiZW1haWwiOiJpbnNhbmtkMjBAZ21haWwuY29tIiwiZW1haWxfdmVyaWZpZWQiOnRydWUsImF0X2hhc2giOiJMUExjT19TTFVQQTFmSUpVUDZMWDJ3IiwibmFtZSI6Ik1VSEFNTUFEIElOU0FOIEtBTUlMIERBUk1BV0FOIiwicGljdHVyZSI6Imh0dHBzOi8vbGgzLmdvb2dsZXVzZXJjb250ZW50LmNvbS9hL0FDZzhvY0lkb2E3SHc0TmRQY2pOY1FTdEpmWjVTVHBORVowYTJzcWNiMXBvV01ZQz1zOTYtYyIsImdpdmVuX25hbWUiOiJNVUhBTU1BRCBJTlNBTiIsImZhbWlseV9uYW1lIjoiS0FNSUwgREFSTUFXQU4iLCJsb2NhbGUiOiJlbiIsImlhdCI6MTcwMTc3Nzg0OCwiZXhwIjoxNzAxNzgxNDQ4fQ.cTjBj1yPUMwws0bAaHwLtgixfOzLrTvpCzB4NVyQ6I7TxjdL04HYDCkmBPG2NO3r6LbI8QHqhrbGYCqAMf5i9SVo32Nk6E__CadabkByqdtsSyzTTUgtMXnz_5h4uGejOEupvsl8yzubJaxNineROjbg35W1bSwPaBlBLKYFeDAXwXtLU8D78sozI4rRhGDrCEtSidLWxB1oDGLmvep5XvBgtJRBiHC5ZwmXuqbjL7ytcqAoIwQoJS4pB95kRTvCLQv-Od91YKZwaH5eIXANPryFnzOi8p_5HE5PS73dvpNuTETR-gt-K9D5GGALkum3mnu2BgSAsr5I9iq7xuwGBQ	google	102957265869761963982	\N	openid https://www.googleapis.com/auth/userinfo.email https://www.googleapis.com/auth/userinfo.profile	\N	Bearer	oauth	user-clpsalcbj000008jq0u660gqr
ya29.a0AfB_byBmH-0mlcDRpRVo227FnZ8bsFG748TqIEZ8t4eTOqMFrHwTutmVZDAUOTrGNm4i4lNUPouaMjclY-LlAvVdJMycmCWRm4RhHgRUgpGaXv2C8eEjc5t73BOfVgqZu29QKOZxFjrqoPMtLN15mIKNWMreW5NHvb3paCgYKARESARMSFQHGX2MihzU92Fnn-K88LQUlsCretw0171	1701788983	eyJhbGciOiJSUzI1NiIsImtpZCI6ImU0YWRmYjQzNmI5ZTE5N2UyZTExMDZhZjJjODQyMjg0ZTQ5ODZhZmYiLCJ0eXAiOiJKV1QifQ.eyJpc3MiOiJodHRwczovL2FjY291bnRzLmdvb2dsZS5jb20iLCJhenAiOiIzMTExMTYzNjc2Mi1pM3ZlOGZhaXZjOWg2MWJ2dm5sYzc2a3Q5cGk4aDhudi5hcHBzLmdvb2dsZXVzZXJjb250ZW50LmNvbSIsImF1ZCI6IjMxMTExNjM2NzYyLWkzdmU4ZmFpdmM5aDYxYnZ2bmxjNzZrdDlwaThoOG52LmFwcHMuZ29vZ2xldXNlcmNvbnRlbnQuY29tIiwic3ViIjoiMTExNTE3NzkzNTk2MTA3MzUxMDg4IiwiZW1haWwiOiJhbmVoZXJwOUBnbWFpbC5jb20iLCJlbWFpbF92ZXJpZmllZCI6dHJ1ZSwiYXRfaGFzaCI6IkhvUGJtczJ4ajNsU2ZWQ2VUZi12TXciLCJuYW1lIjoiQWx2aXR0byBHdW1heSIsInBpY3R1cmUiOiJodHRwczovL2xoMy5nb29nbGV1c2VyY29udGVudC5jb20vYS9BQ2c4b2NLSjlFUEVnUEdLWE91SWM5SWNjdWQ5dEVqYlhoUTJwMFJqUHRxN2swdU5YS3M9czk2LWMiLCJnaXZlbl9uYW1lIjoiQWx2aXR0byIsImZhbWlseV9uYW1lIjoiR3VtYXkiLCJsb2NhbGUiOiJpZCIsImlhdCI6MTcwMTc4NTM4NCwiZXhwIjoxNzAxNzg4OTg0fQ.gQ9Qx_LKQwK85tTPqaIymGMCcjrxmcrNIrQFzTiBmulVHjPNekhRdO6mNz9Hi48CqjAmJMRxBlmyqpXVhrAax7voqZ27MEKE6yQamzcYnRh9w-Q3f6E2aemkUHbin7BfsQve3zFG23P3LDUfCV1rh-cbmyMgWRmwDQ0fTwA9RzMT7qpBF3SrmAebaB6UWSKEfOP3P3vcQIxLRKU7L9j0jI1pcjFTckc1U8KQ-S9gbrN6ceynO1Ap5ilwTt317Tr5csZK4UIl2JsT0LaeMEML0d4N-nOLB2M5VMQfILtzB0AdiC1uzYjk7qdCTZZpw2excv1B12Ec7JAc1GxMcTJVLA	google	111517793596107351088	\N	https://www.googleapis.com/auth/userinfo.profile openid https://www.googleapis.com/auth/userinfo.email	\N	Bearer	oauth	user-clpsf2wds000808l007m83hpx
ya29.a0AfB_byD7ZEBVLb9EYCCF1IFhyDGk1IbmSgAwC_JNJmpxyEIfW6vQf1tbYRZuqEny2EU2VEDwvVH7EtK7OzPj8kwxnFG4dttCb8cAY8ee7vlwDv4yBq2MGw6LKsOAj045rgZzmebYuNtR-FKQLFO0O-zqxM2R1NvquA7baCgYKAaMSARASFQHGX2Miy6GXSoKwk5bLvl8cF6KoqA0171	1701837098	eyJhbGciOiJSUzI1NiIsImtpZCI6ImU0YWRmYjQzNmI5ZTE5N2UyZTExMDZhZjJjODQyMjg0ZTQ5ODZhZmYiLCJ0eXAiOiJKV1QifQ.eyJpc3MiOiJodHRwczovL2FjY291bnRzLmdvb2dsZS5jb20iLCJhenAiOiIzMTExMTYzNjc2Mi1pM3ZlOGZhaXZjOWg2MWJ2dm5sYzc2a3Q5cGk4aDhudi5hcHBzLmdvb2dsZXVzZXJjb250ZW50LmNvbSIsImF1ZCI6IjMxMTExNjM2NzYyLWkzdmU4ZmFpdmM5aDYxYnZ2bmxjNzZrdDlwaThoOG52LmFwcHMuZ29vZ2xldXNlcmNvbnRlbnQuY29tIiwic3ViIjoiMTA4NzI3NDYwODE0MzY2OTI3MTE1IiwiZW1haWwiOiJsYWlzaG9vYjFAZ21haWwuY29tIiwiZW1haWxfdmVyaWZpZWQiOnRydWUsImF0X2hhc2giOiJ1TnZxb1FHQUxyeUE2Z3Uxbkt2TDdnIiwibmFtZSI6IkxhaXNwYW0gMSIsInBpY3R1cmUiOiJodHRwczovL2xoMy5nb29nbGV1c2VyY29udGVudC5jb20vYS9BQ2c4b2NMYmtmdjZJMlVCeWhoUHNFRi1kOTMwZUJ5a1g0Y3dkdDB4QTg4UjczSVA9czk2LWMiLCJnaXZlbl9uYW1lIjoiTGFpc3BhbSIsImZhbWlseV9uYW1lIjoiMSIsImxvY2FsZSI6ImlkIiwiaWF0IjoxNzAxODMzNDk5LCJleHAiOjE3MDE4MzcwOTl9.WED8pJOYdn9iSDaK_n1ZgFfGf_UWw9vB2ckomqrJcfkWbm0fYWzmnQXSKxJsNtZZikE-sgJjfc6DoVU-MvCli5qXQlMzo-OK7MT-FgZqHZp_LJcrj2OwMR9tYZJVUafc41jwdpk1lOb_hIVyItm02uwCLSro00DiIJcSEJoxv9dA6pi-7WcYHk34AQCWb2BoHGhC0vQfbRjfsjDcMSGCpRuIG26VMhvZ41KpI1WP9HWBrnaRVLSqoERoCx3ZgdTjH391m8mX5_S5iGmXVxRm_MvIx1s-ztQpaprys1cmSQw8-QxDN-Gzv9or_laMKq2I6UXdG4fkyfOH4NpHXM3SMA	google	108727460814366927115	\N	https://www.googleapis.com/auth/userinfo.email https://www.googleapis.com/auth/userinfo.profile openid	\N	Bearer	oauth	user-clpt7q4by000008la41k8biyk
ya29.a0AfB_byC4uW-3_tricYLwfY3hOs8BRainmBOHjJZglfpYOAi8iWTVjRxTimUnGpXrTfr6ArvfEDms1rLMRCnzMtHL2faApqxEtye_7z4IZkRs_7YRczz8clYaS6S0_lrNLP-Yc8-rWAvYO7OkhFJf0K2_AILCB_UJPTMfaCgYKAbkSARMSFQHGX2Mi9AsxvfNaQSod9WvEBrN47A0171	1701852998	eyJhbGciOiJSUzI1NiIsImtpZCI6ImU0YWRmYjQzNmI5ZTE5N2UyZTExMDZhZjJjODQyMjg0ZTQ5ODZhZmYiLCJ0eXAiOiJKV1QifQ.eyJpc3MiOiJodHRwczovL2FjY291bnRzLmdvb2dsZS5jb20iLCJhenAiOiIzMTExMTYzNjc2Mi1pM3ZlOGZhaXZjOWg2MWJ2dm5sYzc2a3Q5cGk4aDhudi5hcHBzLmdvb2dsZXVzZXJjb250ZW50LmNvbSIsImF1ZCI6IjMxMTExNjM2NzYyLWkzdmU4ZmFpdmM5aDYxYnZ2bmxjNzZrdDlwaThoOG52LmFwcHMuZ29vZ2xldXNlcmNvbnRlbnQuY29tIiwic3ViIjoiMTA4MDIzNTU4ODA4NzUyNDE3ODE3IiwiZW1haWwiOiJzaWxhYmFuY2ludGEwNUBnbWFpbC5jb20iLCJlbWFpbF92ZXJpZmllZCI6dHJ1ZSwiYXRfaGFzaCI6Ild4QzlfbjF1NEw5aUtsdGxySTVDTFEiLCJuYW1lIjoiY2ludGEgc2lsYWJhbiIsInBpY3R1cmUiOiJodHRwczovL2xoMy5nb29nbGV1c2VyY29udGVudC5jb20vYS9BQ2c4b2NKcWZ1dmo5YjRmZnJWVnM1TVY1dExaN1N2NUJGQmRvWkNsZDFMVjBaM0tVQlk9czk2LWMiLCJnaXZlbl9uYW1lIjoiY2ludGEiLCJmYW1pbHlfbmFtZSI6InNpbGFiYW4iLCJsb2NhbGUiOiJlbiIsImlhdCI6MTcwMTg0OTM5OSwiZXhwIjoxNzAxODUyOTk5fQ.DjrXETvVld1LzLpTO92ICkhQNkmOBXAmn9TEBnrCxbDgiYA4jEGb2O3U1H8hdX1xUyXolX5n66oOpL-5O5Cfvxlc93ixPsP4SfsrMRswc1tLcMt06tDV06ettzpWG-hrdek88F6g8imKJ_QPP7-WwZzdcRKY4aUNYMPrRPeLgWE8d1GKeqUOnYPFUVswgnwXABuobNhGAajojjveeEDoF_s7bpbrJilGfrvyZ4r4QNLs6JBqt0S5JPwTK6_TfZUR2nRmeHLWtidlVhN3Y8gKJCukxqJpZR-Dx3bc1AuwwnGHp1dticXIQuXIdhr4_xzBmLMroVqwhDQR--oMvHpK6A	google	108023558808752417817	\N	https://www.googleapis.com/auth/userinfo.profile openid https://www.googleapis.com/auth/userinfo.email	\N	Bearer	oauth	user-clpth6yj5000009jr5r7k35bn
ya29.a0AfB_byCJo4ZGdHs84u_0OaQtBvOcQYX7nI1zwP0fiCGMsABdNu6nrX2ikffLJ_gTuNNKUkVuuulR2vaa5unRbvz6jCFaq5UJ6Rw_39WBEcHXzwuwbEnBWzqyNAzQEZydv6PtNC1fqRp3WKHMnwRQXK24MrvdDJCRG1tJaCgYKARASARESFQHGX2MiaM5ZoMNA-IPnIoDCveAUCQ0171	1701859585	eyJhbGciOiJSUzI1NiIsImtpZCI6ImU0YWRmYjQzNmI5ZTE5N2UyZTExMDZhZjJjODQyMjg0ZTQ5ODZhZmYiLCJ0eXAiOiJKV1QifQ.eyJpc3MiOiJodHRwczovL2FjY291bnRzLmdvb2dsZS5jb20iLCJhenAiOiIzMTExMTYzNjc2Mi1pM3ZlOGZhaXZjOWg2MWJ2dm5sYzc2a3Q5cGk4aDhudi5hcHBzLmdvb2dsZXVzZXJjb250ZW50LmNvbSIsImF1ZCI6IjMxMTExNjM2NzYyLWkzdmU4ZmFpdmM5aDYxYnZ2bmxjNzZrdDlwaThoOG52LmFwcHMuZ29vZ2xldXNlcmNvbnRlbnQuY29tIiwic3ViIjoiMTAzMjAwMjgzNDkzNzk4MDczODA2IiwiZW1haWwiOiJ4eHo0NzM2NzNAZ21haWwuY29tIiwiZW1haWxfdmVyaWZpZWQiOnRydWUsImF0X2hhc2giOiJoT3YxYTY5R000UWlETGdJeFEycVBnIiwibmFtZSI6InhwZXJpYSBYejIiLCJwaWN0dXJlIjoiaHR0cHM6Ly9saDMuZ29vZ2xldXNlcmNvbnRlbnQuY29tL2EvQUNnOG9jSUxZSzJCd0NjLWdfQjh0azFiNGY3YmJ1aHNVWF9YbC1CU05sc0pIUkNOPXM5Ni1jIiwiZ2l2ZW5fbmFtZSI6InhwZXJpYSIsImZhbWlseV9uYW1lIjoiWHoyIiwibG9jYWxlIjoiaWQiLCJpYXQiOjE3MDE4NTU5ODYsImV4cCI6MTcwMTg1OTU4Nn0.bwUpPQqRfulZ3gHu8cuUmAj33T5wu73CL9eZs_r4OSWB1n2Qj3ho1BWV54k0nJj2ZOwHDy88Sm8H31vmzWakZkJA0b8LFMw6H5etZ9dlLCzZsDlt3zLhGaSfwuVwpe7_1B4A1ek33ciNmQ-9znFn5kPeqd4nkaBxcE5nYIjOeHQ7TuD904mcNTnKnNyaUm-iiigPKXIc4x_xspcZs4uyo1Ih9QFPepuyiagbQykm_pRQNXF-SGKMCTwVhZ8ZIL7qYOvp2oyV5PFe4y0dkjkKAmpw4hL6JuNY37L8AgyLz703K36KmACppCFuQsa48FxaeDrT7UarSy-zMwZCnADFXA	google	103200283493798073806	\N	https://www.googleapis.com/auth/userinfo.email https://www.googleapis.com/auth/userinfo.profile openid	\N	Bearer	oauth	user-clptl44ek000008jhdcln5awy
ya29.a0AfB_byBvsuimKq7FWnC_Kku2cnZS2BxavrL6FF9WtXCQ7DLDRnP3ASkf1e3hEyNTZEDhmkefHovS_6SLm3nBwDs3DjPIITFPbOe1zmxnafRilETPVBiMpxUsBk1tZ0uxUaN6WRlBAE8iUdTqpTsmp5JFYii2Zz-LnmTGaCgYKAQgSARMSFQHGX2MivazLu_VOMvPc7pvqcdOj6w0171	1701864346	eyJhbGciOiJSUzI1NiIsImtpZCI6ImU0YWRmYjQzNmI5ZTE5N2UyZTExMDZhZjJjODQyMjg0ZTQ5ODZhZmYiLCJ0eXAiOiJKV1QifQ.eyJpc3MiOiJodHRwczovL2FjY291bnRzLmdvb2dsZS5jb20iLCJhenAiOiIzMTExMTYzNjc2Mi1pM3ZlOGZhaXZjOWg2MWJ2dm5sYzc2a3Q5cGk4aDhudi5hcHBzLmdvb2dsZXVzZXJjb250ZW50LmNvbSIsImF1ZCI6IjMxMTExNjM2NzYyLWkzdmU4ZmFpdmM5aDYxYnZ2bmxjNzZrdDlwaThoOG52LmFwcHMuZ29vZ2xldXNlcmNvbnRlbnQuY29tIiwic3ViIjoiMTAxNDQ0NzcyOTQ3NDE2MTU3OTczIiwiZW1haWwiOiJqYXN0aW5saW5nZ2FyQGdtYWlsLmNvbSIsImVtYWlsX3ZlcmlmaWVkIjp0cnVlLCJhdF9oYXNoIjoiRXIwVV8yZE5weEppUUVDOFoyWnRQdyIsIm5hbWUiOiJKYXN0aW4gTFQiLCJwaWN0dXJlIjoiaHR0cHM6Ly9saDMuZ29vZ2xldXNlcmNvbnRlbnQuY29tL2EvQUNnOG9jTDV6TU5GSEYza3ZBaU9MNUtBLUtUNzlOZVNQeXBWNmFNTlo4ak1KX3hRZWowPXM5Ni1jIiwiZ2l2ZW5fbmFtZSI6Ikphc3RpbiIsImZhbWlseV9uYW1lIjoiTFQiLCJsb2NhbGUiOiJpZCIsImlhdCI6MTcwMTg2MDc0NywiZXhwIjoxNzAxODY0MzQ3fQ.cnAhorkeH3k0BBgIftf2HodI2p1GhZVHdgQRYtd4NDuR3G53woawpbr0WVwqQjbRkba6tYNxcTIVH9UyiosFWUF770BVaJOn-uVI6WTsxVZfapeWo08aKPg4KRsm0eXFEQLBiDHIP2ZxasWjBeYdUiSvNadyafWfTCjB7y68Ow9wBSlYF79BGwEhyKVvnWasLyVCBa9XdNPeGQY46W2DETT8kd7skz5MkmTc-NGBVyzF0mGG4UmaHi6_KckkKU5d062rAD8yLB3bIBF85ZuG_A85z20KhoTb6IuR0z2DdSkHcgOzBBiMMxHE8qokR0FtVvW7v4V-5B4o5ztswJH_lw	google	101444772947416157973	\N	https://www.googleapis.com/auth/userinfo.email openid https://www.googleapis.com/auth/userinfo.profile	\N	Bearer	oauth	user-clptny66d000008l55glq6pz7
ya29.a0AfB_byAS8UOGsfwtOB0Hj0ECqK16ZmcVGjgZVGJqnG94pn7bIxncV8YK4vkifJ-GWJpwRL0p05HJ40RD3FtEnCD_vg9Oq-4_JHx2SAM1hPNZUmqNTthVjtbKyW-TtjYeUUDrG85H3UhRL2fYsVZIEtnoMQelPBG-DhdIaCgYKAZ4SARISFQHGX2MiB1fMneLY4bZakdpKaaknZA0171	1701939119	eyJhbGciOiJSUzI1NiIsImtpZCI6ImU0YWRmYjQzNmI5ZTE5N2UyZTExMDZhZjJjODQyMjg0ZTQ5ODZhZmYiLCJ0eXAiOiJKV1QifQ.eyJpc3MiOiJodHRwczovL2FjY291bnRzLmdvb2dsZS5jb20iLCJhenAiOiIzMTExMTYzNjc2Mi1pM3ZlOGZhaXZjOWg2MWJ2dm5sYzc2a3Q5cGk4aDhudi5hcHBzLmdvb2dsZXVzZXJjb250ZW50LmNvbSIsImF1ZCI6IjMxMTExNjM2NzYyLWkzdmU4ZmFpdmM5aDYxYnZ2bmxjNzZrdDlwaThoOG52LmFwcHMuZ29vZ2xldXNlcmNvbnRlbnQuY29tIiwic3ViIjoiMTA3MDM4OTcxOTQzODkwMjU0NTI1IiwiZW1haWwiOiJ3YWtlYW5kYmVAZ21haWwuY29tIiwiZW1haWxfdmVyaWZpZWQiOnRydWUsImF0X2hhc2giOiJvc1JMclpXbmhDZlpKVG50dUp1RXJnIiwibmFtZSI6Ildha2UgYW5kIEJlIiwicGljdHVyZSI6Imh0dHBzOi8vbGgzLmdvb2dsZXVzZXJjb250ZW50LmNvbS9hL0FDZzhvY0tDTHd5VFVCOVNIcXNybUNGTEVqVUdoeWFTLXZvS0IzRjZxSjhMaVg5TT1zOTYtYyIsImdpdmVuX25hbWUiOiJXYWtlIGFuZCIsImZhbWlseV9uYW1lIjoiQmUiLCJsb2NhbGUiOiJpZCIsImlhdCI6MTcwMTkzNTUyMCwiZXhwIjoxNzAxOTM5MTIwfQ.aUSiyPjr6bz8crq8e1rvaKtGleyPzSqykHJqIEYcWmjVY62VkBfDSRmTJtogD8oyq4Tk7mECGJp_HccU4TpFVCHCu-SlpIUrkvH6syKOxIDg_jx0ou3_y75l6wwdCyA0NCLLLQ37y3mspZXHGx_qi-WOm0110wRI48qUgmZJOTruMkObVwEtnYs4BI14s_hFFjFAf031cJM3lsbAj9Fjh0g7b1iiyxalvnKnR5fuPoFNW61p2Zuz3UVLQEl6SrQ7v_CXvNIQx2ApmY2oUxAzi6nMx48_8oJ9wKsDxgBo_NHmSegwDtwrIx43ZvD-5elhwEbdAQI-X6eK3ICRl03UCg	google	107038971943890254525	\N	https://www.googleapis.com/auth/userinfo.email https://www.googleapis.com/auth/userinfo.profile openid	\N	Bearer	oauth	user-clpuwgy2x000008jr3a9rhono
ya29.a0AfB_byCzCFXIO6SwWJTvlyulJzwO3hsZeiHzdh3H-j7Nbp0P8qlI1RY-gz7Nl2W1Ii5E3EWhO_eIo7gk1W3kL1v4B4xwXNrEBmaY6byVBeC9BWZd3Nai0Dl8sCGsvO6hMpRuglVJCqoNeZiZI59pcU46mOYiGPq8w6CzaCgYKAccSARASFQHGX2Mia1Mb30NPQl6vzE_vfzBXrA0171	1701946454	eyJhbGciOiJSUzI1NiIsImtpZCI6ImU0YWRmYjQzNmI5ZTE5N2UyZTExMDZhZjJjODQyMjg0ZTQ5ODZhZmYiLCJ0eXAiOiJKV1QifQ.eyJpc3MiOiJodHRwczovL2FjY291bnRzLmdvb2dsZS5jb20iLCJhenAiOiIzMTExMTYzNjc2Mi1pM3ZlOGZhaXZjOWg2MWJ2dm5sYzc2a3Q5cGk4aDhudi5hcHBzLmdvb2dsZXVzZXJjb250ZW50LmNvbSIsImF1ZCI6IjMxMTExNjM2NzYyLWkzdmU4ZmFpdmM5aDYxYnZ2bmxjNzZrdDlwaThoOG52LmFwcHMuZ29vZ2xldXNlcmNvbnRlbnQuY29tIiwic3ViIjoiMTA1ODAyNzYwNTQ1MzYxNTU0OTYzIiwiZW1haWwiOiJraWtpYmFuZzA0QGdtYWlsLmNvbSIsImVtYWlsX3ZlcmlmaWVkIjp0cnVlLCJhdF9oYXNoIjoiMGNySmh2aFNQeVg4TGlvSy12c2JFUSIsIm5hbWUiOiJSaXpreSBFa2EgRmVyZGlhbnN5YWgiLCJwaWN0dXJlIjoiaHR0cHM6Ly9saDMuZ29vZ2xldXNlcmNvbnRlbnQuY29tL2EvQUNnOG9jSUZjTDJTTU1ucERmTlJpZVA0RzRBRXE4cURrSTNpZEpPNy1fNWRYZGk1UWxjPXM5Ni1jIiwiZ2l2ZW5fbmFtZSI6IlJpemt5IEVrYSIsImZhbWlseV9uYW1lIjoiRmVyZGlhbnN5YWgiLCJsb2NhbGUiOiJpZCIsImlhdCI6MTcwMTk0Mjg1NSwiZXhwIjoxNzAxOTQ2NDU1fQ.cHw0OhJ8davQ24u2v4aFtKHZN4Vuuy6xQ-PinWrCDKawGJjGVKi99FBgGgouexVOY0gLiafP2gZOy1fTiVy_wIT4RcKhit2hSBo5YdRty_EYR8oKeY6VUZUhBw-14o2uGTcbUCKti8UyJTtsuM3D5qsoyBUw0Jx_-LMr0VQh6mwZNlCvg6PqejSZ1FcJf_1cuc1nwSGyEK2X13sZXK0QnRK7StQmRisR6xSKL_xJtQMNYcoSwEQA5hj70nqqD6LFuJSNqJ3YIxMbGG0PZwXGuLU1cP4jsl6YIpF0LmfoJ3BY52HlfjeLYUhnInxNoGwLOBej-GYjHmxr8JpQ8z-a9Q	google	105802760545361554963	\N	https://www.googleapis.com/auth/userinfo.email https://www.googleapis.com/auth/userinfo.profile openid	\N	Bearer	oauth	user-clpv0u0yi000008ia6udm6ubk
ya29.a0AfB_byA3vVskLe2CAmxcjZFS_feR0-zzYHRYKgZxQfdjFykCHN1m75G6epRBHF5l7grNZPxOVVfX8IyDpcUwsvZE2f3M-YGBPvf5robtyZzQIITxBvGW-JLkjd-Gjbbw9juMvA0xWf01bM6eTKIWZn2sXfIYTooeD7I4aCgYKAVESARASFQHGX2MivGzuXD8cKx4IZ7sk5CuwIw0171	1702034507	eyJhbGciOiJSUzI1NiIsImtpZCI6ImU0YWRmYjQzNmI5ZTE5N2UyZTExMDZhZjJjODQyMjg0ZTQ5ODZhZmYiLCJ0eXAiOiJKV1QifQ.eyJpc3MiOiJodHRwczovL2FjY291bnRzLmdvb2dsZS5jb20iLCJhenAiOiIzMTExMTYzNjc2Mi1pM3ZlOGZhaXZjOWg2MWJ2dm5sYzc2a3Q5cGk4aDhudi5hcHBzLmdvb2dsZXVzZXJjb250ZW50LmNvbSIsImF1ZCI6IjMxMTExNjM2NzYyLWkzdmU4ZmFpdmM5aDYxYnZ2bmxjNzZrdDlwaThoOG52LmFwcHMuZ29vZ2xldXNlcmNvbnRlbnQuY29tIiwic3ViIjoiMTAwODY5NDYwNTE2MjMwNDMwMTA2IiwiZW1haWwiOiJ5dWxpYW50cmkuaWRAZ21haWwuY29tIiwiZW1haWxfdmVyaWZpZWQiOnRydWUsImF0X2hhc2giOiJFdVUxdlp0RjlaUzVCVHpkRGc0M3V3IiwibmFtZSI6Ill1bGlhbnRvIFRyaSIsInBpY3R1cmUiOiJodHRwczovL2xoMy5nb29nbGV1c2VyY29udGVudC5jb20vYS9BQ2c4b2NKbU52ZlNqX04tOFR5bEp5MWVsYVdFMkxFbWJKOG5PTXRteEtVNjBjcTg3UT1zOTYtYyIsImdpdmVuX25hbWUiOiJZdWxpYW50byIsImZhbWlseV9uYW1lIjoiVHJpIiwibG9jYWxlIjoiaWQiLCJpYXQiOjE3MDIwMzA5MDgsImV4cCI6MTcwMjAzNDUwOH0.ZiDJ6UAK-NHQiIUP9SsnqoWT1m9lOeMnAI6Dj-epY8_93aRBqptzy5OJjEEHdUh_0YXcdPH2i5OdB8sdT2xqhLnVa_fDP2YJm0QgelTr2usn6DopNOaClh4oQQMNfvSYXr63y_VzksQgUEK_XR2TslY1XA5VFnWL1UzSb7jE64Nh0Nqv6Zjmeo5t46UADxRj-E_OHcBgyUCwi9PcosXSA0xIge9qCkb1coQqw6YIMLM0AcJUg5TKLdL4lUjk4MM7oZmdQZmPRCK0AjT3jaU42xT7yV6Hp80y9BX_Z59zMEW3rnBF8z_Roe5bqAl67lsRlwiJzt0pk9t9vFIhsNKYRg	google	100869460516230430106	\N	https://www.googleapis.com/auth/userinfo.email https://www.googleapis.com/auth/userinfo.profile openid	\N	Bearer	oauth	user-clpwh9aig000508jz3w5wehjq
ya29.a0AfB_byDfRuIeS12KKUy5x1xoAeQshIH51JOMZSKKVt3WixlD5i7Fz9pgyBFyzzGMBj9JFuJOZhAyacbKjeCtjumqWhXYvpV5Mq9o_RyvMgA8S2BU1Xu0M8RJ-3j9TICy891MZDgAPaiGbgWBKM_p17RQ-zwoqXzLP1U_aCgYKAYISARASFQHGX2MidgDvUEnnPENOGnS6B1PrjA0171	1702384196	eyJhbGciOiJSUzI1NiIsImtpZCI6IjBhZDFmZWM3ODUwNGY0NDdiYWU2NWJjZjVhZmFlZGI2NWVlYzllODEiLCJ0eXAiOiJKV1QifQ.eyJpc3MiOiJodHRwczovL2FjY291bnRzLmdvb2dsZS5jb20iLCJhenAiOiIzMTExMTYzNjc2Mi1pM3ZlOGZhaXZjOWg2MWJ2dm5sYzc2a3Q5cGk4aDhudi5hcHBzLmdvb2dsZXVzZXJjb250ZW50LmNvbSIsImF1ZCI6IjMxMTExNjM2NzYyLWkzdmU4ZmFpdmM5aDYxYnZ2bmxjNzZrdDlwaThoOG52LmFwcHMuZ29vZ2xldXNlcmNvbnRlbnQuY29tIiwic3ViIjoiMTA0OTY5NzY2NjY1NTI2ODU2MTgzIiwiZW1haWwiOiJkYWRhbmdtYW1hbmc1MEBnbWFpbC5jb20iLCJlbWFpbF92ZXJpZmllZCI6dHJ1ZSwiYXRfaGFzaCI6IjVXaF84M1lhZ3puejN5TVhrUW1LS3ciLCJuYW1lIjoiRGFkYW5nIE1hbWFuIiwicGljdHVyZSI6Imh0dHBzOi8vbGgzLmdvb2dsZXVzZXJjb250ZW50LmNvbS9hL0FDZzhvY0pVV0lWOG1ZVDlvb3dsZXNFeVIyeEFUMU5Fa1NpdlR0VzAwVGlVUHBfaT1zOTYtYyIsImdpdmVuX25hbWUiOiJEYWRhbmciLCJmYW1pbHlfbmFtZSI6Ik1hbWFuIiwibG9jYWxlIjoiaWQiLCJpYXQiOjE3MDIzODA1OTcsImV4cCI6MTcwMjM4NDE5N30.HYrE4z6YnldcXeN19YoyLrfbSFOXKCQkxhph_cjHx6g2MloJ3B8R-xE-YTK_zCA7HavC7oyOrtA3-XsnT59Km59zS3oeXhEGUN6h4N0jYejYe2hlUYcEtUoRHyc-8RigT4tq6rJlP1lEdyNqmynmi2JTQVxllFXxTBbCfjLBhIRi5ioX0XI00zXWKmg5hLsMsHkuM4PIXhP4fKEbE_0Y4_qrrne5QECpUZ7SX5hgq6PvRvt8-NlOF55ISk1RXNLf383x9nlmhiMjfMnbSRfMOxkVUBjXzSySv0k-3j0Ey62fOhQIoFwXAwM3wp4X7XJRekTGRuhylmAf8ikgh659Qw	google	104969766665526856183	\N	https://www.googleapis.com/auth/userinfo.profile https://www.googleapis.com/auth/userinfo.email openid	\N	Bearer	oauth	user-clq29gi0f000008l53oaf5a4t
ya29.a0AfB_byAdnF4WGvlDpecF0Am5rC_9L562ZotUAD164vweR9e2-VhaD4pTWtvwlW4L6hldyvC1SEpy-iocKnGSVUpTqMKVXeArgIUUyYRc-UuL3ZCZHXvuqkVocdfv73vTSm6t89zb300jjVLPuif6Go-xDhsR-4Swj3GEaCgYKAf4SARASFQHGX2MiUnhIW9kqjoci39tvpqwC_w0171	1702384267	eyJhbGciOiJSUzI1NiIsImtpZCI6IjBhZDFmZWM3ODUwNGY0NDdiYWU2NWJjZjVhZmFlZGI2NWVlYzllODEiLCJ0eXAiOiJKV1QifQ.eyJpc3MiOiJodHRwczovL2FjY291bnRzLmdvb2dsZS5jb20iLCJhenAiOiIzMTExMTYzNjc2Mi1pM3ZlOGZhaXZjOWg2MWJ2dm5sYzc2a3Q5cGk4aDhudi5hcHBzLmdvb2dsZXVzZXJjb250ZW50LmNvbSIsImF1ZCI6IjMxMTExNjM2NzYyLWkzdmU4ZmFpdmM5aDYxYnZ2bmxjNzZrdDlwaThoOG52LmFwcHMuZ29vZ2xldXNlcmNvbnRlbnQuY29tIiwic3ViIjoiMTE0NzQ5MTIxODM1NDYxMTg5ODI5IiwiZW1haWwiOiJtYXJrcHVyYmE0QGdtYWlsLmNvbSIsImVtYWlsX3ZlcmlmaWVkIjp0cnVlLCJhdF9oYXNoIjoiZGFXbjVDUnlwMFAxbW13akxkX1F2ZyIsIm5hbWUiOiJNYXJrIFB1cmJhIiwicGljdHVyZSI6Imh0dHBzOi8vbGgzLmdvb2dsZXVzZXJjb250ZW50LmNvbS9hL0FDZzhvY0ktZFlOcUtiUzZkR2Y2ZklpNkxlSzRyNTc0elM2dFF1Wi11QzBqLWhnM3lNZz1zOTYtYyIsImdpdmVuX25hbWUiOiJNYXJrIiwiZmFtaWx5X25hbWUiOiJQdXJiYSIsImxvY2FsZSI6ImlkIiwiaWF0IjoxNzAyMzgwNjY4LCJleHAiOjE3MDIzODQyNjh9.VaN8sTtPOCSJqRYfpFX1uIFUAUzPxhbBnqRdMUXZheTPFz3sgmNlXSZUZE_adxTANN7RucIpQsFvz933bF65LcPNaa7Ea4yb2t8J9EL-0fyXWMYxmKax2g2BBwUJTmbOuQ1Imes-POKWhKYXDJuiC0FqHeKwDoOQSgjHtrBESEwThV73_7Np_KEgbMPF0rPioHz3CMeOE44CosdFeTmGQk-zdhjamv1LYNZ_IEnsgetdRBmOy-ZCcOTw8C7STmb-nnTAOm4bWtnuZyprbhIbEbz9gSe8U762RHkDBUYhpGPLJgc6IBMDktcjrvNVdy5Kl5zK6v4FpIV7ambb3r3gwQ	google	114749121835461189829	\N	https://www.googleapis.com/auth/userinfo.profile openid https://www.googleapis.com/auth/userinfo.email	\N	Bearer	oauth	user-clq29hukw000108l50g8q1zn4
ya29.a0AfB_byAAUnXzt_xisZYLs9f1mrx8v0sa3gichfukl0hhtnEgnx_mlopjJ20zr6JwKboBG9JJDQWwk8MO1CDkkMfTW_yYEEBdkhcrQ4n9B7UufWWcDgTPRF5eAV3oYRuNWwiFSMU9_wpAf5VEqIQkV6nMFY7K0aIvHXnBaCgYKAboSARISFQHGX2MiwtgNoS38b60R6z3NZ4EDuw0171	1702386895	eyJhbGciOiJSUzI1NiIsImtpZCI6IjBhZDFmZWM3ODUwNGY0NDdiYWU2NWJjZjVhZmFlZGI2NWVlYzllODEiLCJ0eXAiOiJKV1QifQ.eyJpc3MiOiJodHRwczovL2FjY291bnRzLmdvb2dsZS5jb20iLCJhenAiOiIzMTExMTYzNjc2Mi1pM3ZlOGZhaXZjOWg2MWJ2dm5sYzc2a3Q5cGk4aDhudi5hcHBzLmdvb2dsZXVzZXJjb250ZW50LmNvbSIsImF1ZCI6IjMxMTExNjM2NzYyLWkzdmU4ZmFpdmM5aDYxYnZ2bmxjNzZrdDlwaThoOG52LmFwcHMuZ29vZ2xldXNlcmNvbnRlbnQuY29tIiwic3ViIjoiMTA5OTk0NTcwNjI2MTE0MzYwMjA5IiwiZW1haWwiOiJqdHNhYWJpdGFoQGdtYWlsLmNvbSIsImVtYWlsX3ZlcmlmaWVkIjp0cnVlLCJhdF9oYXNoIjoieTdmMkhITVRkWEVwZ1ZZZmI0b2lMQSIsIm5hbWUiOiJqZXRlIHRzYWFiaXRhaCIsInBpY3R1cmUiOiJodHRwczovL2xoMy5nb29nbGV1c2VyY29udGVudC5jb20vYS9BQ2c4b2NJbWFqdmVkU1JjbWZaYzV1bHBHeHBGMkZtTGJCNzQwQ2VvandwNS1pSXE9czk2LWMiLCJnaXZlbl9uYW1lIjoiamV0ZSIsImZhbWlseV9uYW1lIjoidHNhYWJpdGFoIiwibG9jYWxlIjoiaWQiLCJpYXQiOjE3MDIzODMyOTYsImV4cCI6MTcwMjM4Njg5Nn0.itw8NVpDygfUoB4u3oJ1h6KYyNvlRAJSbTx_muxy9K61XCLpmphI03uZQsTWeO3gNVslhHfCoHPDEmIo_kEOOcH8Y6KmRHrsK9iw_15HeMFLBozGiC8rBlSTwzVuHZASkxUlepRZM4cfjTLhjIzz4U-5d8xRtm5q0AmGzo4zF33ABmSKMMvkZyohtJNtbn80RS7fir5XztonoDryfM5uT5vHkKLpXqEcc4cHfFynEADSEUYnwh-D0ynQp9LqlEthzilieH1XTTCgciGEHnG9qVRTpXPeVE-tvpnqUuCw1tx0Twc176DzAWkyngVB94YP0Bxg6Dz81zzxPnyNs5U4Dg	google	109994570626114360209	\N	https://www.googleapis.com/auth/userinfo.email https://www.googleapis.com/auth/userinfo.profile openid	\N	Bearer	oauth	user-clq2b27ye000008jqcb8h6wib
ya29.a0AfB_byABo7pLqoaghM1_lUX7ZhCjZTcugBrjCAMFm3-BQ0BE_pJ-SIIUQuYhDhMWKNsHfANZm0_CwZuM9vSruzG9ULWAwUwjn6ByrgMpPz0NDjZht9oPk2JJ4SPeY-_oAgz-ywR8L5cvOnsiJbR2fFUZB9J8YogV_rKQaCgYKARoSARESFQHGX2Miccx2dQi9lyBHiH8d9UJdOg0171	1702389021	eyJhbGciOiJSUzI1NiIsImtpZCI6IjBhZDFmZWM3ODUwNGY0NDdiYWU2NWJjZjVhZmFlZGI2NWVlYzllODEiLCJ0eXAiOiJKV1QifQ.eyJpc3MiOiJodHRwczovL2FjY291bnRzLmdvb2dsZS5jb20iLCJhenAiOiIzMTExMTYzNjc2Mi1pM3ZlOGZhaXZjOWg2MWJ2dm5sYzc2a3Q5cGk4aDhudi5hcHBzLmdvb2dsZXVzZXJjb250ZW50LmNvbSIsImF1ZCI6IjMxMTExNjM2NzYyLWkzdmU4ZmFpdmM5aDYxYnZ2bmxjNzZrdDlwaThoOG52LmFwcHMuZ29vZ2xldXNlcmNvbnRlbnQuY29tIiwic3ViIjoiMTAwNTk4MDI5OTA2NzczNzY1MzU5IiwiZW1haWwiOiJtYW5uYXdhc3NhbHdhNjIwQGdtYWlsLmNvbSIsImVtYWlsX3ZlcmlmaWVkIjp0cnVlLCJhdF9oYXNoIjoiaV9UNUllb25fQ3VDRFNZU3JrX0ZBQSIsIm5hbWUiOiJNYW5uYSB3YXNzYWx3YSIsInBpY3R1cmUiOiJodHRwczovL2xoMy5nb29nbGV1c2VyY29udGVudC5jb20vYS9BQ2c4b2NLclNwcUdTZzRteXIxNjRjWHpOcUl2QmNveURuZjNEWnRzMVQ3WEMtOGxjQUE9czk2LWMiLCJnaXZlbl9uYW1lIjoiTWFubmEiLCJmYW1pbHlfbmFtZSI6Indhc3NhbHdhIiwibG9jYWxlIjoiaWQiLCJpYXQiOjE3MDIzODU0MjIsImV4cCI6MTcwMjM4OTAyMn0.fsSJicc9FSrTnJqAY3ILraciAoFdILcnKC0xWP6JtyehCB464dg-epRQnOTdPedrgHafKgazlWdkB3zDcrRKudqt52rK1qDndt7xOKQ3K9DrLkihh3GW1Uz2CWsj8yZns2M_bxkHGx6MoJcVgOdl2sem91RDJ4SloqRVPx6U4vxmG-txIpzBm0NHsGnvAjNlhwKoNoAjUmczky08uG7SuQno1ziSo-_1CV4zaxq3yv9CeM18tNrm2Qowx8VsKCok3Q49uK2SVKNsSe1x9JMDL9EJccM8q6L8FIMLuzJNo15yoZ-O7ZPp5qLNMBIWbTw1JvPF4illP-xHRITAttml0w	google	100598029906773765359	\N	openid https://www.googleapis.com/auth/userinfo.email https://www.googleapis.com/auth/userinfo.profile	\N	Bearer	oauth	user-clq2cbrf3000108l69r498ylu
ya29.a0AfB_byBQhaZC9scJfbLCk8jZP6mX9Sf0YIH7PWYZCZaeFzVQCHfC7mXGm6hEx9vSL0hw-RGEVqeBEL1HlWVB7rcY80T-Wch0Ap_u4ardwo8zvst9412LCO6FUyhpf29dHzMgjnrAR4U2UjGqyIcqsBxE6jVa_ecTfKlgaCgYKARISARMSFQHGX2Mi82755ajDq9aE09GQ6ljx0A0171	1702516955	eyJhbGciOiJSUzI1NiIsImtpZCI6IjBhZDFmZWM3ODUwNGY0NDdiYWU2NWJjZjVhZmFlZGI2NWVlYzllODEiLCJ0eXAiOiJKV1QifQ.eyJpc3MiOiJodHRwczovL2FjY291bnRzLmdvb2dsZS5jb20iLCJhenAiOiIzMTExMTYzNjc2Mi1pM3ZlOGZhaXZjOWg2MWJ2dm5sYzc2a3Q5cGk4aDhudi5hcHBzLmdvb2dsZXVzZXJjb250ZW50LmNvbSIsImF1ZCI6IjMxMTExNjM2NzYyLWkzdmU4ZmFpdmM5aDYxYnZ2bmxjNzZrdDlwaThoOG52LmFwcHMuZ29vZ2xldXNlcmNvbnRlbnQuY29tIiwic3ViIjoiMTE1NTg3MjIzNjQ1MjI1Nzk0NTc4IiwiZW1haWwiOiJheml6MTNuYXVmYWxAZ21haWwuY29tIiwiZW1haWxfdmVyaWZpZWQiOnRydWUsImF0X2hhc2giOiJBaXl1ZGNRYjg2N2Z5YkFwQzdtUzlRIiwibmFtZSI6ImF6aXpuYXVmYWxsbCIsInBpY3R1cmUiOiJodHRwczovL2xoMy5nb29nbGV1c2VyY29udGVudC5jb20vYS9BQ2c4b2NMVUNyYmdSVks0Mk9odHJfZU5NcnBHWmNDVVQzNmcxMXJqeGU4SVBJVzdIcFFNPXM5Ni1jIiwiZ2l2ZW5fbmFtZSI6ImF6aXpuYXVmYWxsbCIsImxvY2FsZSI6ImlkIiwiaWF0IjoxNzAyNTEzMzU2LCJleHAiOjE3MDI1MTY5NTZ9.WiprBpoEDg2RqvIwFv_Q50V6lgSYJVmFUzUekLqLpoJWryLk2WRAvQvs_x5JuxmekjqrwpKfquVnB1gFPGXHufJBSNqXvaWfHuR9H7hz_NM9kcqvyuK-JBNB1a_kRdNuNleeIbT65yI5P7OqA1wohC_WUrK1P9fVWp1wsk1UFn36I5_BbrnBeX61qlV4cx222eYsrPMZndBrKLtUkTrI31Vg8QFTsHIWV0imvbMrjDtXL2RMB_SBZZXDK2qOgmYRsOA0KjosDFyqHkiZjCgy7Kn53srDd6fDn-dfOBszRAKOhveTjhsfd538RvLSdYOofBcID2bf4vy4IYcsJ8NvuQ	google	115587223645225794578	\N	https://www.googleapis.com/auth/userinfo.email https://www.googleapis.com/auth/userinfo.profile openid	\N	Bearer	oauth	user-clq4ghv7r000008jpbu7efm3t
ya29.a0AfB_byABmuKntrIBnAzMUGLSGx0ocYzOZGPfgvxvZR0j9qcLbVLFhspDsiMNFDuGhfSpjY6HyjOKc1IvdjJyfZsgll-xslIYWhE1F6HI6sCqv6pEq43RZamEcZulztYJgqbqq3JtxV2zAfqxIpGhICOKkS5j5bKoreMfaCgYKASUSARESFQHGX2MiCNkPb8BoqRrfu4TKu6F-eA0171	1702532890	eyJhbGciOiJSUzI1NiIsImtpZCI6IjBhZDFmZWM3ODUwNGY0NDdiYWU2NWJjZjVhZmFlZGI2NWVlYzllODEiLCJ0eXAiOiJKV1QifQ.eyJpc3MiOiJodHRwczovL2FjY291bnRzLmdvb2dsZS5jb20iLCJhenAiOiIzMTExMTYzNjc2Mi1pM3ZlOGZhaXZjOWg2MWJ2dm5sYzc2a3Q5cGk4aDhudi5hcHBzLmdvb2dsZXVzZXJjb250ZW50LmNvbSIsImF1ZCI6IjMxMTExNjM2NzYyLWkzdmU4ZmFpdmM5aDYxYnZ2bmxjNzZrdDlwaThoOG52LmFwcHMuZ29vZ2xldXNlcmNvbnRlbnQuY29tIiwic3ViIjoiMTAzOTMyMDI2NDI4MTY5MzExMzI3IiwiZW1haWwiOiJlY2Jhd2VhbmVkdUBnbWFpbC5jb20iLCJlbWFpbF92ZXJpZmllZCI6dHJ1ZSwiYXRfaGFzaCI6IlhjQ05Pb2tSd25qLXAxSzA0a0pwWUEiLCJuYW1lIjoiZWMgYmF3ZWFuZWR1IiwicGljdHVyZSI6Imh0dHBzOi8vbGgzLmdvb2dsZXVzZXJjb250ZW50LmNvbS9hL0FDZzhvY0xJcjROcDR4OWJNa2xWOXRtVjhFeVl4Tm1uUkIwMXJTT28zTEMzbmdlT1FBPXM5Ni1jIiwiZ2l2ZW5fbmFtZSI6ImVjIiwiZmFtaWx5X25hbWUiOiJiYXdlYW5lZHUiLCJsb2NhbGUiOiJpZCIsImlhdCI6MTcwMjUyOTI5MSwiZXhwIjoxNzAyNTMyODkxfQ.A1t0BIAyBy7d-LQbK55lu2-tVB2e_OAdC5rSIFo4ATdDY094adK5bPA1eA7kJibkNFgdwCwSuSL09N5aCoHQHRu9zr-MXJZp_HwDAeCG5EcGsgc_vOoqUgo6P26uUgDlY2wnG4j_eEpqi3j-TCpRwD4ipkabBnTy7M_uI4M4K8jkB5Rdo92tqY-z9_vOBkZWlc4EqTM5SNzz_lQ4VwxroJIQUiYcbd2OuVnn3YqVgfYqhG3XmpyXMaZ9AfGU5nRi8ijJBwd8ZClx9jDTy5PPWXBokzVuWtR79NgN1UwTOwjjuUJHBFQ1_8tgkPyg7s9_7RjMI7NkqP5IaOthKJ62nA	google	103932026428169311327	\N	https://www.googleapis.com/auth/userinfo.email openid https://www.googleapis.com/auth/userinfo.profile	\N	Bearer	oauth	user-clq4pzdzs000008jvaryuhyt0
ya29.a0AfB_byBfur-tSTnNXpX9I2uSplgmGh8oqAg3IBYHitDsEhk4q3HUwoSQlwqxdaiYPY4Xpef1f_uKG28o5fvRurVRqvJ-eerJiecRZsy6oI9p5QQnJkwdru9lf6H1SJxO-0HG49gqH-I3BWWhuZC_z1zEB4DyPgdGeRlfaCgYKAXcSARISFQHGX2Mixjy0IMB9glGoKUcPnhQ_CQ0171	1702543416	eyJhbGciOiJSUzI1NiIsImtpZCI6IjBhZDFmZWM3ODUwNGY0NDdiYWU2NWJjZjVhZmFlZGI2NWVlYzllODEiLCJ0eXAiOiJKV1QifQ.eyJpc3MiOiJodHRwczovL2FjY291bnRzLmdvb2dsZS5jb20iLCJhenAiOiIzMTExMTYzNjc2Mi1pM3ZlOGZhaXZjOWg2MWJ2dm5sYzc2a3Q5cGk4aDhudi5hcHBzLmdvb2dsZXVzZXJjb250ZW50LmNvbSIsImF1ZCI6IjMxMTExNjM2NzYyLWkzdmU4ZmFpdmM5aDYxYnZ2bmxjNzZrdDlwaThoOG52LmFwcHMuZ29vZ2xldXNlcmNvbnRlbnQuY29tIiwic3ViIjoiMTA0MTY4MjU3MzIwOTE3MDg2NDE3IiwiZW1haWwiOiJuYWRpeXlhbmZpcmRhdXNhMzFAZ21haWwuY29tIiwiZW1haWxfdmVyaWZpZWQiOnRydWUsImF0X2hhc2giOiJvbWd0UmpjVjdQWURieUhvTHNSUHVBIiwibmFtZSI6Ik5hZGl5eWFuIEZpcmRhdXNhIiwicGljdHVyZSI6Imh0dHBzOi8vbGgzLmdvb2dsZXVzZXJjb250ZW50LmNvbS9hL0FDZzhvY0lNengwTVUxejEzVWFxSERPR2h3d3MwWmJDOWlYSjVHZHp1aEcxWHA3Vk1nVT1zOTYtYyIsImdpdmVuX25hbWUiOiJOYWRpeXlhbiIsImZhbWlseV9uYW1lIjoiRmlyZGF1c2EiLCJsb2NhbGUiOiJpZCIsImlhdCI6MTcwMjUzOTgxNywiZXhwIjoxNzAyNTQzNDE3fQ.jTFao60_cVigaQTOEIYFunlto_BYJf2_1Btr5U5jUM_ZuUTgjtegWBbGBO2KPM95wHOq5y5kbR55dt8BzC4krY4fRDI_DqE2F8sxJpyl0QWNH5uBYf1poY1KUUH-lkT0s_sWxWgUzIN00E4Y1-4s6OKecGSxTtveMh0XWBkcUrcVo46yg1oRR-3rMAMDwcjU-b6J5wVFPL9KATD9yVoDx3WsnfXyqSG8ltaucqpjChzoZyonP7z2Y5ClpoU4fWca0JAtH_lPPHYeWobf3YmcmlQ2Nj-K9JH6pVB6uvsweLDZl3SQO-jNgq0DO8005lcjXXoalCI1GG3P8E-WECqeMg	google	104168257320917086417	\N	https://www.googleapis.com/auth/userinfo.email openid https://www.googleapis.com/auth/userinfo.profile	\N	Bearer	oauth	user-clq4w8zmr000208jr3unhghn9
ya29.a0AfB_byALq2mhxqy-rSwYfKZrP9IVkC51PjB45xaxuWQ7FuLPtSvoQh1aJSSBxJx3sW-c4DBReP6gLZzVEfL-7491-B8yUdg5ycgJNG937X2AZQsq8L8tCuRR_zrW4n43WBwWiZyjkcb93Y6duah3uD0tnl8QZqJf3u0ZaCgYKAVESARMSFQHGX2Miu4-geQ4agYEz9rU6X5QSvg0171	1702551242	eyJhbGciOiJSUzI1NiIsImtpZCI6IjBhZDFmZWM3ODUwNGY0NDdiYWU2NWJjZjVhZmFlZGI2NWVlYzllODEiLCJ0eXAiOiJKV1QifQ.eyJpc3MiOiJodHRwczovL2FjY291bnRzLmdvb2dsZS5jb20iLCJhenAiOiIzMTExMTYzNjc2Mi1pM3ZlOGZhaXZjOWg2MWJ2dm5sYzc2a3Q5cGk4aDhudi5hcHBzLmdvb2dsZXVzZXJjb250ZW50LmNvbSIsImF1ZCI6IjMxMTExNjM2NzYyLWkzdmU4ZmFpdmM5aDYxYnZ2bmxjNzZrdDlwaThoOG52LmFwcHMuZ29vZ2xldXNlcmNvbnRlbnQuY29tIiwic3ViIjoiMTA2MjU5OTI3MTU2NTM3MjExMTMyIiwiZW1haWwiOiJkZWhlcnlhbnRvY29ycEBnbWFpbC5jb20iLCJlbWFpbF92ZXJpZmllZCI6dHJ1ZSwiYXRfaGFzaCI6Imtva0k4X2pjX0o1MHo4TVA4OFMyVGciLCJuYW1lIjoiZGVkZSBoZXJ5YW50byIsInBpY3R1cmUiOiJodHRwczovL2xoMy5nb29nbGV1c2VyY29udGVudC5jb20vYS9BQ2c4b2NJSXM5VEdJVS1peGxleUxFQmFra2hQWGE4aTYzOHd2QjlocEFIWTBOS3g9czk2LWMiLCJnaXZlbl9uYW1lIjoiZGVkZSIsImZhbWlseV9uYW1lIjoiaGVyeWFudG8iLCJsb2NhbGUiOiJpZCIsImlhdCI6MTcwMjU0NzY0MywiZXhwIjoxNzAyNTUxMjQzfQ.Op2vEvqEsYtp8-edbRe51jNnohNwtB6VZ1M1_lY0HE635xuDbpfPM0tfxfKM8iLQvahrfgIOlwYFZbgTTusfgUx9FPHBbZPhFOoaOW8GQ3NIEWRAc9x4bBgDRF1Oe2tTxyGeWN8_R3S0Pib7JE3p8TAa_9Z7Dujt841QTCFzmchsVhSPz-3J6x5vv68irFRF7kIkZRGF1ilv2qvcbEQ5loluQcHW9fxhpXkpeZ8KWdJFSNN7laWx7VGvhGxCv6icvBuIUO-7K9fldy44qvDNJsHOezE5IboZJYXW86aUq0qMjXU4pgmsFLW5wffW7k0xHWNPI23KqCuZabSqWJiXXA	google	106259927156537211132	\N	openid https://www.googleapis.com/auth/userinfo.profile https://www.googleapis.com/auth/userinfo.email	\N	Bearer	oauth	user-clq50wr1d000408l4cvx31313
ya29.a0AfB_byAC5w8ctLAHQt05rVTFwNCNn60dhE51lPXmOfKWARKu7AWdYiGm6RdHyYTv004LexW4eP_MdTEzVQTWyGqR85MdDEgLmAZ3lDXKd1a_wGIl8y90izGc6CAJJeXVI4SL80vZj5CgWdsDKkGm2NVydC3RpUCjmV96aCgYKAbMSARASFQHGX2MiK0xBYv_upsxepb5D0FtUzg0171	1702576576	eyJhbGciOiJSUzI1NiIsImtpZCI6IjBhZDFmZWM3ODUwNGY0NDdiYWU2NWJjZjVhZmFlZGI2NWVlYzllODEiLCJ0eXAiOiJKV1QifQ.eyJpc3MiOiJodHRwczovL2FjY291bnRzLmdvb2dsZS5jb20iLCJhenAiOiIzMTExMTYzNjc2Mi1pM3ZlOGZhaXZjOWg2MWJ2dm5sYzc2a3Q5cGk4aDhudi5hcHBzLmdvb2dsZXVzZXJjb250ZW50LmNvbSIsImF1ZCI6IjMxMTExNjM2NzYyLWkzdmU4ZmFpdmM5aDYxYnZ2bmxjNzZrdDlwaThoOG52LmFwcHMuZ29vZ2xldXNlcmNvbnRlbnQuY29tIiwic3ViIjoiMTAxOTUwMTE1MDc0OTEwOTMxMzYzIiwiZW1haWwiOiJ0YW5qdW5nNzcyMEBnbWFpbC5jb20iLCJlbWFpbF92ZXJpZmllZCI6dHJ1ZSwiYXRfaGFzaCI6ImJIYWxKRWdUbl9yeURCWVJmbVRJeVEiLCJuYW1lIjoiQXJqdW5hIFRhbmp1bmciLCJwaWN0dXJlIjoiaHR0cHM6Ly9saDMuZ29vZ2xldXNlcmNvbnRlbnQuY29tL2EvQUNnOG9jS2FUV254QkVJZ1p5Y0RvTzYxTkFUekdmXzlhN2RNejR2S0JwV2xDWXVhdTEwPXM5Ni1jIiwiZ2l2ZW5fbmFtZSI6IkFyanVuYSIsImZhbWlseV9uYW1lIjoiVGFuanVuZyIsImxvY2FsZSI6ImlkIiwiaWF0IjoxNzAyNTcyOTc3LCJleHAiOjE3MDI1NzY1Nzd9.pYSruvhpaHYz1X3nq8WHE0x-RlkXhklZQS5pQtsPrIPnZmO4YdwhefA4sUBRtlVHiJMvJ-7TLkJL5aK3KtbaQO18g8cRpwfO5oW8ccWD3-ujmtp4bztC12qlTDGkiNQGhmC81AaNWFgDlgYPsIFdvBxP0g_aHdspQ7j5929U_nVX1PNavCm0pfbTdeSHwF37qLIUZALVhYTIwfEpkQgPrqHBHDSkPnqowE24FsduFE-sNncRAKLsgKmm_ozsZ99NDpZQ0WveSUrVKNAKT5bGW11ZEnbgTxeloEItTD5UyRA4hhskNBRabjgsQk7Rs0iNParPOa8sINce0joe77mDuQ	google	101950115074910931363	\N	https://www.googleapis.com/auth/userinfo.profile https://www.googleapis.com/auth/userinfo.email openid	\N	Bearer	oauth	user-clq5fzqv2000008jlce3jcuxu
ya29.a0AfB_byBSXhQVaAyIw9mVJFHG1DwVaxGUHU6kRBhKrqgSqGGDm1fH5ggKRD44Nhg78nGNvYMa7mWvEEXK64DJwAvX_H27UL9Scge1xAXdF05RhDMrc7O44zTDs8BHw8Vk3sK0fHOB9mrLaCy9bZ8M1VU3o34USCCApWW3aCgYKAR8SARISFQHGX2Mi7BI2Fn1v1mC3Y1D3b86NiA0171	1702617669	eyJhbGciOiJSUzI1NiIsImtpZCI6IjBhZDFmZWM3ODUwNGY0NDdiYWU2NWJjZjVhZmFlZGI2NWVlYzllODEiLCJ0eXAiOiJKV1QifQ.eyJpc3MiOiJodHRwczovL2FjY291bnRzLmdvb2dsZS5jb20iLCJhenAiOiIzMTExMTYzNjc2Mi1pM3ZlOGZhaXZjOWg2MWJ2dm5sYzc2a3Q5cGk4aDhudi5hcHBzLmdvb2dsZXVzZXJjb250ZW50LmNvbSIsImF1ZCI6IjMxMTExNjM2NzYyLWkzdmU4ZmFpdmM5aDYxYnZ2bmxjNzZrdDlwaThoOG52LmFwcHMuZ29vZ2xldXNlcmNvbnRlbnQuY29tIiwic3ViIjoiMTA5MzYxNDU5ODE0NDc3Mzk2MjkzIiwiZW1haWwiOiJhZGljczYzMUBnbWFpbC5jb20iLCJlbWFpbF92ZXJpZmllZCI6dHJ1ZSwiYXRfaGFzaCI6InpJVkppXzd2dFlWMzRQNUNpUmkxSVEiLCJuYW1lIjoiQWRpIiwicGljdHVyZSI6Imh0dHBzOi8vbGgzLmdvb2dsZXVzZXJjb250ZW50LmNvbS9hL0FDZzhvY0lDWFhiMGRfemNwenAxMThmNGU4X3pzOGlrR1U2bFB0X0VmS3ExWGRLQUktWT1zOTYtYyIsImdpdmVuX25hbWUiOiJBZGkiLCJsb2NhbGUiOiJpZCIsImlhdCI6MTcwMjYxNDA3MCwiZXhwIjoxNzAyNjE3NjcwfQ.AMveXrbUv7iI4qLj5Wc2Bsft3rNZ90-qPPxY58oVEvqz_rech1Kg0kuhZLc2RzE0OXCCM4fGpOtO6iIyHe3SLQWytz7l-3-JAKei5R1QmaaDI24kDs8Ezd0Ai3yFepgy55n4ejqL05icCQeesh4raEOpKKYNviXxnGgQFwzIpsA4lRJsORuwHPlRl1sUTA-BQ3FhE1TZiEYiMGhrbQIdfokcPOueF67If3JJKbV4YKzEq3ISge9tBMXBmQAx0sK9Khi8jHrVP0vcd3AL3hZCONMg4OhEPuJsbuMTz3h5es_1yQFQvjYi_mpA4Kzh9zA7C-QZzRIY1N19oJaj2SrouQ	google	109361459814477396293	\N	https://www.googleapis.com/auth/userinfo.profile https://www.googleapis.com/auth/userinfo.email openid	\N	Bearer	oauth	user-clq64ggp6000008jn9y83237q
ya29.a0AfB_byAUO9unHCjpukEMXdye6K5vcg4GyM_-bDVgbaZPSCrIfdG4qnwYPg-WRId2c7wFUuQT8qZFqz4pbCgDWV50-Hu5pBpsf7Yh7NL2xmTeeWPjp7p4ggN1Hq8njEgDPJiB4Sxg2GoS5aQ33qpNQTlEWk5G_slOkG5YaCgYKASISARISFQHGX2MigACJz-eAh1ylYQ5OMmyJ-g0171	1702621235	eyJhbGciOiJSUzI1NiIsImtpZCI6IjBhZDFmZWM3ODUwNGY0NDdiYWU2NWJjZjVhZmFlZGI2NWVlYzllODEiLCJ0eXAiOiJKV1QifQ.eyJpc3MiOiJodHRwczovL2FjY291bnRzLmdvb2dsZS5jb20iLCJhenAiOiIzMTExMTYzNjc2Mi1pM3ZlOGZhaXZjOWg2MWJ2dm5sYzc2a3Q5cGk4aDhudi5hcHBzLmdvb2dsZXVzZXJjb250ZW50LmNvbSIsImF1ZCI6IjMxMTExNjM2NzYyLWkzdmU4ZmFpdmM5aDYxYnZ2bmxjNzZrdDlwaThoOG52LmFwcHMuZ29vZ2xldXNlcmNvbnRlbnQuY29tIiwic3ViIjoiMTEzOTMxMjU4NzI3MjY3MzU5Mjk3IiwiZW1haWwiOiJtYWJhbWFzaWhwZW11bGF0ZWFtQGdtYWlsLmNvbSIsImVtYWlsX3ZlcmlmaWVkIjp0cnVlLCJhdF9oYXNoIjoic3hvRjNhOUxDU2tPWVZPckN6dzgydyIsIm5hbWUiOiJNQUJBIE1BU0lIIFBFTVVMQSBURUFNIiwicGljdHVyZSI6Imh0dHBzOi8vbGgzLmdvb2dsZXVzZXJjb250ZW50LmNvbS9hL0FDZzhvY0tvVVNSTldLLXF2R184c1ZIRF9pTk9Dbkd6dWpyT2wwZFBKRFdUcjFnZj1zOTYtYyIsImdpdmVuX25hbWUiOiJNQUJBIE1BU0lIIFBFTVVMQSBURUFNIiwibG9jYWxlIjoiaWQiLCJpYXQiOjE3MDI2MTc2MzYsImV4cCI6MTcwMjYyMTIzNn0.dcss8wQ9oPeAxqoNHHdShi3EyiO_11J7X4jKt-A87AA91igKsXWwqH1HJqmNX_zdGp3v7EA19YwTwghNPBNJJ8cwQvvO-WGd51oi6WyKwgtEojt1EKv_Mw0_5QzHQOq7ep5XTf4Ak3fpAJUvEVNsz7YSQ2-tUSEb-8i2p9jw1b-j6xEL3MsV-PPIU0x4F7PP6q4bnR7Etlh7E5VZlR1P6iqU3p0SnnqDuB0NTMO66nn0wic_J3AFSxekxaQPoYlDE0thlJs0h-V81JxztCFqMk7zW2mGp3TuKfRtZee94IHzt_6JcxLR1p5H7SMpeedFonZloeAPIJNqn0zrFvIi3A	google	113931258727267359297	\N	https://www.googleapis.com/auth/userinfo.profile openid https://www.googleapis.com/auth/userinfo.email	\N	Bearer	oauth	user-clq66kxd2000008js98hyf8vs
ya29.a0AfB_byDYYlvL_eaAwayGswKJsYsT3Jk8teBwmSg3bWEMbaEoOUgIhh7gLv2hFYfYuYefB0ruMYm9FWrdM99U0wWNmQs4XscbKv2flyCsb34EKJA2aDw8U8pNtK7T13KozxZN-A_clYoiDEBHA-PuZrbY6cBxPBEil5oqaCgYKAdQSARASFQHGX2MiI1k6wufKOfhr7lJrL-0J0w0171	1702834398	eyJhbGciOiJSUzI1NiIsImtpZCI6IjBhZDFmZWM3ODUwNGY0NDdiYWU2NWJjZjVhZmFlZGI2NWVlYzllODEiLCJ0eXAiOiJKV1QifQ.eyJpc3MiOiJodHRwczovL2FjY291bnRzLmdvb2dsZS5jb20iLCJhenAiOiIzMTExMTYzNjc2Mi1pM3ZlOGZhaXZjOWg2MWJ2dm5sYzc2a3Q5cGk4aDhudi5hcHBzLmdvb2dsZXVzZXJjb250ZW50LmNvbSIsImF1ZCI6IjMxMTExNjM2NzYyLWkzdmU4ZmFpdmM5aDYxYnZ2bmxjNzZrdDlwaThoOG52LmFwcHMuZ29vZ2xldXNlcmNvbnRlbnQuY29tIiwic3ViIjoiMTA0Nzc2NjE2MDg3Nzk4NTAwODkyIiwiZW1haWwiOiJtZWphaGlqYXU2NEBnbWFpbC5jb20iLCJlbWFpbF92ZXJpZmllZCI6dHJ1ZSwiYXRfaGFzaCI6IkpWbjdHNVlCd0hGMW5UN2pza1FsdEEiLCJuYW1lIjoiT2tpIDEiLCJwaWN0dXJlIjoiaHR0cHM6Ly9saDMuZ29vZ2xldXNlcmNvbnRlbnQuY29tL2EvQUNnOG9jSnd6XzJyX0ZnekZkUTN5T2cta1VGdVlEeldBdzc2enJ0VFBzR18xLWg3PXM5Ni1jIiwiZ2l2ZW5fbmFtZSI6Ik9raSIsImZhbWlseV9uYW1lIjoiMSIsImxvY2FsZSI6ImVuIiwiaWF0IjoxNzAyODMwNzk5LCJleHAiOjE3MDI4MzQzOTl9.FWlr28erV2O_p8c7ALoSIj9QFggaokyKF8SdxY6lx8jnqu70NB0oc5_G6Pu3iW9mv4eAQJnpisXpcOJfdvOrWmoEC3yVHLzpL0dPG7OXbbHsJD8xeZ3kUesGKXU_zDoym2C7qQL2d2zyRNmn7IWQ6KXyR0i9LzEtT6VZgRxTspJiVT4YGoqsvHxdKRRE0N8jzUOkLFTrvbt9KRoHWJfoPIvMNRv-uXku0Jt9DI5zbVToqMuI2mZDgSQWVjKVXWRsdPsCUKEwMJMaxDdyt6dY6FSqQXCENWrj339NlbnXvuD3orfVU1Tadoj0fCm0BNTeaUFV3Uw8cpiwGp52cvWcsg	google	104776616087798500892	\N	https://www.googleapis.com/auth/userinfo.profile openid https://www.googleapis.com/auth/userinfo.email	\N	Bearer	oauth	user-clq9phpss000008l5ghrrfnm8
ya29.a0AfB_byD09I0iT_WZdGG3O24DuPuv0JFs8C6ppgzk_an7qwXyFtS3383PrHUJRjXQi2ZrqGWLMPWDHJRrBr_jy0DLminC5jIQ2t_Jpa_DiCbqeByKacLF3gRqCW0SMwYmldrcLy9FTOY4owdLqdh1jp2N_AzbwDCUmYWeaCgYKAc0SARISFQHGX2MiZ7akIV7Tx0Pv4xZkAp0laA0171	1702950946	eyJhbGciOiJSUzI1NiIsImtpZCI6IjliMDI4NWMzMWJmZDhiMDQwZTAzMTU3YjE5YzRlOTYwYmRjMTBjNmYiLCJ0eXAiOiJKV1QifQ.eyJpc3MiOiJodHRwczovL2FjY291bnRzLmdvb2dsZS5jb20iLCJhenAiOiIzMTExMTYzNjc2Mi1pM3ZlOGZhaXZjOWg2MWJ2dm5sYzc2a3Q5cGk4aDhudi5hcHBzLmdvb2dsZXVzZXJjb250ZW50LmNvbSIsImF1ZCI6IjMxMTExNjM2NzYyLWkzdmU4ZmFpdmM5aDYxYnZ2bmxjNzZrdDlwaThoOG52LmFwcHMuZ29vZ2xldXNlcmNvbnRlbnQuY29tIiwic3ViIjoiMTA3ODk2Njc0NjkyMTU0MDM5OTE3IiwiZW1haWwiOiJzc2FoaXJhMjMzQGdtYWlsLmNvbSIsImVtYWlsX3ZlcmlmaWVkIjp0cnVlLCJhdF9oYXNoIjoic2EwdnJQT3BCa3I4X1VvSll0WVI0USIsIm5hbWUiOiJTYWhpcmEgU2FsbWEiLCJwaWN0dXJlIjoiaHR0cHM6Ly9saDMuZ29vZ2xldXNlcmNvbnRlbnQuY29tL2EvQUNnOG9jTERDdEdmLVJUT3Jhc0Q5RWZLcEpKSVNOYjdFVXlVWVo3a1B6TVo4alBoWlE9czk2LWMiLCJnaXZlbl9uYW1lIjoiU2FoaXJhIiwiZmFtaWx5X25hbWUiOiJTYWxtYSIsImxvY2FsZSI6ImlkIiwiaWF0IjoxNzAyOTQ3MzQ3LCJleHAiOjE3MDI5NTA5NDd9.FrN0Wim7B_5YGisbgJRwI6Yh_8aKy5oPjMXB8FfKyq6Q8SixK0LGjFTIGNHe2Pkf_MU13eRWUc4n3BrhJP9S-NhNAfLtggy-MAg-Vu8SjMDfeRTdHri2C2i0BJaIVyFp1nL9S2o3TEW1VrK1-OJXW4hN8T0PbnXzOLp-u8ngzpggKJv9iEp8Hyq_WhXJszW2uObyt2j-F0ardMKXKVD3Y9Vbocvxf-9sFgXYHZyozksi6F8wvX7QiLk8cq4StYpLGBFNL-7QysLbLHxssYRMFWKLWPAO18hfI2RngUpSkSBxIFY-NIzzwWkPOHmbwlMQLrrGCa9rCde5_Sqge_giQg	google	107896674692154039917	\N	https://www.googleapis.com/auth/userinfo.email https://www.googleapis.com/auth/userinfo.profile openid	\N	Bearer	oauth	user-clqbmvsop000008l704gz84w3
ya29.a0AfB_byC8I13hdVMunP5ldt25J8jl45PcdS1frekPc0PcM6c7BirGojJgbp0Mr15FJVInVpIzw6oTu-8fqNexYPweiPk1gRArKhwbiiIlMS48u4E4sxWoyP6f0uvhZZrHqo1y9HRZxO2ea-u9e0k1-3BXh2u1GD_cbw1SaCgYKAcoSARMSFQHGX2Min0O_stS_f_ASWRgJePsCxw0171	1703000944	eyJhbGciOiJSUzI1NiIsImtpZCI6IjliMDI4NWMzMWJmZDhiMDQwZTAzMTU3YjE5YzRlOTYwYmRjMTBjNmYiLCJ0eXAiOiJKV1QifQ.eyJpc3MiOiJodHRwczovL2FjY291bnRzLmdvb2dsZS5jb20iLCJhenAiOiIzMTExMTYzNjc2Mi1pM3ZlOGZhaXZjOWg2MWJ2dm5sYzc2a3Q5cGk4aDhudi5hcHBzLmdvb2dsZXVzZXJjb250ZW50LmNvbSIsImF1ZCI6IjMxMTExNjM2NzYyLWkzdmU4ZmFpdmM5aDYxYnZ2bmxjNzZrdDlwaThoOG52LmFwcHMuZ29vZ2xldXNlcmNvbnRlbnQuY29tIiwic3ViIjoiMTA0NzE4OTUzNzIzNjU4NDk5ODQ3IiwiZW1haWwiOiJpbnN5YWFsbGFoYmFoYWdpYS42NjZAZ21haWwuY29tIiwiZW1haWxfdmVyaWZpZWQiOnRydWUsImF0X2hhc2giOiJ4dzBHdkoxZWtlb1g4aF9Ycy1SbkRBIiwibmFtZSI6Ik0uIEloc2FuIFJpemFsZGkiLCJwaWN0dXJlIjoiaHR0cHM6Ly9saDMuZ29vZ2xldXNlcmNvbnRlbnQuY29tL2EvQUNnOG9jSmRzTW9veGdrOS1TbFp4aXh1Umtja1ZNX18wN0dQVExYRDJUckF2UmFjVVE9czk2LWMiLCJnaXZlbl9uYW1lIjoiTS4gSWhzYW4iLCJmYW1pbHlfbmFtZSI6IlJpemFsZGkiLCJsb2NhbGUiOiJpZCIsImlhdCI6MTcwMjk5NzM0NSwiZXhwIjoxNzAzMDAwOTQ1fQ.lhN0MNPtDEk1VlZXeAscR2TaxilPXq0qMEzxNNGcK6tdC2C-RS3c0BQHBM-Z4pVVdMgJrSwO6Cdwk_mQjacdviS6xvCIk6coHheVC_IoZPHabdsn9aN-AfkJxhmuSHKkCDla6q-hn-jymQu01voBlZ4QObTlCEC6fqE4PcDgLNw0CLrqy4ujVOwbROv0w9-ARDva0ynhvyW7AX2b-tF1MkoRRUIBHC7Zsbn0UKM5v-rSh2pejz1qIOQzqUK8AlhfAYzkwUMhCmmawy5lrAFckbujaGRXQKIhvVYLKPCCVRixVjU0FDlvmKeREWkJSgA-kb7_rM1m5Dzd-JZ-ZRGbMw	google	104718953723658499847	\N	https://www.googleapis.com/auth/userinfo.profile https://www.googleapis.com/auth/userinfo.email openid	\N	Bearer	oauth	user-clqcgndbz000009l14t160hoj
ya29.a0AfB_byCEf1KJ0lywXrwuIFskQAxYIgVf5mZQ6O4sRRZk5zvDfusQMHRp49TGr-IG60drp9q7ljuop3yD1W8fVCb70BIXAJ13stPLFlvy8U2NnV9mgu977X8h_oriXK7_a4Fm8Zj1p3loedGEz56nrJ16KOrY0FqMzvd4aCgYKAa4SAQ4SFQHGX2Miq4jJUtiG8_8PIa5D9hi1og0171	1703064191	eyJhbGciOiJSUzI1NiIsImtpZCI6IjliMDI4NWMzMWJmZDhiMDQwZTAzMTU3YjE5YzRlOTYwYmRjMTBjNmYiLCJ0eXAiOiJKV1QifQ.eyJpc3MiOiJodHRwczovL2FjY291bnRzLmdvb2dsZS5jb20iLCJhenAiOiIzMTExMTYzNjc2Mi1pM3ZlOGZhaXZjOWg2MWJ2dm5sYzc2a3Q5cGk4aDhudi5hcHBzLmdvb2dsZXVzZXJjb250ZW50LmNvbSIsImF1ZCI6IjMxMTExNjM2NzYyLWkzdmU4ZmFpdmM5aDYxYnZ2bmxjNzZrdDlwaThoOG52LmFwcHMuZ29vZ2xldXNlcmNvbnRlbnQuY29tIiwic3ViIjoiMTEyMjI1NjgzODk2NjYxMjA4NzA1IiwiZW1haWwiOiJsZXRzZ29zdHVkeTA4QGdtYWlsLmNvbSIsImVtYWlsX3ZlcmlmaWVkIjp0cnVlLCJhdF9oYXNoIjoiaFV3UWFCX09NcWlzSjdwR0FUVTh4dyIsIm5hbWUiOiJMZXQncyBnbyBTdHVkeSIsInBpY3R1cmUiOiJodHRwczovL2xoMy5nb29nbGV1c2VyY29udGVudC5jb20vYS9BQ2c4b2NLYkJrUl9HQlYtYk9Rd2J3aFhHSnhrZkdlQzZSNFdlMVowdm1BbUVCdEI9czk2LWMiLCJnaXZlbl9uYW1lIjoiTGV0J3MgZ28iLCJmYW1pbHlfbmFtZSI6IlN0dWR5IiwibG9jYWxlIjoiaWQiLCJpYXQiOjE3MDMwNjA1OTIsImV4cCI6MTcwMzA2NDE5Mn0.XXy3Veo1UjtJ6966aVvIKZoHc6LKm6u4lQuFXLEyzzvu1wuqoN2jGpWLjcM967QwOUNFJCUjohOg4l62eSGqYhuE-bM4NfaRDLnS3a2KDmf7WO8My7PInmnE2U0KpfyldG4Ty603nxtgB6neiGHydG7-OaxpyotFUZu3eO3UwkrvIFzxDWnB4TEIKLNGojKIdw-dHzCGHoIXgirdxVXhKnoIT0tJYEj_HuzYITVoSl1Jv384Cq8tqiknme-qHrzvrvYiWTCWXOqp1wsGiMIr7qV25WxmKgFkrtXHS8g7IMsH22xX0BURdjC-MyO6XdICxc5qr55iDyrNTDytPQVj_A	google	112225683896661208705	\N	https://www.googleapis.com/auth/userinfo.profile openid https://www.googleapis.com/auth/userinfo.email	\N	Bearer	oauth	user-clqdiazbj000007jnbdmeejir
ya29.a0AfB_byB6b59xFFQRvMiQsCeJs58ahYWv-nkIFOpYuEAr53hs2Be1fK813rlCuSCxhc8rQFu33ElUSNPxZsDsNeZsvRMJK6oZLkZfPXlX0G-LoR-q0qLe0-utoOskAH4GbmnIWt89lfufCk1HekHsTnk3idSEgyeEKuyeaCgYKAfoSARASFQHGX2MiQSKvRVr7ndl117KnnVnEUw0171	1703064203	eyJhbGciOiJSUzI1NiIsImtpZCI6IjliMDI4NWMzMWJmZDhiMDQwZTAzMTU3YjE5YzRlOTYwYmRjMTBjNmYiLCJ0eXAiOiJKV1QifQ.eyJpc3MiOiJodHRwczovL2FjY291bnRzLmdvb2dsZS5jb20iLCJhenAiOiIzMTExMTYzNjc2Mi1pM3ZlOGZhaXZjOWg2MWJ2dm5sYzc2a3Q5cGk4aDhudi5hcHBzLmdvb2dsZXVzZXJjb250ZW50LmNvbSIsImF1ZCI6IjMxMTExNjM2NzYyLWkzdmU4ZmFpdmM5aDYxYnZ2bmxjNzZrdDlwaThoOG52LmFwcHMuZ29vZ2xldXNlcmNvbnRlbnQuY29tIiwic3ViIjoiMTE0NjQ2MDgwNDYwMTcyNTgzNDM5IiwiZW1haWwiOiJzaWFwYWthdGEyMjFAZ21haWwuY29tIiwiZW1haWxfdmVyaWZpZWQiOnRydWUsImF0X2hhc2giOiJZcUNWZVVlc2R1czZtMVg1WWFWSENRIiwibmFtZSI6IkthdGEgU2lhcGEiLCJwaWN0dXJlIjoiaHR0cHM6Ly9saDMuZ29vZ2xldXNlcmNvbnRlbnQuY29tL2EvQUNnOG9jSjNUMUtwSEdpRE8wdHdzeXIwRzA3SVlOQWlzWG1saUlvZWhPNkw3UXd4PXM5Ni1jIiwiZ2l2ZW5fbmFtZSI6IkthdGEiLCJmYW1pbHlfbmFtZSI6IlNpYXBhIiwibG9jYWxlIjoiaWQiLCJpYXQiOjE3MDMwNjA2MDQsImV4cCI6MTcwMzA2NDIwNH0.dFpm__wglAGLtEOHhTb1BreXlc3jhVJQU4xdouHroqt-r_idxElb7vkMRRvtMqZUn2qley3EnIXIaLXa3S7fxaXUmnBOwrqKT4TxHEOp-gI5aQwtgvKWFB_fhrJ4TkqgQxdvPNmtfhu4Nafw2BWcJ04hjEb5-0e6sMaJHlsv2pzg8Rplc6lL-bxu7s8_jT6N-47mqdjh2L58xZjW-Ld5T0cDi9w5ggpKLa2BkJMfwir_r1lYv2gobOh6sAuQKN78S6R9dTB_Mvan46W43kgOicUVuunyofaf3xPb-z5aBomR6xHvfH8nncYUuNivqzt1VymdfjSyDz1s6mVwpM2VYQ	google	114646080460172583439	\N	https://www.googleapis.com/auth/userinfo.profile openid https://www.googleapis.com/auth/userinfo.email	\N	Bearer	oauth	user-clqdib8y6000107jn16c7hjd1
ya29.a0AfB_byBEXG_W4eHg5O3-BBAua9TiWeJCH8nbolZfBEmaovVRE3gesIlai6OwoTzwHQp_peLgTni_4tEeyHTpRpTxUgQCpyQSWt5c5B5LDU2dBTyZ3PGj7Z7xd9C271vOXHhkeyDFwJCt3Ve0WJfc9U_Ui8LkyH6JkYa7aCgYKAS8SARMSFQHGX2MifKM4indm65xnOTrMbX6Kwg0171	1703439449	eyJhbGciOiJSUzI1NiIsImtpZCI6IjliMDI4NWMzMWJmZDhiMDQwZTAzMTU3YjE5YzRlOTYwYmRjMTBjNmYiLCJ0eXAiOiJKV1QifQ.eyJpc3MiOiJodHRwczovL2FjY291bnRzLmdvb2dsZS5jb20iLCJhenAiOiIzMTExMTYzNjc2Mi1pM3ZlOGZhaXZjOWg2MWJ2dm5sYzc2a3Q5cGk4aDhudi5hcHBzLmdvb2dsZXVzZXJjb250ZW50LmNvbSIsImF1ZCI6IjMxMTExNjM2NzYyLWkzdmU4ZmFpdmM5aDYxYnZ2bmxjNzZrdDlwaThoOG52LmFwcHMuZ29vZ2xldXNlcmNvbnRlbnQuY29tIiwic3ViIjoiMTAxMzI1NTk0ODM0MDY5NDE2NzU2IiwiZW1haWwiOiJhZGppZW0zMUBnbWFpbC5jb20iLCJlbWFpbF92ZXJpZmllZCI6dHJ1ZSwiYXRfaGFzaCI6IjVxZTkwUUJSYjFwOXdCRV8yMk1FOUEiLCJuYW1lIjoiQWJ1aSIsInBpY3R1cmUiOiJodHRwczovL2xoMy5nb29nbGV1c2VyY29udGVudC5jb20vYS9BQ2c4b2NMSnZ6MmdXZmZuaHZmdGFsSlpBcFk2Qk5ub3VnVFk2RXUzMFlQY0ppbWM0UWc9czk2LWMiLCJnaXZlbl9uYW1lIjoiQWJ1aSIsImxvY2FsZSI6ImlkIiwiaWF0IjoxNzAzNDM1ODUwLCJleHAiOjE3MDM0Mzk0NTB9.pLNeRHyJWOZGP7OJSVlH9rGhGrd78lldKFa9cVcDwJDiahGwIhqNp8wX_CVr-r7n3oyUitVJXhZaN22utSxisIR1LOaud0bOX8agER4e--6sJyd6dIOP5Vh0KzNn5SpPR_A4iW4b44x44onuuQdSN-6GnwJEQpmugdlji2qu7ss4ytLIeYa6Cm_v5mvo4h-b9e96rxOyfLZviamA0X_2YEgk47EltYa1tFuPm3lnsGZ6mJBnNoXLtrt5C5X1CwDROZ7sj6ISiYujGktmaky_VKB16D2Ny7jE4MEq7JLBmJ6aFmJr3DBJBl9sJ3s9X49TcxsDxe30g6akdifonURfFw	google	101325594834069416756	\N	https://www.googleapis.com/auth/userinfo.email https://www.googleapis.com/auth/userinfo.profile openid	\N	Bearer	oauth	user-clqjpq4e1000008l4734fcmym
ya29.a0AfB_byClSxi8gRfVVDPnRX47j8HCmiqQIyXDF_Hsk_BNcZ0sKmQrGYye28SU_7UM7s6hSUHgLVpMHw2L0xntv0Yl35sSsTi2FWmXgrUaSWf5RQRsuUTNLuknOTL4rau3IY1KGOxTi3HDnrh--bwl1-LmM6upvw8gb51aaCgYKATISARESFQHGX2Mi_TO845veGxMKd6aZwSASUA0171	1703448603	eyJhbGciOiJSUzI1NiIsImtpZCI6IjliMDI4NWMzMWJmZDhiMDQwZTAzMTU3YjE5YzRlOTYwYmRjMTBjNmYiLCJ0eXAiOiJKV1QifQ.eyJpc3MiOiJodHRwczovL2FjY291bnRzLmdvb2dsZS5jb20iLCJhenAiOiIzMTExMTYzNjc2Mi1pM3ZlOGZhaXZjOWg2MWJ2dm5sYzc2a3Q5cGk4aDhudi5hcHBzLmdvb2dsZXVzZXJjb250ZW50LmNvbSIsImF1ZCI6IjMxMTExNjM2NzYyLWkzdmU4ZmFpdmM5aDYxYnZ2bmxjNzZrdDlwaThoOG52LmFwcHMuZ29vZ2xldXNlcmNvbnRlbnQuY29tIiwic3ViIjoiMTA1ODA2OTU4MTExODY0NjY3MzcyIiwiZW1haWwiOiJhbWF1bDAxMTFAZ21haWwuY29tIiwiZW1haWxfdmVyaWZpZWQiOnRydWUsImF0X2hhc2giOiJPaDNvV2tBcWtyUEFCMThVa2ZlcWJRIiwibmFtZSI6Ik1hdWxhbmEgQXJiYWkiLCJwaWN0dXJlIjoiaHR0cHM6Ly9saDMuZ29vZ2xldXNlcmNvbnRlbnQuY29tL2EvQUNnOG9jS0tSNGZsSlJGcDY5VHFSX2FDTTZtRVM0ZTAwTDBuSGU5M2FhT2w1LTR1NmhvPXM5Ni1jIiwiZ2l2ZW5fbmFtZSI6Ik1hdWxhbmEiLCJmYW1pbHlfbmFtZSI6IkFyYmFpIiwibG9jYWxlIjoiZW4iLCJpYXQiOjE3MDM0NDUwMDQsImV4cCI6MTcwMzQ0ODYwNH0.S6waM1VY0uNZzi1eKjlh6VFEek3S8YzFExpCd-H6EYpqWB8EBR-ZVCwceqjwriswk5ISj_OtYN2nRIqHuoeCzHggIq8rfOTuvCIoO90eAphuW9ZXPk0JcLXv5iZ7c8fxb3XdS0BkcYIA9yFuXrEkB-KapY8cQYAxrGY50cG4zyf0Alo6ic0XVmVp7MG6XPA4hoh8VGCvAGgyoLwAHkw2mzTtJYOEyj1S5we6rSMryk2p_4vb5VnVT4eoF4r5EFAEno9ws3HlDtuyBSyB3uT7ulqGhm0iD5vdUOeqAzsqZws1bBi0Z5j_Y0jbpUNk_O9KZ-KB8UgCHKY1MvzZ5NVWyg	google	105806958111864667372	\N	https://www.googleapis.com/auth/userinfo.email openid https://www.googleapis.com/auth/userinfo.profile	\N	Bearer	oauth	user-clqjv6asi000008iedkxbfrk9
ya29.a0AfB_byCltgBWS7DHwl0O3yZCgubdlCjKM_i44puQAq_yBDDjeRF7YobGinVgq0sx2hZSKw_ZCuA2Ds14uBbpdyEqm63MYHxLiuLQNc-YR3xrE2oi7CQELRNmzcwbksUecHpPwYCzQFouektP7nqkAjDPZHBf8SRpWbqhaCgYKAQcSARMSFQHGX2MibQUhh28mmRG_tsQq0MPlIg0171	1703515306	eyJhbGciOiJSUzI1NiIsImtpZCI6IjliMDI4NWMzMWJmZDhiMDQwZTAzMTU3YjE5YzRlOTYwYmRjMTBjNmYiLCJ0eXAiOiJKV1QifQ.eyJpc3MiOiJodHRwczovL2FjY291bnRzLmdvb2dsZS5jb20iLCJhenAiOiIzMTExMTYzNjc2Mi1pM3ZlOGZhaXZjOWg2MWJ2dm5sYzc2a3Q5cGk4aDhudi5hcHBzLmdvb2dsZXVzZXJjb250ZW50LmNvbSIsImF1ZCI6IjMxMTExNjM2NzYyLWkzdmU4ZmFpdmM5aDYxYnZ2bmxjNzZrdDlwaThoOG52LmFwcHMuZ29vZ2xldXNlcmNvbnRlbnQuY29tIiwic3ViIjoiMTA0OTg5OTI3NDY5MDM0OTc5MzExIiwiZW1haWwiOiJhbGlmdHJpYWRpLmdhbWluZ0BnbWFpbC5jb20iLCJlbWFpbF92ZXJpZmllZCI6dHJ1ZSwiYXRfaGFzaCI6InBRSS1RbEhYWHBRSkljSTN2akYxdGciLCJuYW1lIjoiQWxpZiBUcmlhZGkiLCJwaWN0dXJlIjoiaHR0cHM6Ly9saDMuZ29vZ2xldXNlcmNvbnRlbnQuY29tL2EvQUNnOG9jSlBmMkxOTU5BRElJR1N2eFhTNml2LVN0YjdMUW5aSUhSYjN4TUlUdzZZODJvPXM5Ni1jIiwiZ2l2ZW5fbmFtZSI6IkFsaWYiLCJmYW1pbHlfbmFtZSI6IlRyaWFkaSIsImxvY2FsZSI6ImlkIiwiaWF0IjoxNzAzNTExNzA3LCJleHAiOjE3MDM1MTUzMDd9.JZW7HYhbkgZK6nfUFvWgYY2g5ppHmVe-WXnh5OlC3Rlku4xwZcFlXwwJoT19A7l9svcseqnxtMk8lLiXvGaiPl3gS0uIga4seoXW7Gj-vy1iYg7hp62F3_kLeI91yfDAPG2_JfdrCv9yPOsLBvrYYwjBQVpu7ztsfaPiFSxETEQW_7UCSEAoVm0LRicfukoZMlxSMElfB8mg8N9G2O8y9KxMu369VeEU7m-9KiHvDZv4kk9QTECV6jJykGrnWRGCR8GU5wG6cAQyTEmTguq0NQFeya0kcBM-fnRa_ylG2BijpGXH7gZxM1E-mT2ny69QNkCiE3NLEc4NgLfGnQy0JA	google	104989927469034979311	\N	https://www.googleapis.com/auth/userinfo.email https://www.googleapis.com/auth/userinfo.profile openid	\N	Bearer	oauth	user-clqkyw098000008l40d3vc1kz
ya29.a0AfB_byBc0xcHU6ha0sLV87oMygecZ5O3E6odnNnMLQ-vT94ht6FqOgPdIvZ5bHwDskEEkz0lrkm3N5XkXD5uFBMMvxaIkZ9hqDJu-eEFTTkXYfQmYCCrkvnUPo1ePSWynj7CWKUBZsgq8Q7ImPRNZSMltUnL-FbQtjRFaCgYKAVUSARESFQHGX2MiOXMXLCVmMo_sAHS-aZxdEw0171	1703694547	eyJhbGciOiJSUzI1NiIsImtpZCI6IjQ1NmI1MmM4MWUzNmZlYWQyNTkyMzFhNjk0N2UwNDBlMDNlYTEyNjIiLCJ0eXAiOiJKV1QifQ.eyJpc3MiOiJodHRwczovL2FjY291bnRzLmdvb2dsZS5jb20iLCJhenAiOiIzMTExMTYzNjc2Mi1pM3ZlOGZhaXZjOWg2MWJ2dm5sYzc2a3Q5cGk4aDhudi5hcHBzLmdvb2dsZXVzZXJjb250ZW50LmNvbSIsImF1ZCI6IjMxMTExNjM2NzYyLWkzdmU4ZmFpdmM5aDYxYnZ2bmxjNzZrdDlwaThoOG52LmFwcHMuZ29vZ2xldXNlcmNvbnRlbnQuY29tIiwic3ViIjoiMTE2NzkzNDQ2NDQ0NDI3MDIyMjg1IiwiZW1haWwiOiJoYXRhbWl0ZWtub0BnbWFpbC5jb20iLCJlbWFpbF92ZXJpZmllZCI6dHJ1ZSwiYXRfaGFzaCI6ImFJT18xcnZvQ1FLbXJHeUVZUDVOWFEiLCJuYW1lIjoiTW9oYW1tYWQgSGF0YW1pIiwicGljdHVyZSI6Imh0dHBzOi8vbGgzLmdvb2dsZXVzZXJjb250ZW50LmNvbS9hL0FDZzhvY0tiaVlfUU1WNnhuWjRSNHdubC05VjRIS1FlaURaNV92RU12Z0RkaUNRVjduYz1zOTYtYyIsImdpdmVuX25hbWUiOiJNb2hhbW1hZCIsImZhbWlseV9uYW1lIjoiSGF0YW1pIiwibG9jYWxlIjoiaWQiLCJpYXQiOjE3MDM2OTA5NDgsImV4cCI6MTcwMzY5NDU0OH0.gF11QPBN1YfL-jxJEqFoMfOdzdUKX2Bsy5XSATqcBDLU6LCT8RkD3CKNUvzTQjFbcaMpujzan6PssmoYNpIssR7H97JWqxjiIkv-1mGBjhsFC0Nw5QuREIR4Spq4t5XXiRmR2HlT2BLhYfH_R9Pxgu-HwqjFeVlKHFXcR6oYtPz5sUaHD9oCZ0PmANuoofadnBv7btNuAWDxiIOx4e6H1Pr9JFN0Xh4XK9nojRtihlSQ26iE-n9xj_WdJSoYV9XVkxGIR_xVF37h_BvhBTxFs-G65zvHM2rfsU3C0jmYGlcJ_MDhOicmX3qiWDNTqFXNeprqPb4n0qriCRIWhs6Iog	google	116793446444427022285	\N	https://www.googleapis.com/auth/userinfo.profile https://www.googleapis.com/auth/userinfo.email openid	\N	Bearer	oauth	user-clqnxlqk1000008kyfry454zz
ya29.a0AfB_byAccLh8mrQowZbGkkq2xxfdVGpIN8OPdBFuU1-fUqyAAw8dzqZ4kXbpuThKgAF0Ys4IsKPo2OC_a6jZXepqDxu_w9l-c8d3VYyG1F5wnnSBPkvCgml_trbOFCdddTjSxRHCwhlBUHon2TksNxE0lgvZTcDNcqLLaCgYKAW0SARESFQHGX2MioIbZ4S0_Yv0zKGJLxOW4ug0171	1703755961	eyJhbGciOiJSUzI1NiIsImtpZCI6IjQ1NmI1MmM4MWUzNmZlYWQyNTkyMzFhNjk0N2UwNDBlMDNlYTEyNjIiLCJ0eXAiOiJKV1QifQ.eyJpc3MiOiJodHRwczovL2FjY291bnRzLmdvb2dsZS5jb20iLCJhenAiOiIzMTExMTYzNjc2Mi1pM3ZlOGZhaXZjOWg2MWJ2dm5sYzc2a3Q5cGk4aDhudi5hcHBzLmdvb2dsZXVzZXJjb250ZW50LmNvbSIsImF1ZCI6IjMxMTExNjM2NzYyLWkzdmU4ZmFpdmM5aDYxYnZ2bmxjNzZrdDlwaThoOG52LmFwcHMuZ29vZ2xldXNlcmNvbnRlbnQuY29tIiwic3ViIjoiMTEwODIyMTg1NzM5ODc2MTM5NTg0IiwiZW1haWwiOiJla29zdXNpbG8xNDA2MDRAZ21haWwuY29tIiwiZW1haWxfdmVyaWZpZWQiOnRydWUsImF0X2hhc2giOiIxRUR0dkMwT0tDQ2lEeWRmYjlMb0h3IiwibmFtZSI6IkVrbyBTdXNpbG8iLCJwaWN0dXJlIjoiaHR0cHM6Ly9saDMuZ29vZ2xldXNlcmNvbnRlbnQuY29tL2EvQUNnOG9jSW0yUlJDYzZXVlQxaXIzdVg1ZzluSWFIdzVVQ2U1RnFOMVNHVWg1d3NtZlE9czk2LWMiLCJnaXZlbl9uYW1lIjoiRWtvIiwiZmFtaWx5X25hbWUiOiJTdXNpbG8iLCJsb2NhbGUiOiJlbiIsImlhdCI6MTcwMzc1MjM2MiwiZXhwIjoxNzAzNzU1OTYyfQ.g5CIUKvdWZ1fNnrWyRWPe-cZWqiPj4HpihW7H6p_GKIeLnZzeN_Gu8ETfKnGYmGMWgavuDnn8gbw92CB7CKnWxZFUPPwMkhimO6NaI-hn5ZTXLlNIV3NtiyaHaMwLeo-HLB8H2YBuqBed9ug_cgyaUuKqvPNE1QgHMzMMNa93hJ6TjjK4PI6sL3i_BXtZB3HLbf-IO_qa280YxRy1QW7sEFlSUmmH18mw3H2m0hwMZaXYM-uNXJtE-HUeX91froPUhA6YvQOberVwY9twtEBJvOxR4bPpIG1U-iCs1K3wYm6SfNcjotMNHXxCazE7jxE6lMrciRq4Bcvqfa6oDj2MQ	google	110822185739876139584	\N	https://www.googleapis.com/auth/userinfo.email https://www.googleapis.com/auth/userinfo.profile openid	\N	Bearer	oauth	user-clqoy62b8000008k07emohqp5
ya29.a0AfB_byB_Ft88h9FXXsmhYsZ4U9uU5V9d1OkzBpYdJL6gIdBNV8j7g7T1w6BJHllbwRog65c0mZgLl3kBz0at23xudj1LtZKliclKClACO41gaZvmPoFcPWYbVPW4GzJCEqVIMZNKto2_uel1zGWGBU_EdhhJ-60nUfuaaCgYKAdoSARMSFQHGX2MirCUygmLSWNUWGocCco7oVA0171	1703918625	eyJhbGciOiJSUzI1NiIsImtpZCI6IjQ1NmI1MmM4MWUzNmZlYWQyNTkyMzFhNjk0N2UwNDBlMDNlYTEyNjIiLCJ0eXAiOiJKV1QifQ.eyJpc3MiOiJodHRwczovL2FjY291bnRzLmdvb2dsZS5jb20iLCJhenAiOiIzMTExMTYzNjc2Mi1pM3ZlOGZhaXZjOWg2MWJ2dm5sYzc2a3Q5cGk4aDhudi5hcHBzLmdvb2dsZXVzZXJjb250ZW50LmNvbSIsImF1ZCI6IjMxMTExNjM2NzYyLWkzdmU4ZmFpdmM5aDYxYnZ2bmxjNzZrdDlwaThoOG52LmFwcHMuZ29vZ2xldXNlcmNvbnRlbnQuY29tIiwic3ViIjoiMTE0OTg5MDkzODkxOTEwNTE0ODIyIiwiZW1haWwiOiJhZGFtc2V0aWFkaTEyMzQ1QGdtYWlsLmNvbSIsImVtYWlsX3ZlcmlmaWVkIjp0cnVlLCJhdF9oYXNoIjoiNmNLaTBSOXRzMmQ4akNkRnRiZFh2QSIsIm5hbWUiOiJhZGFtIHNldGlhZGkiLCJwaWN0dXJlIjoiaHR0cHM6Ly9saDMuZ29vZ2xldXNlcmNvbnRlbnQuY29tL2EvQUNnOG9jSXRzdHY3X3ZYNTlqSk1FZzBhX1hMcG5mRm5MbVFPSk1uN0laMlljcVB3PXM5Ni1jIiwiZ2l2ZW5fbmFtZSI6ImFkYW0iLCJmYW1pbHlfbmFtZSI6InNldGlhZGkiLCJsb2NhbGUiOiJpZCIsImlhdCI6MTcwMzkxNTAyNiwiZXhwIjoxNzAzOTE4NjI2fQ.nA9FJfUN_vLRr_wOfeyF7E3dL8MMbqmT9iifYm8u7pRSrgmyGqjHIMXuQamDUbzvZFUb9DO8ICQxwrPamlwR4iKWEek8R-HQYCvNxG-u8EK-XpBTKKEBM_o4pb6g8Eqc0oOUsIUWeQil5-KzLrAP3PamW782Wmk9cM4xTfb7tfATATSp3CFViOqou93FSSQcdccGvyxA2brfgNrXG_1b_3FOnZDVxi3xIe6iGgiSmyTa0CjDErsvAEnVXOWH5dxr10fN1FSkywR7Z8b7NdfEfBAtXLFg63ilKyXc7PTEVL03bfFWsSLBGxk7ledmWkE6korykj_TLe2mLIvCLnzYNg	google	114989093891910514822	\N	https://www.googleapis.com/auth/userinfo.email openid https://www.googleapis.com/auth/userinfo.profile	\N	Bearer	oauth	user-clqrn0izo000008jo722lcmyt
ya29.a0AfB_byCIRS9MyAerdVRw7SQTxL_aeTdUQqmRbvnBLOQYJF1CRjds9qRbnFdSLV8tEVOIWDSNL8NEVsJj1lao8pvAIHSK9-1RgTYk9ESMkm-zQVQfkam7p04dB7Vy1Fn7diTv5GHJTIv3UZ_jQnaqNlPcZ1osBzNAJs4paCgYKAZQSARISFQHGX2Mi-vvfFI6lwWpfBu2ofenB3Q0171	1703921916	eyJhbGciOiJSUzI1NiIsImtpZCI6IjQ1NmI1MmM4MWUzNmZlYWQyNTkyMzFhNjk0N2UwNDBlMDNlYTEyNjIiLCJ0eXAiOiJKV1QifQ.eyJpc3MiOiJodHRwczovL2FjY291bnRzLmdvb2dsZS5jb20iLCJhenAiOiIzMTExMTYzNjc2Mi1pM3ZlOGZhaXZjOWg2MWJ2dm5sYzc2a3Q5cGk4aDhudi5hcHBzLmdvb2dsZXVzZXJjb250ZW50LmNvbSIsImF1ZCI6IjMxMTExNjM2NzYyLWkzdmU4ZmFpdmM5aDYxYnZ2bmxjNzZrdDlwaThoOG52LmFwcHMuZ29vZ2xldXNlcmNvbnRlbnQuY29tIiwic3ViIjoiMTE3MzY2MDM0NjgzNjgxMTM1NzgxIiwiZW1haWwiOiJhZGVmNjQ3N0BnbWFpbC5jb20iLCJlbWFpbF92ZXJpZmllZCI6dHJ1ZSwiYXRfaGFzaCI6IkpaSXNtcVNhbk9GaHRGdWtYM0c3bnciLCJuYW1lIjoiQWJjIERlZiIsInBpY3R1cmUiOiJodHRwczovL2xoMy5nb29nbGV1c2VyY29udGVudC5jb20vYS9BQ2c4b2NKWWxuRFE0MVRQR0p1V3cteU9DRHplS3Iwa2xrZEplT3RYMTRJZkt6YVQ9czk2LWMiLCJnaXZlbl9uYW1lIjoiQWJjIiwiZmFtaWx5X25hbWUiOiJEZWYiLCJsb2NhbGUiOiJpZCIsImlhdCI6MTcwMzkxODMxNywiZXhwIjoxNzAzOTIxOTE3fQ.xIxUz1fBf3wxgHIqHsbfg3E_KI91c2uTx-AlVdsjUxBlmNMUHIzJKdZpJw4Coc88dshqWydQm7_PbRFpoDOclBRRbNke5dgzSPQP7QeZ9psi03LIQeFIrBGnQCTGHoQzeP_q8laOh9seBGas9dfHnoOvdbTpPef1B4OPImJkqZokLQULcuhh4RgcfpO9WBaq77tL-uNuQccGClUblAYIqIwyrGk84b1_xsirrYYJGv6ZbzCdFTCHdYyQMOmzeOWXEgbLfanC8ZsTsm5FC2AKYm-dKEDD_RLVvVcVxJY0DYW38D1XLoFJOIBo3bdYpcelkaIU7tA2blEODYZ1yp6lGw	google	117366034683681135781	\N	https://www.googleapis.com/auth/userinfo.email openid https://www.googleapis.com/auth/userinfo.profile	\N	Bearer	oauth	user-clqroz1jv000008lg8f3chgd5
ya29.a0AfB_byD_evTTvKEDQUKMB31F_dampvlh30UPceBUmS_HWDCO5tDzKRj9B8VfoK-Tl2XjW5ESKR8dRgCppFdNRX7-AbfZEfqCByGosxfEk8GheYTodlOFOo4L_D0M07Z7QlG03VghGp20bnL4d8mOolB7x9oE--xepLzhaCgYKAVoSARASFQHGX2MiCWRUfeEg4PhK6WGZcHfTPg0171	1704107887	eyJhbGciOiJSUzI1NiIsImtpZCI6IjQ1NmI1MmM4MWUzNmZlYWQyNTkyMzFhNjk0N2UwNDBlMDNlYTEyNjIiLCJ0eXAiOiJKV1QifQ.eyJpc3MiOiJodHRwczovL2FjY291bnRzLmdvb2dsZS5jb20iLCJhenAiOiIzMTExMTYzNjc2Mi1pM3ZlOGZhaXZjOWg2MWJ2dm5sYzc2a3Q5cGk4aDhudi5hcHBzLmdvb2dsZXVzZXJjb250ZW50LmNvbSIsImF1ZCI6IjMxMTExNjM2NzYyLWkzdmU4ZmFpdmM5aDYxYnZ2bmxjNzZrdDlwaThoOG52LmFwcHMuZ29vZ2xldXNlcmNvbnRlbnQuY29tIiwic3ViIjoiMTExNDUzMDQ0NzQ0Njc0NTExMTgxIiwiZW1haWwiOiJtdWh0b3BpazA3QGdtYWlsLmNvbSIsImVtYWlsX3ZlcmlmaWVkIjp0cnVlLCJhdF9oYXNoIjoieEZEdXZoRUNJdWpxbUZ0UE1wUlF3USIsIm5hbWUiOiJNdWhhbW1hZCBUYXVmaWsiLCJwaWN0dXJlIjoiaHR0cHM6Ly9saDMuZ29vZ2xldXNlcmNvbnRlbnQuY29tL2EvQUNnOG9jTGJKTjgzdVRNWEMxbVNCeWJ1ZnNUZUl2NlVDQzhCTEVETFo0MTlzWE1rN0VnPXM5Ni1jIiwiZ2l2ZW5fbmFtZSI6Ik11aGFtbWFkIiwiZmFtaWx5X25hbWUiOiJUYXVmaWsiLCJsb2NhbGUiOiJpZCIsImlhdCI6MTcwNDEwNDI4OCwiZXhwIjoxNzA0MTA3ODg4fQ.F9S8YBU6QNm7G681Rf1T-Tpl3qtYzX1egRXCKIPn_m3-3UMkSXlemn-4qFTFCFLLSqGXtDXrmo6EtNqSoiC1RZP9fEBuPQLB07rQplQY_8PNqpsPHY1ek71-Q-bWbx7Rf88Zzr7ITXuLApm-Q42AAAP3bQoNS9zKopPyBLZfz1Iip6u2dwBHqEYtRo7DTvwQlxUxEVav_vgOMt6sCHhNPv7rZHrFzP6hMHnB-F6V0ysz481eRKkGSNnncrNvQZgPVQmCa32X_e3o3Ekqa1-UWjABAFqsG5JcHtzUwdER9Ci699PAXNKmpzUR9cWIQddloRqlouWETJH_aXDkS4af7Q	google	111453044744674511181	\N	https://www.googleapis.com/auth/userinfo.email https://www.googleapis.com/auth/userinfo.profile openid	\N	Bearer	oauth	user-clqurp1sq000008kzdzh3g8ij
ya29.a0AfB_byAyLx8_gZ2J7Bpnq8OjpbhgZOnUnqmLEbjo0Tqak4o8g9TyLkgI_wdLbtzvGQiB35ro7h-xEzRXBX24SZ45JPDJv22AxcA_VjXz4X9UsAGO_g0VU-4xDPwA1s8ulKiZrHEiQtAyhYKyoGRAVvYfQtbzBL2aIsMhaCgYKAaASARESFQHGX2MifQvQlQzEy3a5Ekg9PY7J6Q0171	1704256285	eyJhbGciOiJSUzI1NiIsImtpZCI6IjkxNDEzY2Y0ZmEwY2I5MmEzYzNmNWEwNTQ1MDkxMzJjNDc2NjA5MzciLCJ0eXAiOiJKV1QifQ.eyJpc3MiOiJodHRwczovL2FjY291bnRzLmdvb2dsZS5jb20iLCJhenAiOiIzMTExMTYzNjc2Mi1pM3ZlOGZhaXZjOWg2MWJ2dm5sYzc2a3Q5cGk4aDhudi5hcHBzLmdvb2dsZXVzZXJjb250ZW50LmNvbSIsImF1ZCI6IjMxMTExNjM2NzYyLWkzdmU4ZmFpdmM5aDYxYnZ2bmxjNzZrdDlwaThoOG52LmFwcHMuZ29vZ2xldXNlcmNvbnRlbnQuY29tIiwic3ViIjoiMTA0Mzc5NjcxNTQyMTQyMzU0NjYwIiwiZW1haWwiOiJhaG1hZHNhbGVoMjQwOUBnbWFpbC5jb20iLCJlbWFpbF92ZXJpZmllZCI6dHJ1ZSwiYXRfaGFzaCI6IkxyYTJMS2xIclRMX1F0VDY2UDRuZ2ciLCJuYW1lIjoiQWhtYWQgU2hhbGVoIiwicGljdHVyZSI6Imh0dHBzOi8vbGgzLmdvb2dsZXVzZXJjb250ZW50LmNvbS9hL0FDZzhvY0pUUmtjekYxSkRZeWRtMTVaYjIyRzA0djlKbExqVFozdGJwOXlxT2dJczRkaz1zOTYtYyIsImdpdmVuX25hbWUiOiJBaG1hZCIsImZhbWlseV9uYW1lIjoiU2hhbGVoIiwibG9jYWxlIjoiaWQiLCJpYXQiOjE3MDQyNTI2ODYsImV4cCI6MTcwNDI1NjI4Nn0.VD0Mk5Zbr5w1AjYVPN1su5LC2aDKrzbsBZn44S0oAxDvllmJ-QMzsy26cX5y2GAYzL0XSi_T7lW1H-J5rNKhyODYfBIVJC7cw03FCXPSgHVZcGbzR0GVVW53mYTUxDIKbZYIQGGdN0zkwY8L3oqP4G0bjwVtyh7qFvz5tpjrgfQ6fCA02DyXFMqxz3ZOW66sR4M2h2pXVAAC6btZ6J2EKSzzLITruQfy-ixee4t3MYzKoiKe-S7FmUCNh0zo1VqWO8U6CID2bMtQxvd2_0MdxOYuh4MYHpBIOCP5NsuqVfYMJdm3EupopTsDWSml3vAyFydW4ZUdCfj-quvNXIdRpg	google	104379671542142354660	\N	https://www.googleapis.com/auth/userinfo.email https://www.googleapis.com/auth/userinfo.profile openid	\N	Bearer	oauth	user-clqx81rka000008jn1t2064jp
ya29.a0AfB_byApueKp9B0YLC1nhlFexnSwZ5lr1SOTU9s3TcEsmP0g6ce2NgQm99oApaTlV1wdDAOXmPOIuAFIT2L60qVW5_R7e1P20yVnt4koYWRA-4tLTbhJYW6RSYZ4v-fdiAoXhFJTzzJ7RI4zh0doC187kYq59wvG9hLdaCgYKAWESARESFQHGX2MixAptgqEVUlflidqh-ldgiQ0171	1704625266	eyJhbGciOiJSUzI1NiIsImtpZCI6IjkxNDEzY2Y0ZmEwY2I5MmEzYzNmNWEwNTQ1MDkxMzJjNDc2NjA5MzciLCJ0eXAiOiJKV1QifQ.eyJpc3MiOiJodHRwczovL2FjY291bnRzLmdvb2dsZS5jb20iLCJhenAiOiIzMTExMTYzNjc2Mi1pM3ZlOGZhaXZjOWg2MWJ2dm5sYzc2a3Q5cGk4aDhudi5hcHBzLmdvb2dsZXVzZXJjb250ZW50LmNvbSIsImF1ZCI6IjMxMTExNjM2NzYyLWkzdmU4ZmFpdmM5aDYxYnZ2bmxjNzZrdDlwaThoOG52LmFwcHMuZ29vZ2xldXNlcmNvbnRlbnQuY29tIiwic3ViIjoiMTE2Mjk3NTg2ODUzNjQyNzExNTYyIiwiZW1haWwiOiJkaXRhbmlzYTk3OUBnbWFpbC5jb20iLCJlbWFpbF92ZXJpZmllZCI6dHJ1ZSwiYXRfaGFzaCI6IlNaQVpIV0d6TGZMUGkyQnRKem8wekEiLCJuYW1lIjoidGlrYSBuaXNhIiwicGljdHVyZSI6Imh0dHBzOi8vbGgzLmdvb2dsZXVzZXJjb250ZW50LmNvbS9hL0FDZzhvY0pMS2I1V3ExTzdGWjRKN1ZOVzU3Rlh1Tl9ObThsd2R1WVdtV3dTSkpkZj1zOTYtYyIsImdpdmVuX25hbWUiOiJ0aWthIiwiZmFtaWx5X25hbWUiOiJuaXNhIiwibG9jYWxlIjoiaWQiLCJpYXQiOjE3MDQ2MjE2NjcsImV4cCI6MTcwNDYyNTI2N30.fWQwSoTZWG2uyseTa10o_RFqNkmAE5IfG2SJYCh63CeKlM2VWbqxgnDVBijdfi20CM5Tgsbsgq32oDGnvK8wv_9bguCn1aUWib2odDGtNEvNK0qbupn_3BIVf7llq8idOTMJcgx2NmmahSphSxd6m34wHjXQxanZryB9WMzLfX80LlX-Ld16A8XBLb6gck6x7AtgoZnIfLgovdKuT0aYa4X3MBqcTMPuvdxtkAWhq9EtECdToJ9zJdzt7Xg51CbCn-7MHMHTgTXaPR_fMHZ9JbjmWyg3LPuMri6bL42bgBm7f-a0R4zaxPNgFc3pLe6r2kK1LSXccmtodO3JjCAVSw	google	116297586853642711562	\N	https://www.googleapis.com/auth/userinfo.profile openid https://www.googleapis.com/auth/userinfo.email	\N	Bearer	oauth	user-clr3bqb3v000008jtgwnz44fa
ya29.a0AfB_byD6bkfN3G8Vtn5r36Kk1OrPKP-7yDVM7PDg4XOt6q4-jqGMxPZg6Miwm2Gkfbo04X24aLcfcjPU5qBn5IRnHBMeptOb7GE0WS_3g__J36HNXtA_P20nf0PdZdw-BM6jbHSIBiJH1IHD8pr-ui_Bwziuz--URQTbaCgYKAXwSARISFQHGX2Mi_QCP208bgCJmk7sjFiywbA0171	1704634616	eyJhbGciOiJSUzI1NiIsImtpZCI6IjkxNDEzY2Y0ZmEwY2I5MmEzYzNmNWEwNTQ1MDkxMzJjNDc2NjA5MzciLCJ0eXAiOiJKV1QifQ.eyJpc3MiOiJodHRwczovL2FjY291bnRzLmdvb2dsZS5jb20iLCJhenAiOiIzMTExMTYzNjc2Mi1pM3ZlOGZhaXZjOWg2MWJ2dm5sYzc2a3Q5cGk4aDhudi5hcHBzLmdvb2dsZXVzZXJjb250ZW50LmNvbSIsImF1ZCI6IjMxMTExNjM2NzYyLWkzdmU4ZmFpdmM5aDYxYnZ2bmxjNzZrdDlwaThoOG52LmFwcHMuZ29vZ2xldXNlcmNvbnRlbnQuY29tIiwic3ViIjoiMTA3MTIxNDY3MjgyOTcwMDczNjkwIiwiZW1haWwiOiJ2aXJkYXNhbGJpeWFoMTJAZ21haWwuY29tIiwiZW1haWxfdmVyaWZpZWQiOnRydWUsImF0X2hhc2giOiJpVnQxUm9PR3VrVW9yeVJPeDZPbi1nIiwibmFtZSI6IlZpcmRhIiwicGljdHVyZSI6Imh0dHBzOi8vbGgzLmdvb2dsZXVzZXJjb250ZW50LmNvbS9hL0FDZzhvY0prNlBJR1Q5NXdaQUl2eGFEbVhfSzhMNEZxYkw5ZXhkcTdxNlJfbFlocTNEaz1zOTYtYyIsImdpdmVuX25hbWUiOiJWaXJkYSIsImxvY2FsZSI6ImlkIiwiaWF0IjoxNzA0NjMxMDE3LCJleHAiOjE3MDQ2MzQ2MTd9.d9Vl7FAt-SmXsr3374mZt_YEFll8kSja4LQLcykqckDszZWXz23cDEqotCMZ1Kid4MrQy8y7uSoZ1JQiJgTKVXm3sUMClsEvZsq6PPFvPBAH_Q9fVY_OLqJYlxVjaKA2YyM9EmQ2tGo413BYG-9a9Hj8-Lrqp71jlYW-stIEymWhqtYNNc92E1WI1k7rPwHg0SFL_BSFeZJ5E9VWF2qbDjgnv6IwsyFrrhA3YxkUpE5AfVJZTjJNggTb1iMUbwsPiDINz324hfmLtHCerPjtbb558fSN97YMvPTE3AAC28BhICgE-cS_GWEppq4HH1YoW8ybOHR8uP3ZyyAfnjAGbQ	google	107121467282970073690	\N	https://www.googleapis.com/auth/userinfo.email https://www.googleapis.com/auth/userinfo.profile openid	\N	Bearer	oauth	user-clr3haosr000008kz4vd3310k
ya29.a0AfB_byDKXU9EZDHVrOYJPUS63cAAutKWakyjyKTDz-_6afnanSpezdSQyak25IS6MQ9FYMElboXll1BWlPCv87F_ZZQd6JOv7IO7uEaFu_97p0e0dfN-u5KnREFzQisLFlXHiJbrabNiulXa6hIVCYz2X4nQx0MLIT3IaCgYKAecSARMSFQHGX2Mi5AHRz40yV5YVk6rhJILlfg0171	1704688814	eyJhbGciOiJSUzI1NiIsImtpZCI6IjkxNDEzY2Y0ZmEwY2I5MmEzYzNmNWEwNTQ1MDkxMzJjNDc2NjA5MzciLCJ0eXAiOiJKV1QifQ.eyJpc3MiOiJodHRwczovL2FjY291bnRzLmdvb2dsZS5jb20iLCJhenAiOiIzMTExMTYzNjc2Mi1pM3ZlOGZhaXZjOWg2MWJ2dm5sYzc2a3Q5cGk4aDhudi5hcHBzLmdvb2dsZXVzZXJjb250ZW50LmNvbSIsImF1ZCI6IjMxMTExNjM2NzYyLWkzdmU4ZmFpdmM5aDYxYnZ2bmxjNzZrdDlwaThoOG52LmFwcHMuZ29vZ2xldXNlcmNvbnRlbnQuY29tIiwic3ViIjoiMTA5NTUxNzU2MDU5ODU1OTIyNTQ5IiwiZW1haWwiOiJwZWRqdWFuZ2phdmFAZ21haWwuY29tIiwiZW1haWxfdmVyaWZpZWQiOnRydWUsImF0X2hhc2giOiJ4NnUyZEVYclJIVTdKQkV4VjF5SExRIiwibmFtZSI6IlBlZGp1YW5nIEphdmEiLCJwaWN0dXJlIjoiaHR0cHM6Ly9saDMuZ29vZ2xldXNlcmNvbnRlbnQuY29tL2EvQUNnOG9jSkVRa2hIWU5waFZlNVhnbnpVWDFPY1pyczBlOWpJc0RPWS01VlMydEktSEdrPXM5Ni1jIiwiZ2l2ZW5fbmFtZSI6IlBlZGp1YW5nIiwiZmFtaWx5X25hbWUiOiJKYXZhIiwibG9jYWxlIjoiaWQiLCJpYXQiOjE3MDQ2ODUyMTYsImV4cCI6MTcwNDY4ODgxNn0.dXkJv4dIM0uDjHtVUBK52r3flBc5FF2x7E_ax-Urr069sid7h2zaj8xS8gFxvPTEq7JMvqe-GvolJiDAica7eP3Vpa-KWd9FnLWHEJDtfAJqhI2NnUCIZKe2HKeT2tCw1Zs-68zmAaia8TsOzl-w1vWoiUMdnNXZM4XGgXCYCnZz-tX0R08zSFq6ByiUz18Rjn3Qcv8OdHywHJmyO1ilaNvGg5SlnqMi_06H9sO7nnHCMLioSYEMsRpRECKGyCid5RuhVn2bd_D2hLVsCiHkW58wK6Zd8J0bclZyMy8O-3apJVTkyFaFzPatYJCHMropmckcQUMpzIuFrabYLGhLcg	google	109551756059855922549	\N	https://www.googleapis.com/auth/userinfo.email https://www.googleapis.com/auth/userinfo.profile openid	\N	Bearer	oauth	user-clr4dkawo000008jt6zsc546b
ya29.a0AfB_byCO-1z1oWiiBQQ4Zij73NxEX8QKU9oJwXZsDKbW3_EN7KAOfqZq2IVz-bqyNUScCxV0RT-FzIbsrF7O9Jai4-rfwoeENR3-zR8utTz8frncupVyhaJiMunt_8VvX7VXurVL4hsXn9LFnqnbX0kbriLtZBPd1tZRaCgYKAW8SARASFQHGX2Mi2th69f_7306ReSJwvzEvOg0171	1705114698	eyJhbGciOiJSUzI1NiIsImtpZCI6IjFmNDBmMGE4ZWYzZDg4MDk3OGRjODJmMjVjM2VjMzE3YzZhNWI3ODEiLCJ0eXAiOiJKV1QifQ.eyJpc3MiOiJodHRwczovL2FjY291bnRzLmdvb2dsZS5jb20iLCJhenAiOiIzMTExMTYzNjc2Mi1pM3ZlOGZhaXZjOWg2MWJ2dm5sYzc2a3Q5cGk4aDhudi5hcHBzLmdvb2dsZXVzZXJjb250ZW50LmNvbSIsImF1ZCI6IjMxMTExNjM2NzYyLWkzdmU4ZmFpdmM5aDYxYnZ2bmxjNzZrdDlwaThoOG52LmFwcHMuZ29vZ2xldXNlcmNvbnRlbnQuY29tIiwic3ViIjoiMTAzOTA1MzM1MzgwODkzNDg4Njc5IiwiZW1haWwiOiJpdHNuaW1lQGdtYWlsLmNvbSIsImVtYWlsX3ZlcmlmaWVkIjp0cnVlLCJhdF9oYXNoIjoiMmV5MXl3OUVmeGJOMENQdFBwdDJPdyIsIm5hbWUiOiJzdXBwb3J0IGl0c25pbWUiLCJwaWN0dXJlIjoiaHR0cHM6Ly9saDMuZ29vZ2xldXNlcmNvbnRlbnQuY29tL2EvQUNnOG9jSncxdlBrX0U2WkZHVExKcHhlZ0xmUHJPTnQ3bW5aSHh3UzVid1d2LWlRPXM5Ni1jIiwiZ2l2ZW5fbmFtZSI6InN1cHBvcnQiLCJmYW1pbHlfbmFtZSI6Iml0c25pbWUiLCJsb2NhbGUiOiJpZCIsImlhdCI6MTcwNTExMTA5OSwiZXhwIjoxNzA1MTE0Njk5fQ.cXLe439IwNZ4RFHplUGNz8uSrTk8JlY6yK_-HQDyoJuGJd-P4oxwhg52Ab-c9IeH8PdiC9eoKCOgAuYUbj71QO5nsyMB1RMlYT3Gp6R9bemqSEDVHoWnPyewDCuwK3GRGRCvnaa21G9dhJRIOzQy6dg_4mx1mda5dd7m6oifyo6eHnTZK9MSs6RiMiMQPLpsRpI1T-AoxtjwJVeMu43Jjf8wfa-qX1ciXo364WYU0vQmLrXYvdc1rOS4xKiWD-J5vTomAYG65lKNPaE8rJs5zE9jX1Ff5ZW92dSeS0TxoM-MkYruZya6IJ63uCFLVKrdflYn8-R04ppz_QPyXvol9Q	google	103905335380893488679	\N	openid https://www.googleapis.com/auth/userinfo.email https://www.googleapis.com/auth/userinfo.profile	\N	Bearer	oauth	user-clrbf4gq8000008jm3l1ih0qh
ya29.a0AfB_byB-HBKKMnju3VfbJ5EIHuw_YN0lC0VheV2XohLuo77vtTv3_FloBIo0q0qiqEsxdcvBewLtVpKhWadunw_1Aj_vXLdo1D32kTVmrJkaKDKCpEVtouKmcN5XA0jzfHqoL_g90ZL1ZgT1QfZICDZ5Jk9wzryjw559aCgYKAdASARMSFQHGX2MiMp55wsTEYrxwqT4g9gM6Bg0171	1705161415	eyJhbGciOiJSUzI1NiIsImtpZCI6IjFmNDBmMGE4ZWYzZDg4MDk3OGRjODJmMjVjM2VjMzE3YzZhNWI3ODEiLCJ0eXAiOiJKV1QifQ.eyJpc3MiOiJodHRwczovL2FjY291bnRzLmdvb2dsZS5jb20iLCJhenAiOiIzMTExMTYzNjc2Mi1pM3ZlOGZhaXZjOWg2MWJ2dm5sYzc2a3Q5cGk4aDhudi5hcHBzLmdvb2dsZXVzZXJjb250ZW50LmNvbSIsImF1ZCI6IjMxMTExNjM2NzYyLWkzdmU4ZmFpdmM5aDYxYnZ2bmxjNzZrdDlwaThoOG52LmFwcHMuZ29vZ2xldXNlcmNvbnRlbnQuY29tIiwic3ViIjoiMTE4MDE1Mjg2NzAxOTk1MDY1NTE3IiwiZW1haWwiOiJ0ZWFtLmNvbm5leHNvZnRAZ21haWwuY29tIiwiZW1haWxfdmVyaWZpZWQiOnRydWUsImF0X2hhc2giOiJ1SkFwTVUzS05rNEZTeFRQZVl0Ni1nIiwibmFtZSI6IkNvbm5leCBTb2Z0d2FyZSIsInBpY3R1cmUiOiJodHRwczovL2xoMy5nb29nbGV1c2VyY29udGVudC5jb20vYS9BQ2c4b2NKQzNjZld4Y1NKQWxrQzNxd1ltZTdlSlFSeFBkY1ZYTjJtUHJlNVFkV2s4dz1zOTYtYyIsImdpdmVuX25hbWUiOiJDb25uZXgiLCJmYW1pbHlfbmFtZSI6IlNvZnR3YXJlIiwibG9jYWxlIjoiaWQiLCJpYXQiOjE3MDUxNTc4MTYsImV4cCI6MTcwNTE2MTQxNn0.YSn31ccy8LMhpWxYhJqPINFdRwyE3OeIE4IwzxpAKeK2l0NGckrx_HtSEgADYPozEcA5b8VFQbcGqXeMwIsv17l7C_wXZy_RdwCkkEti2vnS6ZgExMZ-6EAOv47jsCrAtpVjTweuxgwAxTvVeMjbCv9tUHdNv3DY4dEIZa-hSP9WORjABkuipQ6_H8v973aW-0U5jG9OERzyBuwyR1jSSL6kSb3gZ-iT5IyG8c4IIzo6XbPR4x4_YHt247tu_A7Rk5Y4Gh7ZZBFO56TNFMjEQN4Ca7teuExlSTaRwxIhnSe5GATMbwlmoEeT1u_EQwlRfY-D5P-8-1BzGRujDh9HtQ	google	118015286701995065517	\N	https://www.googleapis.com/auth/userinfo.email https://www.googleapis.com/auth/userinfo.profile openid	\N	Bearer	oauth	user-clrc6xtf9000008l78rlh69ny
ya29.a0AfB_byC8OGBJz31IRK4LEmyzK--XByNdF1dra-iTXOfCQjInrzSBy4x4LvzLl41MV5d4C0p35fFs8p6BDbLVuC-D2dvBiSbu_WLdvrMwYfWh01RFQTYjil0BtqYQ8lntWG6uxCPSCt_ooOgt7gaARN9_NfNkiJ4j5gYWaCgYKAScSARESFQHGX2MiOxQsj8ypDUqk2_QKg-THDA0171	1705414777	eyJhbGciOiJSUzI1NiIsImtpZCI6IjFmNDBmMGE4ZWYzZDg4MDk3OGRjODJmMjVjM2VjMzE3YzZhNWI3ODEiLCJ0eXAiOiJKV1QifQ.eyJpc3MiOiJodHRwczovL2FjY291bnRzLmdvb2dsZS5jb20iLCJhenAiOiIzMTExMTYzNjc2Mi1pM3ZlOGZhaXZjOWg2MWJ2dm5sYzc2a3Q5cGk4aDhudi5hcHBzLmdvb2dsZXVzZXJjb250ZW50LmNvbSIsImF1ZCI6IjMxMTExNjM2NzYyLWkzdmU4ZmFpdmM5aDYxYnZ2bmxjNzZrdDlwaThoOG52LmFwcHMuZ29vZ2xldXNlcmNvbnRlbnQuY29tIiwic3ViIjoiMTA3NjcyNzgyNDA2NDU5NDY4NzM3IiwiZW1haWwiOiJ0aXN3YW44OTdAZ21haWwuY29tIiwiZW1haWxfdmVyaWZpZWQiOnRydWUsImF0X2hhc2giOiJhZmJnUnlSeXRMRlJ0SmNYUlZSYVd3IiwibmFtZSI6IlRpc3dhbiIsInBpY3R1cmUiOiJodHRwczovL2xoMy5nb29nbGV1c2VyY29udGVudC5jb20vYS9BQ2c4b2NMaHZDMXM4dTZFck1uUDdxNmRFRVZHa1g0LTEzbktrYkUtQmxPQkdnZzI9czk2LWMiLCJnaXZlbl9uYW1lIjoiVGlzd2FuIiwibG9jYWxlIjoiaWQiLCJpYXQiOjE3MDU0MTExNzgsImV4cCI6MTcwNTQxNDc3OH0.RlJhVAJKQAs0PF1n36aVy-fpWvtV8iq_oj3mWd1IAvKuNuItExX1sFJAUEUxsY5picOq34ONOunAJhLbRiI1g-pxs2lkPCqFBnEIyjs6z4ujMtN7ALR2znAFHrbhFBzVKmYMm2iCcAGSfEACmtz0jEfjFVsxERSEM52GEZcHefP1bPiPcT88ylCQCmvzHUTz92F--TD5sTaEJmpkQv93u236bd_oqa785SnoBHBN4RSssXsfOqCNVAd_0a-6dyklu73BgbagFdV8nSsWmvcUvu6LOuV2TlZZrwkoth4-Mi7aLGYKCr8imAavLX80XqN3En6TcsrbhFelzZuRd9nP1w	google	107672782406459468737	\N	https://www.googleapis.com/auth/userinfo.email https://www.googleapis.com/auth/userinfo.profile openid	\N	Bearer	oauth	user-clrgds8aa000008l2ahng06l0
ya29.a0AfB_byBE5ixuBSJpGd43RB1ibzSVrZRJKSVyFMW_7LNLqpgAj4HtASe7MVyGU-6QJvOIZpCPwuhipmP-ILjv2akWQLJ4SlYYigywT6Mry7iLk12SgznLYEMPQuncxXP_fkaYqhUCoQfXuLTPllz0Ajn_u8UW5bcXN2QRaCgYKAUQSARASFQHGX2Mi1TVOX_prKjjau4r8YLpsSw0171	1705676927	eyJhbGciOiJSUzI1NiIsImtpZCI6IjQ4YTYzYmM0NzY3Zjg1NTBhNTMyZGM2MzBjZjdlYjQ5ZmYzOTdlN2MiLCJ0eXAiOiJKV1QifQ.eyJpc3MiOiJodHRwczovL2FjY291bnRzLmdvb2dsZS5jb20iLCJhenAiOiIzMTExMTYzNjc2Mi1pM3ZlOGZhaXZjOWg2MWJ2dm5sYzc2a3Q5cGk4aDhudi5hcHBzLmdvb2dsZXVzZXJjb250ZW50LmNvbSIsImF1ZCI6IjMxMTExNjM2NzYyLWkzdmU4ZmFpdmM5aDYxYnZ2bmxjNzZrdDlwaThoOG52LmFwcHMuZ29vZ2xldXNlcmNvbnRlbnQuY29tIiwic3ViIjoiMTA5NTE3Mjc2MzYyNTcyNTcwMjM4IiwiZW1haWwiOiJyZWpvdWlzLmRlZ3VyZWNoYWZmQGdtYWlsLmNvbSIsImVtYWlsX3ZlcmlmaWVkIjp0cnVlLCJhdF9oYXNoIjoiZUVQaHlEWnNjV3MwSURTNjk1T0JBUSIsIm5hbWUiOiJSZWpvdWlzIHZhbiBkZWd1cmVjaGFmZiIsInBpY3R1cmUiOiJodHRwczovL2xoMy5nb29nbGV1c2VyY29udGVudC5jb20vYS9BQ2c4b2NKWndOTDZBV0xtc3c2SF9oQVJUdmQ2VWJIWXhXWnpzX0hFM2d5LXNNLVc9czk2LWMiLCJnaXZlbl9uYW1lIjoiUmVqb3VpcyIsImZhbWlseV9uYW1lIjoidmFuIGRlZ3VyZWNoYWZmIiwibG9jYWxlIjoiaWQiLCJpYXQiOjE3MDU2NzMzMjgsImV4cCI6MTcwNTY3NjkyOH0.dg8uw--vQEUA1Ldce7l7tFNmV3PEXi073EG9jlnhpBqeFFCY04dbb3g2WO0QbSj5G05UEknxAVhDvgMF81liArvqUCGJ922Gj9pYtouqc_DCPZmonDblarUSvLWVyXggbCXsUJwTIuKZDJaWD9N7ncmz6g9_S0Ewad_5M6u504JPwInYDM-8kSxjDthNAiMNkHGUtelxE2kDO9dw3vCWXDQOvgoYINTMruTs7iGb0YRRM5ZdEhmh6OYRjc4JSkSRZjwyyJu2c_D94CKR6aMnSt1H3XnuOk3UKkkZyaEL_ty6X7tQ8PRmvtxJBIAkRo4EYbGWBqLwwGnV1PKZf51fYQ	google	109517276362572570238	\N	https://www.googleapis.com/auth/userinfo.profile openid https://www.googleapis.com/auth/userinfo.email	\N	Bearer	oauth	user-clrkpv0pz000008l98w774518
ya29.a0AfB_byCkOlXQOgG-R0f1NeX9y_mS1r2etsxgvaIVyslZ3PXka9KWYt6YN7_xG7lEgcwGPxvYlssmrJhSgOYAOjr4ffe6L082eP3ojp-Z9bmkQbMGX-U7xSO8H7p5LlaulV1yYsWhtpbJTW9Nt5UTa61NPpLE5_gUD2CEaCgYKAeISARASFQHGX2Mi3NpN4RxyUkDTguz66O4mPQ0171	1706240419	eyJhbGciOiJSUzI1NiIsImtpZCI6IjQ4YTYzYmM0NzY3Zjg1NTBhNTMyZGM2MzBjZjdlYjQ5ZmYzOTdlN2MiLCJ0eXAiOiJKV1QifQ.eyJpc3MiOiJodHRwczovL2FjY291bnRzLmdvb2dsZS5jb20iLCJhenAiOiIzMTExMTYzNjc2Mi1pM3ZlOGZhaXZjOWg2MWJ2dm5sYzc2a3Q5cGk4aDhudi5hcHBzLmdvb2dsZXVzZXJjb250ZW50LmNvbSIsImF1ZCI6IjMxMTExNjM2NzYyLWkzdmU4ZmFpdmM5aDYxYnZ2bmxjNzZrdDlwaThoOG52LmFwcHMuZ29vZ2xldXNlcmNvbnRlbnQuY29tIiwic3ViIjoiMTAxNTMxNTgxMzcxMDA0NjAwMzgwIiwiZW1haWwiOiJidW5nYWF5dWxlbnN0bzAzNUBnbWFpbC5jb20iLCJlbWFpbF92ZXJpZmllZCI6dHJ1ZSwiYXRfaGFzaCI6IlVqT0FZZTEwTjZpQWoyb2ZPM2FHNmciLCJuYW1lIjoiS2VsaW5jaSBBbm9uaW0iLCJwaWN0dXJlIjoiaHR0cHM6Ly9saDMuZ29vZ2xldXNlcmNvbnRlbnQuY29tL2EvQUNnOG9jS201ZHdYSUlqdGMzRVZ4Y1FsREZ5TkZXQ3lSUzMyYkhvQXIweldpalZoNmc9czk2LWMiLCJnaXZlbl9uYW1lIjoiS2VsaW5jaSIsImZhbWlseV9uYW1lIjoiQW5vbmltIiwibG9jYWxlIjoiaWQiLCJpYXQiOjE3MDYyMzY4MjAsImV4cCI6MTcwNjI0MDQyMH0.pDczRqh6DBASWSz6WrkWXu42wGF2GDA8xavcJthTWXynCIizHgX2pVOD6pJWr64HBqokvv1oIoVDpZgzmFrqbF6QMiYpX4EUIv7zL5aTOxj7qqi1wRGaXqe8r4_2Pj17U0hJFminPq7pR7AqqfnvUgN6xp3-KryAssLhi-l0ZGWisOzADOq0cbI8--ObnCI8IWBdg_f-3v2ADc3TxD2NuCyTueXo6pJ4hKvn1q2OawXMK182NFXOv8k1cry-g7-6kdasRE5EzIgMk_w3f9MXd90WUalshG-WKAC23aIMM-dmXyyQrNWDTkTchiWfea7iuocARY43frwfdBIcO6lGhA	google	101531581371004600380	\N	https://www.googleapis.com/auth/userinfo.email openid https://www.googleapis.com/auth/userinfo.profile	\N	Bearer	oauth	user-clru1ckik000008jo73nj7euq
ya29.a0AfB_byA5eI6FwGGXE0QjbxHqbNNOgLUwODgoyTHXszCQzrn28lRWx3XkAAzEMXRPkaskVb1PbkdEqFJMzWVOwelgPT2NSYRjNlYdJ7PcEmXvfUtdzdp0pRlyYdNOpuYTmjyJ6qF_1uRLzsh1PKCea-vfGfQWhAROZsI-aCgYKAQ4SARISFQHGX2Mir6NcRHPBH0A5LI22pWvE-g0171	1706885247	eyJhbGciOiJSUzI1NiIsImtpZCI6Ijg1ZTU1MTA3NDY2YjdlMjk4MzYxOTljNThjNzU4MWY1YjkyM2JlNDQiLCJ0eXAiOiJKV1QifQ.eyJpc3MiOiJodHRwczovL2FjY291bnRzLmdvb2dsZS5jb20iLCJhenAiOiIzMTExMTYzNjc2Mi1pM3ZlOGZhaXZjOWg2MWJ2dm5sYzc2a3Q5cGk4aDhudi5hcHBzLmdvb2dsZXVzZXJjb250ZW50LmNvbSIsImF1ZCI6IjMxMTExNjM2NzYyLWkzdmU4ZmFpdmM5aDYxYnZ2bmxjNzZrdDlwaThoOG52LmFwcHMuZ29vZ2xldXNlcmNvbnRlbnQuY29tIiwic3ViIjoiMTAwNzMxNjY5OTM4NzcyOTI5NTAxIiwiZW1haWwiOiJtb2JpbGVsZWdlbmQubGludG9lQGdtYWlsLmNvbSIsImVtYWlsX3ZlcmlmaWVkIjp0cnVlLCJhdF9oYXNoIjoidkdXUFRJWXVjNGJzXy1WS3pXTGUyQSIsIm5hbWUiOiJtb2JpbGUgbGVnZW5kIiwicGljdHVyZSI6Imh0dHBzOi8vbGgzLmdvb2dsZXVzZXJjb250ZW50LmNvbS9hL0FDZzhvY0k0eEF0UGtzNFVmYWwxcEREMlVvcVRyQ3kwQndJN0RpR0xCSFE5Tm9ucD1zOTYtYyIsImdpdmVuX25hbWUiOiJtb2JpbGUiLCJmYW1pbHlfbmFtZSI6ImxlZ2VuZCIsImxvY2FsZSI6ImlkIiwiaWF0IjoxNzA2ODgxNjQ4LCJleHAiOjE3MDY4ODUyNDh9.zR1fl0f8whF3eeON_XSWX02R63tr5aQZ7Oa1DXvBwLOkQjrwCi20cIK-UA4drIv9ztzBk8CjaPVD8lPEdNjfMdQztgI-0U3hiIMqmdNZJodWAnhvw1rIktdogYw2Nt94mF93heP5hwfaXrxnXrKNk4pFTvk0Nvdz92ALPB8r54v71-q3GoIbqXtLouHt26c4lrymHIZiGZcEAUKJdrgBqKRaryang18ow0OkIlvm-J_MFnNGfRKzBJ8iq-5oX-ffGdSea_OIZw5yytk_TeaESv-Wb2WhQedAp6yNfvmsN8PU1iVgBAayvjQXadkbRwZFE0aZhrK2oIarD2syFRMYDA	google	100731669938772929501	\N	https://www.googleapis.com/auth/userinfo.email https://www.googleapis.com/auth/userinfo.profile openid	\N	Bearer	oauth	user-cls4p9hjm000008js85zi8pmc
ya29.a0AfB_byBlCNtGx06B__juLkIrMvVeNJELZKshu-O_apP3egLg3hQ5B9fCtiL6wPaYo6ey1exG2X0TI2e6J2iHIAoLCt8X4VuzoPQdiMfGpPSG3poTf78azCPz1fo9Jg0PXrH-d9MpqnnTgzdoe_zJkUPMp-3khie5m4G4aCgYKAQkSARISFQHGX2MiWaHYgajv65Q0Hl-Va7uugw0171	1707018724	eyJhbGciOiJSUzI1NiIsImtpZCI6ImJkYzRlMTA5ODE1ZjQ2OTQ2MGU2M2QzNGNkNjg0MjE1MTQ4ZDdiNTkiLCJ0eXAiOiJKV1QifQ.eyJpc3MiOiJodHRwczovL2FjY291bnRzLmdvb2dsZS5jb20iLCJhenAiOiIzMTExMTYzNjc2Mi1pM3ZlOGZhaXZjOWg2MWJ2dm5sYzc2a3Q5cGk4aDhudi5hcHBzLmdvb2dsZXVzZXJjb250ZW50LmNvbSIsImF1ZCI6IjMxMTExNjM2NzYyLWkzdmU4ZmFpdmM5aDYxYnZ2bmxjNzZrdDlwaThoOG52LmFwcHMuZ29vZ2xldXNlcmNvbnRlbnQuY29tIiwic3ViIjoiMTExOTA5MzY3NTAyODIxNDA0MzQ3IiwiZW1haWwiOiJmb3pzdGV2QGdtYWlsLmNvbSIsImVtYWlsX3ZlcmlmaWVkIjp0cnVlLCJhdF9oYXNoIjoiQmdSdlEyUWhnQzlMc29ZOVhYZlBadyIsIm5hbWUiOiJTdGV2IEZveiIsInBpY3R1cmUiOiJodHRwczovL2xoMy5nb29nbGV1c2VyY29udGVudC5jb20vYS9BQ2c4b2NKMVo4TTlOSVdOWENhTWV0dEJvN0hKM3dsTnd1TEJxd2I3ckhnSmtfU3E9czk2LWMiLCJnaXZlbl9uYW1lIjoiU3RldiIsImZhbWlseV9uYW1lIjoiRm96IiwibG9jYWxlIjoiaWQiLCJpYXQiOjE3MDcwMTUxMjUsImV4cCI6MTcwNzAxODcyNX0.cE1CZ1fFz6bDlpSl7cxkeLaF9V6wdNW6iOtyxtX8nZXHPJxTwH0AVhqnoMg59zR8r41Qtp0IO19QgNqQS96JwtkJTpMrbw9g_Vwp_nh30T7uOcwEpIPrc3I1YxdtZjQTWlJL8E_F8axczvOeZYNWwJggv5dn8MKz-51eX_PLMpK2JSHN8TRDwYG-GmBBAnVkJEyAVadRAvaxpQNY-R8edw_YuHhctXPSjzOrsjWS_5-nyRKWNehwF9-fnxSfmaVYzr-uuj_kjHVDL2mIpfHo2gdAYMoI2nDmaZsfirDWmX_7k3fK3UperD6Ds_cdX3dBmDbTju9G0yPubVNVUI-jmQ	google	111909367502821404347	\N	openid https://www.googleapis.com/auth/userinfo.email https://www.googleapis.com/auth/userinfo.profile	\N	Bearer	oauth	user-cls6wqdu5000008l004u7a4wh
ya29.a0AfB_byCSbVe8MAWm2hJz5vlEqPPHIeGwBRaUOa0WCBB46Xd3BAxUnLZQ-gQOLlcSWAsuIzURIIRumOuJ9cDH1hdnEHDrxCevy46S6larnDxcE5aiVkKqagcdzp7I9tTTPa33EnOOLbJygz4piTMRQNlaclvmlgPGExsPaCgYKAfwSARESFQHGX2MidKL72U6cOjcyyThh76MU8Q0171	1708772966	eyJhbGciOiJSUzI1NiIsImtpZCI6IjU1YzE4OGE4MzU0NmZjMTg4ZTUxNTc2YmE3MjgzNmUwNjAwZThiNzMiLCJ0eXAiOiJKV1QifQ.eyJpc3MiOiJodHRwczovL2FjY291bnRzLmdvb2dsZS5jb20iLCJhenAiOiIzMTExMTYzNjc2Mi1pM3ZlOGZhaXZjOWg2MWJ2dm5sYzc2a3Q5cGk4aDhudi5hcHBzLmdvb2dsZXVzZXJjb250ZW50LmNvbSIsImF1ZCI6IjMxMTExNjM2NzYyLWkzdmU4ZmFpdmM5aDYxYnZ2bmxjNzZrdDlwaThoOG52LmFwcHMuZ29vZ2xldXNlcmNvbnRlbnQuY29tIiwic3ViIjoiMTEzNjIwNTYwMTYwNDUwMTUxODEzIiwiZW1haWwiOiJuYWltbW1tYWJAZ21haWwuY29tIiwiZW1haWxfdmVyaWZpZWQiOnRydWUsImF0X2hhc2giOiJHelhLV3VmNnBNTWU4eXFaQ1hiYTNBIiwibmFtZSI6Im5haW0gYWJkdWxsYWgiLCJwaWN0dXJlIjoiaHR0cHM6Ly9saDMuZ29vZ2xldXNlcmNvbnRlbnQuY29tL2EvQUNnOG9jTGI5SU5QT3BKQ19tQjJSUkcybjJveV96aWFQTlc0S2ZhMU5RTFI2LW89czk2LWMiLCJnaXZlbl9uYW1lIjoibmFpbSIsImZhbWlseV9uYW1lIjoiYWJkdWxsYWgiLCJsb2NhbGUiOiJpZCIsImlhdCI6MTcwODc2OTM2NywiZXhwIjoxNzA4NzcyOTY3fQ.hRQa-y1gSudO5FFxtJoOdc1sTNKTvlxqoOKKOm_O6DOq-jGXt60zSmACxiNmi0fak8dtZRPAQomAkKu6NEAEYQChldg1FyceDCB6oxWHTzCYIIZ2RP66dG5-HAnfL6pxiz9HoQ8ZFiF7NQoPHdunYKWPmKK2xTkrGkeKpq7kJKWz6_OXVMCBPk4PJVnJ681NGC75koenqD-sVWI6iYiZd2te33f47N3VyYlalOsWqVhCsTm62vax0wZHcc4dCrptgZ9K05RbDyu-0Y_IMAtadnje0Ooi4cAJZS_OzqXdy7pX4HkHSNj5hK5mej1UZpWYreVLH34CsOr6kHTG306iRw	google	113620560160450151813	\N	https://www.googleapis.com/auth/userinfo.email https://www.googleapis.com/auth/userinfo.profile openid	\N	Bearer	oauth	user-clszx5ugx000008jq33j37v9d
ya29.a0Ad52N3-_Q_RWjv3VBGCTHlyk11bI2ZnZVeemrGTPJvV4WMmsYxs8re8crjHEYWuhGe3cO-ALzCqE7bA2uo0Ms9ndY61E0OFOAqwCLZ3MeM2oOEpiF0-1TsxUAfPfw0jQ0KFgmBd8FLu-P7hC82r3EFZnxSWQEBJuQ1J4aCgYKAcoSARISFQHGX2Mi8HZL8HqSLMsH5Y5FguGuDA0171	1709994684	eyJhbGciOiJSUzI1NiIsImtpZCI6IjA4YmY1YzM3NzJkZDRlN2E3MjdhMTAxYmY1MjBmNjU3NWNhYzMyNmYiLCJ0eXAiOiJKV1QifQ.eyJpc3MiOiJodHRwczovL2FjY291bnRzLmdvb2dsZS5jb20iLCJhenAiOiIzMTExMTYzNjc2Mi1pM3ZlOGZhaXZjOWg2MWJ2dm5sYzc2a3Q5cGk4aDhudi5hcHBzLmdvb2dsZXVzZXJjb250ZW50LmNvbSIsImF1ZCI6IjMxMTExNjM2NzYyLWkzdmU4ZmFpdmM5aDYxYnZ2bmxjNzZrdDlwaThoOG52LmFwcHMuZ29vZ2xldXNlcmNvbnRlbnQuY29tIiwic3ViIjoiMTAxNzgzNjczMjY5MDQ5NzI1MDA2IiwiZW1haWwiOiJub2VsZHljcmVhdG9yQGdtYWlsLmNvbSIsImVtYWlsX3ZlcmlmaWVkIjp0cnVlLCJhdF9oYXNoIjoiblNmQkdCekZPaGg1YjYxLTVoQVJKdyIsIm5hbWUiOiJJbmRyYSBTYWggTm9lbGR5IiwicGljdHVyZSI6Imh0dHBzOi8vbGgzLmdvb2dsZXVzZXJjb250ZW50LmNvbS9hL0FDZzhvY0x0cVFzV1lNUWZCdThmcGFkS2hfYXozUms1VHRVQ2YyT1dkczNjSmZDZkZndz1zOTYtYyIsImdpdmVuX25hbWUiOiJJbmRyYSIsImZhbWlseV9uYW1lIjoiU2FoIE5vZWxkeSIsImxvY2FsZSI6ImlkIiwiaWF0IjoxNzA5OTkxMDg1LCJleHAiOjE3MDk5OTQ2ODV9.kh-1hWxeXBmPVPsnsM9B20WbUkhZsIqNYlYhRY8o5Vflf4hhqtyN58OGWxGBzR8FETErnOD1lZgdoCuLWwYbqLmTwnYLbsNe7w6ykS8PPwOsSijuJs-mLFNGAQdOb8fRHpK-OGu_v9upXR0Prf-tuwrekNfxIbuQ40RfGb1gU6fWrSMWNlDF92x1xW4dFty55psgJdMXBQTW7MJRfvhFOq_Sz-AzlFU-nufduwL79rDbP78fXyCn3jtEKeZnJxdsCbmRPvDSXSTMIogKQdSY9RY5mBq5SxaYepwdeD9LQlmNpnw9064uUJXnUWvaqWWCWnNUKGeYHmFaSG3_u33gpA	google	101783673269049725006	\N	openid https://www.googleapis.com/auth/userinfo.profile https://www.googleapis.com/auth/userinfo.email	\N	Bearer	oauth	user-cltk4ji4i000008l9gq2p9tqo
ya29.a0Ad52N3-EJR-38R--vfDZTQpfuHpKTZswDQo9cgjAwzeah_VdGrlE5xCpE579-49yWZ_C00QEI7G4De5tfA_T9DjbiLwk0WD8GGNnJNuqL7Tgdsw7TOg4qmFB9-c6iq2opXfulLPl7z0SjTUgkaO4mgyfuy8y0IS2B7FeaCgYKAdUSARISFQHGX2MieLjqnIFYY0yQVjMvgtrASg0171	1710516381	eyJhbGciOiJSUzI1NiIsImtpZCI6IjA5YmNmODAyOGUwNjUzN2Q0ZDNhZTRkODRmNWM1YmFiY2YyYzBmMGEiLCJ0eXAiOiJKV1QifQ.eyJpc3MiOiJodHRwczovL2FjY291bnRzLmdvb2dsZS5jb20iLCJhenAiOiIzMTExMTYzNjc2Mi1pM3ZlOGZhaXZjOWg2MWJ2dm5sYzc2a3Q5cGk4aDhudi5hcHBzLmdvb2dsZXVzZXJjb250ZW50LmNvbSIsImF1ZCI6IjMxMTExNjM2NzYyLWkzdmU4ZmFpdmM5aDYxYnZ2bmxjNzZrdDlwaThoOG52LmFwcHMuZ29vZ2xldXNlcmNvbnRlbnQuY29tIiwic3ViIjoiMTExOTU0NjQ2MDk1Nzg4NTc4NTg2IiwiZW1haWwiOiJ6YWthbWFyYWdhbWVzQGdtYWlsLmNvbSIsImVtYWlsX3ZlcmlmaWVkIjp0cnVlLCJhdF9oYXNoIjoic1JxNG50MjhJTTQ3NlZOZ0tBWGlEUSIsIm5hbWUiOiJZYXN6IEF2ZWxsaWEiLCJwaWN0dXJlIjoiaHR0cHM6Ly9saDMuZ29vZ2xldXNlcmNvbnRlbnQuY29tL2EvQUNnOG9jS3M2UEtqX2ctdlB2ZFRBZk9aaDV0ZE9lQzJqdUVUYW9lUE51VFBJNWJxbXBrPXM5Ni1jIiwiZ2l2ZW5fbmFtZSI6Illhc3oiLCJmYW1pbHlfbmFtZSI6IkF2ZWxsaWEiLCJsb2NhbGUiOiJpZCIsImlhdCI6MTcxMDUxMjc4MiwiZXhwIjoxNzEwNTE2MzgyfQ.jyZx645-QbG22nNkMhFQYG-3pcsn4WPGZljBC7Z75sLe0ghjgVB21T27M4bsdR_fZekomeRCiRT2KHsBrlGW_3WtAMj4pQP7Vs8jJ-7QL5PuPBUZe32MWTzZgGHzs9xQKO-KynLbJFRX1tsReokgPeE7Q7qZ0BYMAe8OiYFItX_dU7TvhrUIkldl2tosKTY86degPB2gDrUQFjbFccJ0UBh23yYszZpntJZ5yQIvmPT-DIsxLGug8UhYl4HWazoBpyvYHpWRimeu1QPn9e3LUjx8iaWukiB-shILzyC5lLzxXNEPfzj_KtDfrIOcHWZGqX1RnUOiA-tbXb0Fph638g	google	111954646095788578586	\N	https://www.googleapis.com/auth/userinfo.profile openid https://www.googleapis.com/auth/userinfo.email	\N	Bearer	oauth	user-cltsr5aaa000008gu59asa27c
\.


--
-- Data for Name: answer; Type: TABLE DATA; Schema: public; Owner: tfkhdyt
--

COPY public.answer (content, created_at, id, is_best_answer, question_id, updated_at, user_id) FROM stdin;
petani, kuli bangunan, asisten rumah tangga... maaf kalo kurang tepat	2023-12-03 01:51:00.672639+00	answer-clpott4p60000356dtbl8jiu0	f	question-clpnh2fny00032v6737de4btt	2023-12-03 01:51:00.672639+00	user-clpotpew9000008l52i6tcveb
   325\n+  478\n______\n   803\n	2023-12-04 23:37:58.422883+00	answer-clprjxgo30000356e8gf5wkg9	f	question-clpr0sf74000020631fs7tz7n	2023-12-04 23:37:58.422883+00	user-clprjw102000108k1g9xvf3ye
Keliling= 4Panjang Sisi\n\nDalam hal ini, jika panjang sisi persegi adalah 8 cm, maka kelilingnya adalah :\n\nKeliling\n=\n4  8cm = 32cm\n\nKeliling=48cm=32cm\n\nJadi, keliling persegi dengan panjang sisi 8 cm adalah 32 cm.	2023-12-03 01:55:39.564407+00	answer-clpotz3xt0001356d7y8i7l1v	t	question-clpnh10t200002v67xpmzm82x	2023-12-03 01:55:39.564407+00	user-clpotpew9000008l52i6tcveb
Nabi Musa AS = Taurat\nNabi Daud AS = Zabur\nNabi Isa AS = Injil\nNabi Muhammad SAW = Al-Quran	2023-12-04 10:54:36.158479+00	answer-clpqso1l300002064pgvlts6n	f	question-clpqs33ko0000336f5hq8itdd	2023-12-04 10:54:36.158479+00	user-clpp7e3nl000008i30rnc2ojn
Setiap gelas berisi 0,5 liter, dan Anda memiliki 4 gelas, sehingga jumlah totalnya adalah:\n\n0,5 liter/gelas * 4 gelas = 2 liter\n\nJadi, Anda memiliki total 2 liter susu.	2023-12-04 23:38:44.687503+00	answer-clprjygdm0001356eew7e2ml1	f	question-clprbshz40001336f54rod6dv	2023-12-04 23:38:44.687503+00	user-clprjw102000108k1g9xvf3ye
Haji Agus Salim dikenal sebagai seorang diplomat, politikus, dan tokoh intelektual yang berperan aktif dalam memperjuangkan kemerdekaan Indonesia dari penjajahan Belanda. Salah satu peran utama Haji Agus Salim adalah dalam diplomasi internasional.	2023-12-03 02:44:17.085982+00	answer-clpovq48e0000356deokd9ozc	t	question-clpou1gb90002356dtct3hnoi	2023-12-03 02:44:17.085982+00	user-clpovmd8b000008jzcdpgdmil
B. May I\n\nMaaf kalo salah...	2023-12-04 11:25:31.945176+00	answer-clpqtru5k0000356dahrjn9ew	f	question-clpqrb5da0000336e2b66haun	2023-12-04 11:25:31.945176+00	user-clpotpew9000008l52i6tcveb
 hal ini dinamakan Nilai guna Kegunaan Tempat.\nmaaf kalo salah.... 	2023-12-04 11:30:15.145718+00	answer-clpqtxwnc0001356dpabtaxja	f	question-clpozi4yy0000336e5hz5gsja	2023-12-04 11:30:15.145718+00	user-clpotpew9000008l52i6tcveb
Cerita Fiksi :\n-Imajinatif \n-Karakter dan Setting \n-Plot Fantastis\n-Tujuan Hiburan atau Penyampaian Pesan\n-Kreativitas Penulis \n\nCerita Nonfiksi :\n-Berbasis Fakta \n-Tujuan Informatif atau Edukatif \n-Tokoh dan Kejadian Nyata \n-Pendekatan Jurnalistik \n-Penekanan pada Kebenaran \n\nSemoga Membantu ya!	2023-12-04 11:34:33.082229+00	answer-clpqu3dic0000356ebcs14lm7	f	question-clpnh1k4a00012v674qq2yb57	2023-12-04 11:34:47+00	user-clpotpew9000008l52i6tcveb
\nFenomena di mana batu yang awalnya tidak memiliki nilai ekonomi yang signifikan di pegunungan menjadi lebih bernilai ketika dibawa ke toko bangunan dan dipakai oleh konsumen disebut sebagai "nilai tambah" atau "nilai guna tambah."\n\nDalam konteks ekonomi, nilai tambah mengacu pada peningkatan nilai suatu produk atau barang melalui berbagai tahapan produksi atau distribusi. Dalam kasus ini, batu yang diambil dari pegunungan mungkin memiliki nilai tambah ketika diolah dan dijual di toko bangunan, karena saat itu batu tersebut menjadi lebih mudah diakses dan digunakan oleh konsumen untuk berbagai keperluan bangunan	2023-12-04 23:39:39.650657+00	answer-clprjzms30002356exkvebon6	f	question-clpozi4yy0000336e5hz5gsja	2023-12-04 23:39:39.650657+00	user-clprjw102000108k1g9xvf3ye
1 liter / 4 gelas = 0,25 liter per gelas\n\nJadi, setiap gelas akan berisi 0,25 liter susu.	2023-12-03 08:15:44.604922+00	answer-clpp7jwef00003v67p81mjwcc	t	question-clpp7elyk00002063yjft387w	2023-12-03 08:15:44.604922+00	user-clpngv63f000009kz68z57hgh
Musa - taurat\nDaud - zabur\nIsa - injil\nMuhammad - quran	2023-12-04 16:08:13.293748+00	answer-clpr3vbsd0001336b0svili5v	f	question-clpqs33ko0000336f5hq8itdd	2023-12-04 16:08:13.293748+00	user-clpr3t8g8000009l2fgx59s48
Haji Agus Salim (18841954), seorang ulama, politikus, dan diplomat, menjadi tokoh kunci dalam sejarah Indonesia. Aktif dalam perjuangan kemerdekaan dan anggota Jong Java, ia terkenal sebagai pemimpin yang mengintegrasikan nilai-nilai Islam dengan semangat nasionalisme. Kontribusinya yang paling signifikan terjadi dalam Konferensi Meja Bundar (KMB) tahun 1949, di mana sebagai diplomat terkemuka, ia berhasil merundingkan pengakuan internasional terhadap kemerdekaan Indonesia, memperkuat legitimasi negara di dunia internasional. Setelah kemerdekaan, Agus Salim menjadi Menteri Luar Negeri, terus membangun hubungan diplomatik yang kokoh. Kemampuannya menjembatani perbedaan etnis dan agama menegaskan perannya dalam membangun persatuan, mempromosikan harmoni antarumat beragama. Meskipun wafat pada tahun 1954, warisan dan kontribusinya sebagai arsitek diplomasi dan identitas nasional tetap dihormati dan diakui hingga kini.	2023-12-04 23:44:14.086788+00	answer-clprk5iiz0003356e99t3cvkx	f	question-clpou1gb90002356dtct3hnoi	2023-12-04 23:44:14.086788+00	user-clprjw102000108k1g9xvf3ye
prabowo	2023-12-04 13:57:55.350449+00	answer-clpqz7tsy0000356dcrn486bt	f	question-clpqu6w5j0000356ejrdps5s7	2023-12-04 13:57:55.350449+00	user-clpqz48p9000008jqfdrd10sv
Ganjar mahfud	2023-12-04 16:07:25.398597+00	answer-clpr3uanb0000336b11dbubgc	f	question-clpqu6w5j0000356ejrdps5s7	2023-12-04 16:07:25.398597+00	user-clpr3t8g8000009l2fgx59s48
Raden Wijaya ya akhi	2023-12-04 11:50:27.674373+00	answer-clpqunvef0000336bg7qti4qo	t	question-clpqu6w5j0000356ejrdps5s7	2023-12-04 11:50:27.674373+00	user-clpquko0y000008l39r9t9h08
803	2023-12-04 19:46:51.87474+00	answer-clprboin80000336fk8c3w2re	t	question-clpr0sf74000020631fs7tz7n	2023-12-04 19:46:51.87474+00	user-clprbnefp000008jl2rw79l6p
2 liter	2023-12-04 23:22:45.076909+00	answer-clprje66k00002063y54eqyg1	f	question-clprbshz40001336f54rod6dv	2023-12-04 23:22:45.076909+00	user-clpp7e3nl000008i30rnc2ojn
Keliling (K) sebuah persegi dapat dihitung dengan rumus:\n\n\n=\n4\n\npanjang sisi\nK=4panjang sisi\n\nDalam hal ini, panjang sisi persegi adalah 8 cm. Gantilah nilai tersebut ke dalam rumus:\n\n\n=\n4\n\n8\nK=48\n\n\n=\n32\nK=32\n\nJadi, keliling persegi tersebut adalah 32 cm. Rumus ini berasal dari sifat dasar persegi yang memiliki keempat sisi dengan panjang yang sama. Oleh karena itu, kita cukup mengalikan panjang salah satu sisi dengan 4 untuk mendapatkan kelilingnya.\n	2023-12-04 23:46:07.891593+00	answer-clprk7ycw0000356etly5vyrw	f	question-clpnh10t200002v67xpmzm82x	2023-12-04 23:46:07.891593+00	user-clprjw102000108k1g9xvf3ye
Singkatnya, perbedaan antara cerita fiksi dan nonfiksi terletak pada elemen imajinatif dan fakta:\n\nFiksi: Melibatkan imajinasi dan karakter fiktif dalam setting yang diciptakan.\nNonfiksi: Berfokus pada fakta, kejadian nyata, dan penyajian informasi yang dapat diverifikasi.\nTujuan Penulisan: Fiksi untuk menghibur, nonfiksi untuk memberikan informasi atau edukasi.\nSetting: Fiksi memiliki setting imajinatif, nonfiksi berhubungan dengan dunia nyata.\nGaya Penulisan: Fiksi menggunakan bahasa kreatif, sementara nonfiksi bersifat objektif dan faktual.	2023-12-04 23:47:39.986156+00	answer-clprk9xex0001356emug5w9yp	f	question-clpnh1k4a00012v674qq2yb57	2023-12-04 23:47:39.986156+00	user-clprjw102000108k1g9xvf3ye
B. May I\n\nPertanyaan yang benar adalah:\n\n"Salsa: May I borrow your eraser, please?"\n\nPilihan ini merupakan bentuk pertanyaan yang sopan dan umum digunakan ketika meminta izin atau barang milik orang lain. "May I" sering digunakan untuk mengekspresikan permintaan atau izin dengan sopan.	2023-12-04 23:48:38.34304+00	answer-clprkb6fy0002356euzebc4py	f	question-clpqrb5da0000336e2b66haun	2023-12-04 23:48:38.34304+00	user-clprjw102000108k1g9xvf3ye
\nPendiri dan raja pertama Kerajaan Majapahit adalah C. Raden Wijaya.\n\nSingkatnya, Raden Wijaya adalah pendiri Kerajaan Majapahit yang didirikan pada tahun 1293 M. Ia berhasil mengalahkan kekuatan Mongol yang sebelumnya memerintah di Jawa dan kemudian menjadi raja pertama Majapahit.\n	2023-12-04 23:49:17.047077+00	answer-clprkc0b20003356evy1cqd6i	f	question-clpqu6w5j0000356ejrdps5s7	2023-12-04 23:49:17.047077+00	user-clprjw102000108k1g9xvf3ye
\nPertanian: Masyarakat desa terlibat dalam pertanian, menanam tanaman pangan dan buah-buahan serta melakukan peternakan untuk memenuhi kebutuhan lokal.\nPeternakan:Warga desa memelihara hewan seperti sapi, kambing, ayam, dan babi untuk sumber protein, serta menghasilkan susu dan telur sebagai sumber pendapatan.\nKerajinan Tangan: Beberapa penduduk desa terlibat dalam kerajinan tangan seperti anyaman, kain tradisional, gerabah, dan kerajinan kayu, menciptakan sumber pendapatan tambahan dan melestarikan keterampilan tradisional.	2023-12-04 23:50:47.915027+00	answer-clprkdyew0004356eey0q5mcw	f	question-clpnh2fny00032v6737de4btt	2023-12-04 23:50:47.915027+00	user-clprjw102000108k1g9xvf3ye
gaya pegas itu kan gaya yang timbul karena ditekan atau didorong jadi salah satu contohnya itu pompa ban sepeda\nkalau gaya gravitasi kan gaya tarik bumi, jadi contoh nya itu kalau kita liat ada buah jatuh dari pohon itu pasti kebawah ini karena ada nya gaya gravitasi tadi sender\n	2023-12-05 00:44:30.288059+00	answer-clprmbb6r0000356exsea399r	f	question-clprlydi10001356ezza0c6sa	2023-12-05 00:44:30.288059+00	user-clprm79wh000008jjcloj07q3
2 liter	2023-12-05 00:48:32.14634+00	answer-clprmghx50003356e5vbwpn57	f	question-clprbshz40001336f54rod6dv	2023-12-05 00:48:32.14634+00	user-clprm79wh000008jjcloj07q3
Tergantung bawaan badan kak ada yang 9 tahun sampai 17 tahun 	2023-12-05 01:42:09.642885+00	answer-clprodglw0003356eo6pnvc2r	f	question-clprmfmjr0002356e6noc1rtv	2023-12-05 01:42:09.642885+00	user-clpovmd8b000008jzcdpgdmil
Bilangan prima adalah bilangan yang hanya bisa dibagi oleh angka 1 dan angka itu sendiri.\n\nContohnya: 2, 3, 5, dan 7	2023-12-05 02:48:24.092827+00	answer-clprqqlpp0000336bi10eqbkd	f	question-clprmdiqm0001356epbhdtp30	2023-12-05 02:48:24.092827+00	user-clpp7e3nl000008i30rnc2ojn
Km = Kilo Meter\nHm = Hekto Meter\nDam = Deka Meter\nM = Meter\nDm = Desi Meter\nCm = Centi Meter\nMm = Mili Meter	2023-12-05 02:50:05.350636+00	answer-clprqsru40001336byhkrqrlv	f	question-clprmcuw50002356ex6fx403d	2023-12-05 02:50:05.350636+00	user-clpp7e3nl000008i30rnc2ojn
Kiwww	2024-01-26 02:40:41.760371+00	answer-clru1czus0000356fsbli3jvs	f	question-clrq68olm0000356iw96l7929	2024-01-26 02:40:41.760371+00	user-clru1ckik000008jo73nj7euq
b = 24	2023-12-05 12:05:28.003304+00	answer-clpsan3400001356ecnu5jlrp	t	question-clprnht900000336bne7r74df	2023-12-05 12:05:28.003304+00	user-clpsalcbj000008jq0u660gqr
L =  x a x t\nL = Luas segitiga sama sisi. \na = Alas segitiga sama sisi. \nt = Tinggi segitiga sama sisi	2023-12-05 13:47:42.864161+00	answer-clpseahuf0003356dotzsb4kg	f	question-clpsamc540000356emd9r88hw	2023-12-05 13:47:42.864161+00	user-clpse3nqo000008jyfxeie1mz
c. where\n\nSoalnya dia nanya lokasi/tempat	2023-12-05 13:58:09.230493+00	answer-clpsenxbl00002064hi440zck	f	question-clpse9abp0002356dshtinat5	2023-12-05 13:58:09.230493+00	user-clpp7e3nl000008i30rnc2ojn
a	2023-12-05 14:10:04.854013+00	answer-clpsf39k400003x5ti1ke43yx	f	question-clpse9abp0002356dshtinat5	2023-12-05 14:10:04.854013+00	user-clpsf2wds000808l007m83hpx
Luas = sisi x sisi\nKeliling= 4 x sisi	2023-12-05 22:24:44.07555+00	answer-clpswrcs60000336bzdngyclc	f	question-clpsamc540000356emd9r88hw	2023-12-05 22:24:44.07555+00	user-clpp7e3nl000008i30rnc2ojn
a. teks eksplanasi.\n\nMaaf kalau salah, aku mah masih pemula	2023-12-06 06:00:12.926001+00	answer-clptd156e00002063zxp98sxc	f	question-clpse87cn0001356dt842shy1	2023-12-06 06:00:12.926001+00	user-clpp7e3nl000008i30rnc2ojn
Hati berperan sebagai filter alami yang menyaring darah dan menghilangkan racun, obat-obatan, serta limbah lainnya. Dengan darah yang bersih, kesehatan tubuh pun akan terjaga.	2023-12-06 09:02:00.57533+00	answer-clptjixua0000336fhn7lcqpu	f	question-clpthf88j0000336cizvgro4e	2023-12-06 09:02:00.57533+00	user-clpotpew9000008l52i6tcveb
Menurut cerita tradisional Jawa, kerajaan ini didirikan oleh Raden Patah pada tahun Saka 1403 atau 1481 Masehi. Namun, beberapa sejarawan berpendapat bahwa Kerajaan Demak didirikan pada tahun 1500 M, dan sebagian lainnya meyakini tahun 1478 atau setahun sebelum berdirinya.	2023-12-07 01:57:24.588308+00	answer-clpujspny000020635xbljqzm	f	question-clptjh6j70000336fy6f2jv5l	2023-12-07 01:57:24.588308+00	user-clpp7e3nl000008i30rnc2ojn
a. Nyebrangin jalan	2023-12-06 09:50:40.871913+00	answer-clptl9iqm00003v68wgaxb9ph	t	question-clptkgts40001336eeq3pyt11	2023-12-06 09:50:40.871913+00	user-clpp7e3nl000008i30rnc2ojn
Merah putih dong\n\n\n\n\n\n\n\n\nPake nanya 	2023-12-07 07:53:43.74924+00	answer-clpuwizfo00002064nwtzlh4v	f	question-clpuwhxwz0001356dl6zp9vyp	2023-12-07 07:53:43.74924+00	user-clpp7e3nl000008i30rnc2ojn
Merah dan putih	2023-12-07 07:53:43.136839+00	answer-clpuwiyjv0000336erqoutvp2	t	question-clpuwhxwz0001356dl6zp9vyp	2023-12-07 07:53:43.136839+00	user-clpotpew9000008l52i6tcveb
d. 39\n\nMaaf kalau salah	2023-12-07 10:23:38.945576+00	answer-clpv1vrmv00001y6ar5r74xxj	f	question-clpse7f2i0000356d5wnupvt6	2023-12-07 10:23:38.945576+00	user-clpngv63f000009kz68z57hgh
\nPesan moral dari cerita "Si Kancil dan Buaya" melibatkan kecerdikan, peringatan terhadap kepercayaan diri berlebihan, dampak buruk ketidakjujuran, akibat perbuatan ceroboh, dan pentingnya kerja sama.	2023-12-08 08:23:04.096357+00	answer-clpwd0jws0001356dnxvec3m6	f	question-clpvv0lxt0001336a3kz5xl6j	2023-12-08 08:23:04.096357+00	user-clpotpew9000008l52i6tcveb
Energi terbarukan adalah energi yang diperoleh dari sumber daya alam bumi yang tak terbatas dan tidak pernah habis. Sejumlah contoh dari energi terbarukan ialah sinar matahari dan angin. 	2023-12-05 00:30:52.179063+00	answer-clprlts8l0000356e9tkcrs5q	f	question-clpnh21j300022v67rm811s4s	2023-12-05 00:30:52.179063+00	user-clpovmd8b000008jzcdpgdmil
Thomas Alva Edison dan Nikola Tesla. 	2023-12-08 08:23:57.908892+00	answer-clpwd1ph60002356d85rk07sh	t	question-clpvuydv30000336avmd9pwep	2023-12-08 08:23:57.908892+00	user-clpotpew9000008l52i6tcveb
kita hanya perlu menggunakan rumus berikut.\n\nsenin adalah hari pertama jadi bernilai 1, jika 1 + 5 = 6, maka hari ini adalah hari sabtu.\n\nlalu untuk mengetahui 50 hari kedepan adalah hari apa, kita perlu menggunakan rumus\n\n50 % 7 = 1\n\njadi, 1 hari setelah hari ini (sabtu) adalah hari minggu.	2023-12-07 04:49:11.663308+00	answer-clpupxn2s0001336fsbpw5pb2	f	question-clpupt1ng0000336fz52y64xr	2023-12-07 04:49:11.663308+00	user-clpuphmtu000008l86j071vyq
pak leli	2024-03-15 14:30:49.592438+00	answer-cltsrawxa00013j6dk3n15ha4	f	question-clrq68olm0000356iw96l7929	2024-03-15 14:30:49.592438+00	user-cltsr5aaa000008gu59asa27c
Hak asasi manusia (HAM) adalah hak-hak yang melekat pada setiap individu secara alami dan tidak dapat dicabut atau dikurangi oleh pihak manapun. Hak asasi manusia diakui sebagai hak yang fundamental dan universal, yang berlaku untuk semua orang tanpa memandang ras, agama, jenis kelamin, atau latar belakang lainnya. Konsep ini melibatkan ide bahwa setiap orang memiliki hak-hak dasar yang harus diakui, dihormati, dan dilindungi oleh pemerintah dan masyarakat. \nContoh situasi di kehidupan sehari-hari yang melibatkan penghormatan terhadap hak asasi manusia meliputi:\n-Kebebasan Berpendapat\n-Hak Privasi\n-Hak Pendidikan\n-Perlindungan Hukum\n-Hak Kesehatan\n-Hak Buruh\n-Hak Kebebasan Beragama.	2023-12-08 08:18:01.972038+00	answer-clpwcu2o90000356dijy67qfa	t	question-clpvv2bcy0002336adq4g23zr	2023-12-08 08:18:01.972038+00	user-clpotpew9000008l52i6tcveb
a. Mendengarkan 	2023-12-08 10:17:03.551623+00	answer-clpwh35b60000336acxzfr3tv	f	question-clpwd98gx0004356dlnn3lz88	2023-12-08 10:17:03.551623+00	user-clpp7e3nl000008i30rnc2ojn
	2023-12-08 10:17:32.959057+00	answer-clpwh3rml0001336a5ih79gpr	f	question-clpwd28nm0003356de98z6y71	2023-12-08 10:17:32.959057+00	user-clpp7e3nl000008i30rnc2ojn
- cinta tanah air\n- menghargai jasa para pahlawan\n- mengutamakan kepentingan umum\n- rasa kebanggaan sebagai bangsa	2023-12-12 23:42:32.50421+00	answer-clq2zmf1l00002064t22u8c46	f	question-clq2bvoan0000356eqqb95g3j	2023-12-12 23:42:32.50421+00	user-clpp7e3nl000008i30rnc2ojn
Ustad liat ini ustad!!!!!!	2023-12-08 14:57:40.630186+00	answer-clpwr42zs0001356ewgidf9xa	t	question-clpwd28nm0003356de98z6y71	2023-12-08 14:57:40.630186+00	user-clpovmd8b000008jzcdpgdmil
I'm sorry	2023-12-10 00:01:35.9416+00	answer-clpypzd2z00002064ozyrhj3r	f	question-clpy1xj4e0000356d3j7oe98o	2023-12-10 00:01:35.9416+00	user-clpp7e3nl000008i30rnc2ojn
Rengasdengklok	2023-12-14 07:40:59.587035+00	answer-clq4w5jo600002v68urktv5x4	f	question-clq4tv5130004356e7vcnu3hn	2023-12-14 07:40:59.587035+00	user-clpngv63f000009kz68z57hgh
Mungkin maksud kamu "siapa pencipta lampu".\nJawabannya Thomas Alva Edison	2023-12-14 07:41:36.098064+00	answer-clq4w6c2j00012v68pqm5t5xw	f	question-clq4tt95z0002356e7byt7m99	2023-12-14 07:41:36.098064+00	user-clpngv63f000009kz68z57hgh
Energi terbarukan adalah sumber daya energi yang dapat diperbaharui secara alami dan berkelanjutan. Ini termasuk:\n\nEnergi Matahari (Solar): Memanfaatkan sinar matahari untuk listrik dan panas.\n\nEnergi Angin (Wind): Mengubah energi kinetik angin menjadi listrik melalui turbin angin.\n\nEnergi Air (Hydropower): Menggunakan energi air yang mengalir untuk menghasilkan listrik.\n\nEnergi Panas Bumi (Geothermal): Memanfaatkan panas bumi untuk listrik atau pemanasan.\n\nEnergi Biomassa: Menggunakan bahan organik untuk menghasilkan listrik atau panas.\n\nEnergi Ombak dan Pasang Surut: Memanfaatkan energi ombak laut atau pasang surut untuk listrik.\n\nPemanfaatan energi terbarukan membantu mengurangi emisi gas rumah kaca dan mendukung transisi menuju sistem energi yang lebih berkelanjutan.	2023-12-04 23:45:15.166707+00	answer-clprk6tnk0004356e8pckgyje	t	question-clpnh21j300022v67rm811s4s	2023-12-04 23:45:15.166707+00	user-clprjw102000108k1g9xvf3ye
Isaac newton	2023-12-12 11:33:28.845054+00	answer-clq29ktqv00001y6a9w6jfn2m	f	question-clq29ifhn00003i6coylb51xv	2023-12-12 11:33:28.845054+00	user-clpngv63f000009kz68z57hgh
Izin jawab ya kak, hal ini dikarenakan bapak Ir Soekarno merupakan tokoh pertama kali presiden RI dan beliau jugalah membacakan naskah proklamsi dikala itu.	2023-12-12 12:42:53.662031+00	answer-clq2c27ky0002356ewdoaf754	f	question-clq29q1xs0001336fchxbt3yh	2023-12-12 12:42:53.662031+00	user-clpovmd8b000008jzcdpgdmil
bapak Abdurrahman Wahid	2023-12-12 12:46:21.441666+00	answer-clq2c6nun0003356ee76gcssy	f	question-clq29j2bn00013i6c1rdu9rbj	2023-12-12 12:46:21.441666+00	user-clpovmd8b000008jzcdpgdmil
Indonesia\nMalaysia\nSingapura\nThailand\nFilipina\nBrunei\nVietnam\nLaos\nMyanmar\nKamboja\nTimor Leste	2023-12-12 18:43:14.973648+00	answer-clq2oxjx70000356eqmnx07p4	f	question-clq2cff1o0000356eae1klk2j	2023-12-12 18:43:14.973648+00	user-clpotpew9000008l52i6tcveb
Deduktif :\nBergerak dari umum ke khusus.\nKesimpulan pasti jika premis benar.\n\nInduktif :\nBergerak dari khusus ke umum.\nKesimpulan bersifat probabilistik.	2023-12-12 18:44:53.478938+00	answer-clq2oznx00001356ews74z9d3	f	question-clq2bwm2b0001356eid4324z4	2023-12-12 18:44:53.478938+00	user-clpotpew9000008l52i6tcveb
khas dari daerah Jakarta	2023-12-12 18:48:25.177718+00	answer-clq2p478z0000356e4b7aw7wz	f	question-clq29j5wt0000336fs2j5ojdu	2023-12-12 18:48:25.177718+00	user-clpotpew9000008l52i6tcveb
Pertanyaan yang sama sudah pernah ditanyakan (https://www.yukitanya.my.id/questions/Siapakah-presiden-ke-4-Indonesia-u9rbj)\n\nBtw jawabannya Abdurahman Wahid	2023-12-15 13:56:17.072722+00	answer-clq6p013m0000336buuagmd14	f	question-clq6ot7jr00003x5u8q1x9qun	2023-12-15 13:56:17.072722+00	user-clpp7e3nl000008i30rnc2ojn
Jawabannya B.  (Maaf kalo salah)	2023-12-14 06:33:20.17545+00	answer-clq4tqkgd0000356e9h2tatck	t	question-clq3uqy6u00002064fdlvxp1b	2023-12-14 06:33:20.17545+00	user-clpotpew9000008l52i6tcveb
BRICS adalah singkatan dari Brasil, Rusia, India, Tiongkok, dan Afrika Selatan. Organisasi BRICS adalah forum konsultasi antara negara-negara ini yang bertujuan untuk mempromosikan kerjasama ekonomi, politik, dan keamanan di antara mereka. BRICS juga memiliki tujuan untuk mewakili kepentingan negara-negara berkembang di arena internasional. Organisasi ini memiliki pertemuan tingkat tinggi secara rutin dan membahas isu-isu global, termasuk perdagangan, keuangan internasional, lingkungan, dan hubungan internasional.	2023-12-14 09:32:48.636817+00	answer-clq505cjk00001y6a26tlnnx4	f	question-clq4wbgyi0000336fga3qjd8u	2023-12-14 09:32:48.636817+00	user-clpp7e3nl000008i30rnc2ojn
Indonesia diakui secara de facto oleh dunia pada tahun 1949 setelah melepaskan diri dari pemerintahan kolonial Belanda.	2023-12-13 13:26:42.38295+00	answer-clq3t2atg000020649lmxaab2	f	question-clq3ss4b60003356eh7nk3ypm	2023-12-13 13:26:42.38295+00	user-clpp7e3nl000008i30rnc2ojn
1. Kerajaan Majapahit - didirikan oleh Raden Wijaya\n2. Kerajaan Mataram - didirikan oleh Panembahan Senopati\n3. Kesultanan Aceh - didirikan oleh Sultan Ali Mughayat Syah\n4. Kesultanan Ternate - didirikan oleh Baab Mashur Malamo\n5. Kesultanan Banjar - didirikan oleh Pangeran Samudera.	2023-12-13 12:29:59.233568+00	answer-clq3r1bxq00001y6abm5o7w7o	t	question-clpwd9qiy0005356do1kjy5uv	2023-12-13 12:29:59.233568+00	user-clpngv63f000009kz68z57hgh
Rumus Pythagoras, maaf kalau salah	2023-12-13 22:37:29.886813+00	answer-clq4cqlqe0000336b8rdwo4zq	f	question-clq3slh2d0000356exmhzadfl	2023-12-13 22:37:29.886813+00	user-clpp7e3nl000008i30rnc2ojn
Hydra, hewan air tawar kecil yang termasuk hewan multiseluler	2023-12-14 13:55:06.016976+00	answer-clq59inv80000356ehefamg8h	f	question-clq3spvkx0001356eng9pv1ou	2023-12-14 13:55:06.016976+00	user-clpse3nqo000008jyfxeie1mz
i love u	2023-12-14 16:58:25.944868+00	answer-clq5g2fgn00012865k0xm7mv6	f	question-clpwd28nm0003356de98z6y71	2023-12-14 16:58:25.944868+00	user-clq5fzqv2000008jlce3jcuxu
Hidrogen dan Helium	2023-12-14 17:13:32.827786+00	answer-clq5glv580000336exy572ccv	f	question-clq59no2w00007i6aszg1fdqz	2023-12-14 17:13:32.827786+00	user-clpp7e3nl000008i30rnc2ojn
Oksigen (O2)	2023-12-15 13:54:30.537345+00	answer-clq6oxr9300023x5u4quppou8	f	question-clq59no2w00007i6aszg1fdqz	2023-12-15 13:54:30.537345+00	user-clq6orlsu000008igfa771l4f
Setiap organ manusia memiliki manfaatnya sendiri untuk tubuh karena setiap organ memiliki fungsi khusus yang dibutuhkan untuk menjaga kehidupan dan kesehatan tubuh manusia secara keseluruhan. Misalnya, jantung bertanggung jawab untuk memompa darah ke seluruh tubuh, paru-paru untuk mengambil oksigen dan membuang karbon dioksida, hati untuk membersihkan darah, dan sebagainya.\n\nTanpa fungsi-fungsi ini, tubuh manusia tidak akan dapat berfungsi dengan baik dan akan mengalami masalah kesehatan. Oleh karena itu, setiap organ manusia mempunyai manfaatnya sendiri untuk menjaga keseimbangan fungsional tubuh dan menjaga kesehatan secara keseluruhan.	2023-12-27 04:33:10.745184+00	answer-clqna63vs000120652g5ha6uu	f	question-clqkxqtua0001356fz83cup2c	2023-12-27 04:33:10.745184+00	user-clpp7e3nl000008i30rnc2ojn
Tumbuhan dikotil dan monokotil adalah dua kelompok utama dari tumbuhan berbunga, yang dibedakan berdasarkan karakteristik struktural dan perkembangan biji mereka.\n\n1. Tumbuhan dikotil adalah tumbuhan berbunga yang memiliki biji dengan dua daun kecambah (cotyledon). Contoh tumbuhan dikotil antara lain adalah kacang-kacangan, mentimun, tomat, mawar, dan kentang.\n\n2. Tumbuhan monokotil, di sisi lain, memiliki biji dengan satu daun kecambah. Contoh tumbuhan monokotil meliputi rumput-rumputan, bawang merah, pisang, kelapa, dan lili.\n\nPerbedaan utama antara kedua kelompok tumbuhan ini terletak pada struktur anatomi daun, akar, dan batang mereka. Tumbuhan dikotil memiliki venasi daun retikulat, akar berdikotomi, dan batang dengan susunan vaskular berkelompok. Sementara tumbuhan monokotil memiliki venasi daun paralel, akar serabut, dan batang dengan susunan vaskular tersebar merata.	2023-12-15 13:57:26.215493+00	answer-clq6p1i4c0001336b3z2lyoqx	f	question-clq6ovoec00013x5uopoohdse	2023-12-15 13:57:26.215493+00	user-clpp7e3nl000008i30rnc2ojn
K.H Abdurrahman Wahid (Gus Dur)	2023-12-17 06:31:10.320685+00	answer-clq93zde00000356fpn6qaa3z	f	question-clq6ot7jr00003x5u8q1x9qun	2023-12-17 06:31:10.320685+00	user-clpotpew9000008l52i6tcveb
-Kenali Audiensmu\n-Mulailah dengan Sapaan Hangat\n-Ceritakan Kisah atau Kenangan Bersama\n-Ungkapkan Rasa Syukur\n-Sisipkan Humor\n-Fokus pada Positif\n-Ucapkan Harapan dan Tujuan di Masa Depan\n-Libatkan Audiens\n-Pendek dan Padat\n-Tentukan Pesan Utama\n-Berikan Ucapan Terima Kasih	2023-12-18 08:20:43.351078+00	answer-clqanc3jy0003356fwcl9ox20	f	question-clq9izh1o0001356f9kbv5x0n	2023-12-18 08:20:43.351078+00	user-clpotpew9000008l52i6tcveb
1. Menggunakan kantong belanja yang dapat digunakan ulang atau membawa tas belanja sendiri ketika berbelanja.\n\n2. Menggunakan botol air minum dan wadah makanan yang dapat digunakan berulang kali.\n\n3. Menggunakan barang-barang yang dapat digunakan ulang, seperti gelas kopi dan alat makan dari bahan yang ramah lingkungan.\n\n4. Membuang sampah pada tempatnya dan mendaur ulang barang-barang yang dapat didaur ulang, seperti botol plastik, kertas, dan kardus.\n\n5. Mengurangi penggunaan produk-produk plastik sekali pakai, seperti sedotan, sendok, garpu, dan pisau plastik.\n\n6. Mendukung inisiatif dan produk yang ramah lingkungan, seperti produk rumah tangga yang tidak menggunakan plastik, misalnya sabun cuci bubuk, sabun mandi padat, dan pasta gigi tanpa kemasan plastik.\n\n7. Mendorong penggunaan produk plastik biodegradable atau yang mudah terurai untuk mengurangi limbah plastik yang sulit terurai di lingkungan.	2023-12-17 06:35:50.662419+00	answer-clq945dxk0003356f9aqmn2o4	t	question-clq56teaa00012v68opbqbqll	2023-12-17 06:35:50.662419+00	user-clpotpew9000008l52i6tcveb
Izin bantu kak kalau gk salah "Sri Sultan Hamengku Buwono IX"	2023-12-19 13:21:35.288863+00	answer-clqcdir710000336gdbxu1hf9	f	question-clq941qsz0001356fhdji8y08	2023-12-19 13:21:35.288863+00	user-clpovmd8b000008jzcdpgdmil
Perusahaan startup adalah suatu bentuk perusahaan yang baru didirikan dan biasanya berfokus pada pengembangan dan penerapan ide atau inovasi baru dalam suatu bidang tertentu. Startup sering kali didirikan oleh sekelompok orang yang memiliki visi bersama untuk menciptakan solusi baru, menghadirkan produk atau layanan inovatif, atau memecahkan masalah tertentu di pasar.	2023-12-17 06:34:32.583716+00	answer-clq943pk50002356fkwhm3l4o	t	question-clq6nzm8n0000336ecb93rhs6	2023-12-17 06:34:32.583716+00	user-clpotpew9000008l52i6tcveb
1. Kalimantan Utara\n2. Papua Barat\n3. Sulawesi Barat\n4. Nusa Tenggara Timur	2023-12-17 10:32:38.815597+00	answer-clq9clubr0000336cgmmwzyys	f	question-clq94a2t20004356fb36hvtkg	2023-12-17 10:32:38.815597+00	user-clpp7e3nl000008i30rnc2ojn
lima tahun sekali	2023-12-17 16:34:41.142768+00	answer-clq9pjgbj0000336g216akw2r	f	question-clq9iw6oj0000356fezn8o9jw	2023-12-17 16:34:41.142768+00	user-clq9phpss000008l5ghrrfnm8
yang membuat kue bolu lebih banyak, ya pabrik bolu, bukan bu tias atau mei. Awoakwoakwoak	2023-12-18 08:07:58.472348+00	answer-clqamvp710000356fyu0132i9	f	question-clq9f756j00002v69kcsvi2fd	2023-12-18 08:07:58.472348+00	user-clpotpew9000008l52i6tcveb
5 tahun sekali donggggggg	2023-12-18 08:10:04.15642+00	answer-clqamyebc0001356fubzl5aak	f	question-clq9iw6oj0000356fezn8o9jw	2023-12-18 08:10:04.15642+00	user-clpotpew9000008l52i6tcveb
- Mulailah pidatomu dengan sapaan hangat & ramah. Katakan terima kasih kepada semua yang hadir & sampaikan apresiasimu terhadap  mereka.\n- Bagikan kenangan atau kisah yang menghibur & relevan dengan acara ulang tahun tersebut. Ini dapat membuat pidatomu lebih pribadi dan berkesan.\n- Tambahkan elemen humor untuk membuat suasana lebih santai. Tetapi pastikan humor yang kamu gunakan sesuai dengan audiens.\n- Hindari membahas hal-hal negatif atau kontroversial. Pidato ulang tahun seharusnya menciptakan suasana positif dan riang.\n- Berikan ucapan selamat ulang tahun, dan sampaikan harapan dan tujuan untuk masa depan. Ini bisa termasuk harapan untuk kesuksesan, kesehatan, dan kebahagiaan.\n- Ajak audiens untuk ikut serta dalam pidatomu. Misalnya, kamu bisa mengajukan pertanyaan atau mengajak mereka berpartisipasi dalam beberapa cara. \n-Sebelum mengakhiri pidatomu, berikan ucapan terima kasih sekali lagi kepada semua yang hadir dan yang telah berkontribusi dalam acara tersebut.	2023-12-18 08:18:33.748799+00	answer-clqan954c0002356f9mljaxeu	f	question-clq9izh1o0001356f9kbv5x0n	2023-12-18 08:18:33.748799+00	user-clpotpew9000008l52i6tcveb
Zat padat adalah keadaan di mana volume dan ukurannya tetap,\nZat cair adalah di mana volumenya mengikuti bentuk wadah. \nDan Zat Gas adalah suatu fase benda. Seperti cairan, gas mempunyai kemampuan untuk mengalir dan \ndapat berubah bentuk.	2023-12-19 13:40:42.036565+00	answer-clqce7cuk0000336gitqko7vi	f	question-clq56rt4m00002v68kqs1f6vw	2023-12-19 13:41:13+00	user-clpovmd8b000008jzcdpgdmil
Presiden B.J Habibie berasal dari Pare-Pare, Sulawesi Selatan, Indonesia.	2023-12-19 15:31:00.609569+00	answer-clqci5cab0002356fr3vsi9vy	f	question-clqci4xxw0001356f46q38097	2023-12-19 15:31:00.609569+00	user-clqcgndbz000009l14t160hoj
Presiden Indonesia yang dijuluki Mr. Crack adalah Susilo Bambang Yudhoyono (SBY). Julukan ini disematkan kepadanya karena kecakapannya dalam mengatasi krisis ekonomi dan kebijakan ekonomi yang dianggap "crack" atau sangat baik.	2023-12-19 15:25:11.388994+00	answer-clqchxsku00002065ukw6qkwe	t	question-clqchw6rs0000356fvv52alw7	2023-12-19 15:25:11.388994+00	user-clpp7e3nl000008i30rnc2ojn
Ya ndak tau kok tanya saya	2023-12-20 08:31:02.25515+00	answer-clqdilkti0000356fxi9ytfls	f	question-clqdid0fo0000356fq1wq43jv	2023-12-20 08:31:02.25515+00	user-clqdib8y6000107jn16c7hjd1
Untuk menemukan nilai P, kita perlu menghitung limit saat  mendekati 1 dari fungsi di atas.\n\nP = lim\n 1\n(5+4 3) / (3+1  2)\n\nMenggantikan  dengan 1,\n\nP = (5(1)+4 3) / (3(1)+1  2)\n  = (5+4 3) / (3+1  2)\n  = (2  3) / (1  2)\n  = -1 / -1\n  = 1\n\nJadi, nilai dari P adalah 1.	2023-12-25 04:36:24.200415+00	answer-clqkfeks30000356ftv2ho0s1	f	question-clqho2w5p00003x5vhncu9pxf	2023-12-25 04:36:24.200415+00	user-clpotpew9000008l52i6tcveb
Pelaku pembunuhan Munir adalah Pollycarpus Budihari Priyanto, seorang mantan perwira polisi dan agen intelijen. Ia telah dihukum karena terbukti bersalah atas pembunuhan tersebut.	2023-12-20 16:33:22.809969+00	answer-clqdztdj30000356fydrt7uhw	f	question-clqdid0fo0000356fq1wq43jv	2023-12-20 16:33:22.809969+00	user-clpotpew9000008l52i6tcveb
lololoh gabahaya. ta mas	2023-12-22 15:09:44.724583+00	answer-clqgrpfto0000356fdfovzi98	f	question-clqdid0fo0000356fq1wq43jv	2023-12-22 15:09:44.724583+00	user-clqgrogs0000009jraefz55go
Permainan bola kecil dan bola besar dapat memiliki perbedaan yang cukup mencolok dalam berbagai aspek, termasuk ukuran bola, lapangan, jumlah pemain, aturan permainan, dan tujuan akhir.	2024-01-04 04:44:24.858849+00	answer-clqyq3dw00001356f5700i6mo	f	question-clqkxnpkj0000356f4ogsdv2d	2024-01-04 04:44:24.858849+00	user-clpotpew9000008l52i6tcveb
sulawesi	2024-01-05 03:27:22.932225+00	answer-clr02s6dv0000356ffgngfipo	f	question-clqci4xxw0001356f46q38097	2024-01-05 03:27:22.932225+00	user-clqcgndbz000009l14t160hoj
\.


--
-- Data for Name: favorite; Type: TABLE DATA; Schema: public; Owner: tfkhdyt
--

COPY public.favorite (question_id, user_id) FROM stdin;
question-clq29ifhn00003i6coylb51xv	user-clpp7e3nl000008i30rnc2ojn
question-clq3slh2d0000356exmhzadfl	user-clpotpew9000008l52i6tcveb
question-clq3ss4b60003356eh7nk3ypm	user-clpp7e3nl000008i30rnc2ojn
question-clq4wbgyi0000336fga3qjd8u	user-clpp7e3nl000008i30rnc2ojn
question-clq56rt4m00002v68kqs1f6vw	user-clpp7e3nl000008i30rnc2ojn
question-clq56teaa00012v68opbqbqll	user-clpp7e3nl000008i30rnc2ojn
question-clq56rt4m00002v68kqs1f6vw	user-clpotpew9000008l52i6tcveb
question-clq6ovoec00013x5uopoohdse	user-clpp7e3nl000008i30rnc2ojn
question-clq6ot7jr00003x5u8q1x9qun	user-clpp7e3nl000008i30rnc2ojn
question-clq6nzm8n0000336ecb93rhs6	user-clpp7e3nl000008i30rnc2ojn
question-clq2cff1o0000356eae1klk2j	user-clpotpew9000008l52i6tcveb
question-clq9izh1o0001356f9kbv5x0n	user-clpp7e3nl000008i30rnc2ojn
question-clq9f756j00002v69kcsvi2fd	user-clpotpew9000008l52i6tcveb
question-clq9iw6oj0000356fezn8o9jw	user-clpotpew9000008l52i6tcveb
question-clq9izh1o0001356f9kbv5x0n	user-clpotpew9000008l52i6tcveb
question-clqci4xxw0001356f46q38097	user-clpotpew9000008l52i6tcveb
question-clq9f9tw500012v69cryo3mke	user-clpotpew9000008l52i6tcveb
question-clqchw6rs0000356fvv52alw7	user-clpotpew9000008l52i6tcveb
question-clqci4xxw0001356f46q38097	user-clpp7e3nl000008i30rnc2ojn
question-clqchw6rs0000356fvv52alw7	user-clpp7e3nl000008i30rnc2ojn
question-clqho2w5p00003x5vhncu9pxf	user-clpp7e3nl000008i30rnc2ojn
question-clqgec10v00002v6gsilmrgvq	user-clpotpew9000008l52i6tcveb
question-clqho2w5p00003x5vhncu9pxf	user-clpotpew9000008l52i6tcveb
question-clqkxqtua0001356fz83cup2c	user-clpp7e3nl000008i30rnc2ojn
\.


--
-- Data for Name: membership; Type: TABLE DATA; Schema: public; Owner: tfkhdyt
--

COPY public.membership (id, user_id, type, expires_at) FROM stdin;
tfkhdyt-google	user-clpp7e3nl000008i30rnc2ojn	plus	2077-01-01 00:00:00+00
ihsan	user-clpotpew9000008l52i6tcveb	plus	2024-01-13 00:00:00+00
\.


--
-- Data for Name: notification; Type: TABLE DATA; Schema: public; Owner: tfkhdyt
--

COPY public.notification (id, type, receiver_user_id, transmitter_user_id, rating, question_id, description, created_at, read_at) FROM stdin;
notification-clq217gio000008ic803lg658	rating	user-clprjw102000108k1g9xvf3ye	user-clpngv63f000009kz68z57hgh	5	question-clpnh21j300022v67rm811s4s	Energi terbarukan adalah sumber daya energi yang dapat diperbaharui secara alami dan berkelanjutan. 	2023-12-12 07:39:06.634137+00	\N
notification-clq29kuzz000208l5aekyd70v	new-answer	user-clq29gi0f000008l53oaf5a4t	user-clpngv63f000009kz68z57hgh	\N	question-clq29ifhn00003i6coylb51xv	Isaac newton	2023-12-12 11:33:28.865551+00	\N
notification-clq2bc5qu000008l499qo8fkl	favorite	user-clq29gi0f000008l53oaf5a4t	user-clpp7e3nl000008i30rnc2ojn	\N	question-clq29ifhn00003i6coylb51xv	Siapa yang penemu gaya gravitasi?	2023-12-12 12:22:42.121288+00	\N
notification-clq2c256o000008l11zozehnk	new-answer	user-clq29hukw000108l50g8q1zn4	user-clpovmd8b000008jzcdpgdmil	\N	question-clq29q1xs0001336fchxbt3yh	Izin jawab ya kak, hal ini dikarenakan bapak Ir Soekarno merupakan tokoh pertama kali presiden RI da	2023-12-12 12:42:54.456448+00	\N
notification-clpypze3l000008idgdnohv3m	new-answer	user-clpovmd8b000008jzcdpgdmil	user-clpp7e3nl000008i30rnc2ojn	\N	question-clpy1xj4e0000356d3j7oe98o	I'm sorry	2023-12-10 00:01:35.956357+00	2023-12-12 12:43:22+00
notification-clq2oxjp5000008l803wmd5yv	new-answer	user-clq2cbrf3000108l69r498ylu	user-clpotpew9000008l52i6tcveb	\N	question-clq2cff1o0000356eae1klk2j	Indonesia\nMalaysia\nSingapura\nThailand\nFilipina\nBrunei\nVietnam\nLaos\nMyanmar\nKamboja\nTimor Leste	2023-12-12 18:43:14.983695+00	\N
notification-clq2p471r000108l805zv2zlo	new-answer	user-clq29hukw000108l50g8q1zn4	user-clpotpew9000008l52i6tcveb	\N	question-clq29j5wt0000336fs2j5ojdu	khas dari daerah Jakarta	2023-12-12 18:48:25.18461+00	\N
notification-clpxiicjb000009l00d3ngh2k	best-answer	user-clpovmd8b000008jzcdpgdmil	user-clpotpew9000008l52i6tcveb	\N	question-clpwd28nm0003356de98z6y71	Ustad liat ini ustad!!!!!!	2023-12-09 03:44:37.286211+00	2023-12-09 12:46:46+00
notification-clq3kc3t2000008l0ehhjbeme	rating	user-clpovmd8b000008jzcdpgdmil	user-clpth6yj5000009jr5r7k35bn	5	question-clq29q1xs0001336fchxbt3yh	Izin jawab ya kak, hal ini dikarenakan bapak Ir Soekarno merupakan tokoh pertama kali presiden RI da	2023-12-13 09:22:22.314046+00	\N
notification-clq2zjlzf000008jxhuva9id4	rating	user-clpotpew9000008l52i6tcveb	user-clpp7e3nl000008i30rnc2ojn	5	question-clq2cff1o0000356eae1klk2j	Indonesia\nMalaysia\nSingapura\nThailand\nFilipina\nBrunei\nVietnam\nLaos\nMyanmar\nKamboja\nTimor Leste	2023-12-12 23:40:20.526805+00	2024-01-05 03:27:48+00
notification-clpowc8ot000208k0dvy00d9e	best-answer	user-clpotpew9000008l52i6tcveb	user-clpngv63f000009kz68z57hgh	\N	question-clpnh10t200002v67xpmzm82x	Keliling= 4Panjang Sisi\n\nDalam hal ini, jika panjang sisi persegi adalah 8 cm, maka kelilingnya ada	2023-12-03 03:01:51.404477+00	2024-01-05 03:27:48+00
notification-clpowcmr6000708jz1ru59erv	rating	user-clpotpew9000008l52i6tcveb	user-clpngv63f000009kz68z57hgh	4	question-clpnh2fny00032v6737de4btt	petani, kuli bangunan, asisten rumah tangga... maaf kalo kurang tepat	2023-12-03 03:02:09.634503+00	2024-01-05 03:27:48+00
notification-clq3r1dpg000008ie7rrf89mf	new-answer	user-clpotpew9000008l52i6tcveb	user-clpngv63f000009kz68z57hgh	\N	question-clpwd9qiy0005356do1kjy5uv	1. Kerajaan Majapahit - didirikan oleh Raden Wijaya\n2. Kerajaan Mataram - didirikan oleh Panembahan 	2023-12-13 12:29:59.254078+00	2024-01-05 03:27:48+00
notification-clpowdd2g000008l86zjrdgxi	rating	user-clpovmd8b000008jzcdpgdmil	user-clpngv63f000009kz68z57hgh	5	question-clpou1gb90002356dtct3hnoi	Haji Agus Salim dikenal sebagai seorang diplomat, politikus, dan tokoh intelektual yang berperan akt	2023-12-03 03:02:43.736397+00	\N
notification-clq3t303p000108l7c3zv0rnb	favorite	user-clpotpew9000008l52i6tcveb	user-clpp7e3nl000008i30rnc2ojn	\N	question-clq3ss4b60003356eh7nk3ypm	Pada tahun berapa indonesia diakui secara de facto oleh dunia ?	2023-12-13 13:27:14.156096+00	2024-01-05 03:27:48+00
notification-clpp7jwhh000208i316fgaj99	new-answer	user-clpp7e3nl000008i30rnc2ojn	user-clpngv63f000009kz68z57hgh	\N	question-clpp7elyk00002063yjft387w	1 liter / 4 gelas = 0,25 liter per gelas\n\nJadi, setiap gelas akan berisi 0,25 liter susu.	2023-12-03 08:15:44.622953+00	2024-01-11 11:14:30+00
notification-clprja5fu000308l4cw7ncl4e	rating	user-clprbnefp000008jl2rw79l6p	user-clpp7e3nl000008i30rnc2ojn	5	question-clpr0sf74000020631fs7tz7n	803	2023-12-04 23:19:37.407367+00	\N
notification-clq217i2n000208ic2hhdd4zw	best-answer	user-clprjw102000108k1g9xvf3ye	user-clpngv63f000009kz68z57hgh	\N	question-clpnh21j300022v67rm811s4s	Energi terbarukan adalah sumber daya energi yang dapat diperbaharui secara alami dan berkelanjutan. 	2023-12-12 07:39:08.648041+00	\N
notification-clq2c6kwn000008l6bbzjcy0s	new-answer	user-clq29gi0f000008l53oaf5a4t	user-clpovmd8b000008jzcdpgdmil	\N	question-clq29j2bn00013i6c1rdu9rbj	bapak Abdurrahman Wahid	2023-12-12 12:46:21.457833+00	\N
notification-clpqsqiy3000008kzfmdu3z0v	rating	user-clpovmd8b000008jzcdpgdmil	user-clpp7e3nl000008i30rnc2ojn	4	question-clpou1gb90002356dtct3hnoi	Haji Agus Salim dikenal sebagai seorang diplomat, politikus, dan tokoh intelektual yang berperan akt	2023-12-04 10:56:31.773663+00	\N
notification-clpqtj1ug000008ju574s7nq0	rating	user-clpovmd8b000008jzcdpgdmil	user-clpotpew9000008l52i6tcveb	5	question-clpou1gb90002356dtct3hnoi	Haji Agus Salim dikenal sebagai seorang diplomat, politikus, dan tokoh intelektual yang berperan akt	2023-12-04 11:18:42.637264+00	\N
notification-clpqtj2uu000208jubhe14dwd	best-answer	user-clpovmd8b000008jzcdpgdmil	user-clpotpew9000008l52i6tcveb	\N	question-clpou1gb90002356dtct3hnoi	Haji Agus Salim dikenal sebagai seorang diplomat, politikus, dan tokoh intelektual yang berperan akt	2023-12-04 11:18:43.946351+00	\N
notification-clpqtrto9000408judmpidl0p	new-answer	user-clpqr5d19000008l70p7v2t4f	user-clpotpew9000008l52i6tcveb	\N	question-clpqrb5da0000336e2b66haun	B. May I\n\nMaaf kalo salah...	2023-12-04 11:25:31.955145+00	\N
notification-clpqso1qz000008i47ox7gkd9	new-answer	user-clpozhori000008kx6jss2aoi	user-clpp7e3nl000008i30rnc2ojn	\N	question-clpqs33ko0000336f5hq8itdd	Nabi Musa AS = Taurat\nNabi Daud AS = Zabur\nNabi Isa AS = Injil\nNabi Muhammad SAW = Al-Quran	2023-12-04 10:54:36.17152+00	2023-12-12 13:31:00+00
notification-clpqtxw7q000108l43dozfe8l	new-answer	user-clpozhori000008kx6jss2aoi	user-clpotpew9000008l52i6tcveb	\N	question-clpozi4yy0000336e5hz5gsja	 hal ini dinamakan Nilai guna Kegunaan Tempat.\nmaaf kalo salah.... 	2023-12-04 11:30:15.188977+00	\N
notification-clpr3vd4y000309l2g96scxd8	new-answer	user-clpozhori000008kx6jss2aoi	user-clpr3t8g8000009l2fgx59s48	\N	question-clpqs33ko0000336f5hq8itdd	Musa - taurat\nDaud - zabur\nIsa - injil\nMuhammad - quran	2023-12-04 16:08:13.303081+00	2023-12-12 13:31:24+00
notification-clq2oznpl000008l27e7c31br	new-answer	user-clpovmd8b000008jzcdpgdmil	user-clpotpew9000008l52i6tcveb	\N	question-clq2bwm2b0001356eid4324z4	Deduktif :\nBergerak dari umum ke khusus.\nKesimpulan pasti jika premis benar.\n\nInduktif :\nBergerak da	2023-12-12 18:44:53.496088+00	\N
notification-clpqtthc7000008l91jvn31w6	rating	user-clpp7e3nl000008i30rnc2ojn	user-clpotpew9000008l52i6tcveb	5	question-clpqs33ko0000336f5hq8itdd	Nabi Musa AS = Taurat\nNabi Daud AS = Zabur\nNabi Isa AS = Injil\nNabi Muhammad SAW = Al-Quran	2023-12-04 11:26:49.282499+00	2024-01-11 11:14:30+00
notification-clpr3vmnk000409l23bry1jvd	rating	user-clpp7e3nl000008i30rnc2ojn	user-clpr3t8g8000009l2fgx59s48	5	question-clpqs33ko0000336f5hq8itdd	Nabi Musa AS = Taurat\nNabi Daud AS = Zabur\nNabi Isa AS = Injil\nNabi Muhammad SAW = Al-Quran	2023-12-04 16:08:25.636813+00	2024-01-11 11:14:30+00
notification-clpqu3f7p000008jn68zw0pln	new-answer	user-clpngv63f000009kz68z57hgh	user-clpotpew9000008l52i6tcveb	\N	question-clpnh1k4a00012v674qq2yb57	Cerita Fiksi :\n-Imajinatif \n-Karakter dan Setting \n-Plot Fantastis\n-Tujuan Hiburan atau Penyampaian 	2023-12-04 11:34:33.095125+00	2023-12-15 01:16:44+00
notification-clq3t2bln000008l750jjgkd0	new-answer	user-clpotpew9000008l52i6tcveb	user-clpp7e3nl000008i30rnc2ojn	\N	question-clq3ss4b60003356eh7nk3ypm	Indonesia diakui secara de facto oleh dunia pada tahun 1949 setelah melepaskan diri dari pemerintaha	2023-12-13 13:26:42.402677+00	2024-01-05 03:27:48+00
notification-clq4cqn7z000008l7hwqddjzb	new-answer	user-clpotpew9000008l52i6tcveb	user-clpp7e3nl000008i30rnc2ojn	\N	question-clq3slh2d0000356exmhzadfl	Rumus Pythagoras, maaf kalau salah	2023-12-13 22:37:29.91182+00	2024-01-05 03:27:48+00
notification-clq3r2p4k000008jr47qrbigt	rating	user-clpngv63f000009kz68z57hgh	user-clpotpew9000008l52i6tcveb	5	question-clpwd9qiy0005356do1kjy5uv	1. Kerajaan Majapahit - didirikan oleh Raden Wijaya\n2. Kerajaan Mataram - didirikan oleh Panembahan 	2023-12-13 12:31:00.710839+00	2023-12-15 01:16:44+00
notification-clq3r2qgz000208jr7fpi31za	best-answer	user-clpngv63f000009kz68z57hgh	user-clpotpew9000008l52i6tcveb	\N	question-clpwd9qiy0005356do1kjy5uv	1. Kerajaan Majapahit - didirikan oleh Raden Wijaya\n2. Kerajaan Mataram - didirikan oleh Panembahan 	2023-12-13 12:31:02.453236+00	2023-12-15 01:16:44+00
notification-clpr1zea7000208jubm2g74l9	best-answer	user-clpngv63f000009kz68z57hgh	user-clpp7e3nl000008i30rnc2ojn	\N	question-clpp7elyk00002063yjft387w	1 liter / 4 gelas = 0,25 liter per gelas\n\nJadi, setiap gelas akan berisi 0,25 liter susu.	2023-12-04 15:15:22.189961+00	2023-12-15 01:16:44+00
notification-clq2zknbt000008jxaahd6r52	rating	user-clpotpew9000008l52i6tcveb	user-clpp7e3nl000008i30rnc2ojn	4	question-clq2bwm2b0001356eid4324z4	Deduktif :\nBergerak dari umum ke khusus.\nKesimpulan pasti jika premis benar.\n\nInduktif :\nBergerak da	2023-12-12 23:41:08.925093+00	2024-01-05 03:27:48+00
notification-clpr1rpsb000008ju5865gned	rating	user-clpqz48p9000008jqfdrd10sv	user-clpp7e3nl000008i30rnc2ojn	1	question-clpqu6w5j0000356ejrdps5s7	prabowo	2023-12-04 15:09:23.846594+00	2024-01-10 23:43:40+00
notification-clq2zmftr000208jxfoq67vq6	new-answer	user-clpovmd8b000008jzcdpgdmil	user-clpp7e3nl000008i30rnc2ojn	\N	question-clq2bvoan0000356eqqb95g3j	- cinta tanah air\n- menghargai jasa para pahlawan\n- mengutamakan kepentingan umum\n- rasa kebanggaan 	2023-12-12 23:42:32.515996+00	\N
notification-clpr3vo9k000609l23rtp3q4o	rating	user-clpp7e3nl000008i30rnc2ojn	user-clpr3t8g8000009l2fgx59s48	3	question-clpqs33ko0000336f5hq8itdd	Nabi Musa AS = Taurat\nNabi Daud AS = Zabur\nNabi Isa AS = Injil\nNabi Muhammad SAW = Al-Quran	2023-12-04 16:08:27.724801+00	2024-01-11 11:14:30+00
notification-clq4tqkvk000008jw2v8g9gq7	new-answer	user-clpp7e3nl000008i30rnc2ojn	user-clpotpew9000008l52i6tcveb	\N	question-clq3uqy6u00002064fdlvxp1b	Jawabannya B.  (Maaf kalo salah)	2023-12-14 06:33:20.352016+00	2024-01-11 11:14:30+00
notification-clq2zmvr4000208jx4u8hccs2	rating	user-clpovmd8b000008jzcdpgdmil	user-clpp7e3nl000008i30rnc2ojn	5	question-clq29q1xs0001336fchxbt3yh	Izin jawab ya kak, hal ini dikarenakan bapak Ir Soekarno merupakan tokoh pertama kali presiden RI da	2023-12-12 23:42:53.157226+00	\N
notification-clpr4fxme000108jrdh4uhh10	rating	user-clpr3t8g8000009l2fgx59s48	user-clpotpew9000008l52i6tcveb	1	question-clpqu6w5j0000356ejrdps5s7	Ganjar mahfud	2023-12-04 16:24:12.970853+00	\N
notification-clpowc7w9000008k0hewucpvp	rating	user-clpotpew9000008l52i6tcveb	user-clpngv63f000009kz68z57hgh	5	question-clpnh10t200002v67xpmzm82x	Keliling= 4Panjang Sisi\n\nDalam hal ini, jika panjang sisi persegi adalah 8 cm, maka kelilingnya ada	2023-12-03 03:01:50.377669+00	2024-01-05 03:27:48+00
notification-clpovpn67000608jzhur99gjt	new-answer	user-clpotpew9000008l52i6tcveb	user-clpovmd8b000008jzcdpgdmil	\N	question-clpou1gb90002356dtct3hnoi	Haji Agus Salim dikenal sebagai seorang diplomat, politikus, dan tokoh intelektual yang berperan akt	2023-12-03 02:44:17.092173+00	2024-01-05 03:27:48+00
notification-clpqunvs0000008ldbpbxdbqp	new-answer	user-clpotpew9000008l52i6tcveb	user-clpquko0y000008l39r9t9h08	\N	question-clpqu6w5j0000356ejrdps5s7	Raden Wijaya ya akhi	2023-12-04 11:50:27.694163+00	2024-01-05 03:27:48+00
notification-clq7jp5mj000108jr8ia9h185	favorite	user-clq6orlsu000008igfa771l4f	user-clpp7e3nl000008i30rnc2ojn	\N	question-clq6ot7jr00003x5u8q1x9qun	siapa presiden indonesia ke 4	2023-12-16 04:15:36.304371+00	\N
notification-clq55564l000008l97nnshs87	favorite	user-clq4w8zmr000208jr3unhghn9	user-clpp7e3nl000008i30rnc2ojn	\N	question-clq4wbgyi0000336fga3qjd8u	Apa itu organisasi BRICS?	2023-12-14 11:52:36.868495+00	\N
notification-clq5glw5u000008juhtplfatf	new-answer	user-clq59f9x6000108jvh5vu90ht	user-clpp7e3nl000008i30rnc2ojn	\N	question-clq59no2w00007i6aszg1fdqz	Hidrogen dan Helium	2023-12-14 17:13:32.869125+00	\N
notification-clq50rc04000208l4hyfz79il	rating	user-clpngv63f000009kz68z57hgh	user-clpp7e3nl000008i30rnc2ojn	5	question-clq4tv5130004356e7vcnu3hn	Rengasdengklok	2023-12-14 09:49:52.82241+00	2023-12-15 01:16:44+00
notification-clq56wk5q000008ie9dvka7h9	favorite	user-clpngv63f000009kz68z57hgh	user-clpp7e3nl000008i30rnc2ojn	\N	question-clq56rt4m00002v68kqs1f6vw	Apa perbedaan antara benda padat, cair, dan gas?	2023-12-14 12:41:54.343768+00	2023-12-15 01:16:44+00
notification-clq58z1oi000008jv6jecfxfo	favorite	user-clpngv63f000009kz68z57hgh	user-clpp7e3nl000008i30rnc2ojn	\N	question-clq56teaa00012v68opbqbqll	Apa yang bisa kita lakukan untuk membantu mengurangi limbah plastik di sekitar kita?	2023-12-14 13:39:49.61165+00	2023-12-15 01:16:44+00
notification-clq60as4u000008jwffb743mp	rating	user-clpse3nqo000008jyfxeie1mz	user-clpp7e3nl000008i30rnc2ojn	4	question-clq3spvkx0001356eng9pv1ou	Hydra, hewan air tawar kecil yang termasuk hewan multiseluler	2023-12-15 02:24:46.747406+00	\N
notification-clq69urnj000008lb6t3b8rfx	rating	user-clq5fzqv2000008jlce3jcuxu	user-clpngv63f000009kz68z57hgh	5	question-clpwd28nm0003356de98z6y71	i love u	2023-12-15 06:52:15.795507+00	\N
notification-clq6oxs2o000008jzgr0ihigh	new-answer	user-clq59f9x6000108jvh5vu90ht	user-clq6orlsu000008igfa771l4f	\N	question-clq59no2w00007i6aszg1fdqz	Oksigen (O2)	2023-12-15 13:54:30.557114+00	\N
notification-clprj9giw000008l48qfcawja	rating	user-clpr3t8g8000009l2fgx59s48	user-clpp7e3nl000008i30rnc2ojn	1	question-clpqu6w5j0000356ejrdps5s7	Ganjar mahfud	2023-12-04 23:19:05.117732+00	\N
notification-clprja3on000208l4gff0bvmw	best-answer	user-clprbnefp000008jl2rw79l6p	user-clpp7e3nl000008i30rnc2ojn	\N	question-clpr0sf74000020631fs7tz7n	803	2023-12-04 23:19:35.131556+00	\N
notification-clq7hehhm000008l6hw9bdtzz	rating	user-clq6orlsu000008igfa771l4f	user-clpp7e3nl000008i30rnc2ojn	5	question-clq59no2w00007i6aszg1fdqz	Oksigen (O2)	2023-12-16 03:11:19.224887+00	\N
notification-clq4w5l0a000008l9gng42w0m	new-answer	user-clpotpew9000008l52i6tcveb	user-clpngv63f000009kz68z57hgh	\N	question-clq4tv5130004356e7vcnu3hn	Rengasdengklok	2023-12-14 07:40:59.625682+00	2024-01-05 03:27:48+00
notification-clpr4jz4m000008l63e5a0z75	rating	user-clpquko0y000008l39r9t9h08	user-clpotpew9000008l52i6tcveb	5	question-clpqu6w5j0000356ejrdps5s7	Raden Wijaya ya akhi	2023-12-04 16:27:21.549912+00	2023-12-05 23:59:15+00
notification-clpr4k028000208l68li1g4vu	best-answer	user-clpquko0y000008l39r9t9h08	user-clpotpew9000008l52i6tcveb	\N	question-clpqu6w5j0000356ejrdps5s7	Raden Wijaya ya akhi	2023-12-04 16:27:22.758608+00	2023-12-05 23:59:17+00
notification-clq503b47000008l4elge6x3u	best-answer	user-clpotpew9000008l52i6tcveb	user-clpp7e3nl000008i30rnc2ojn	\N	question-clq3uqy6u00002064fdlvxp1b	Jawabannya B.  (Maaf kalo salah)	2023-12-14 09:31:11.928124+00	2024-01-05 03:27:48+00
notification-clq7i36jy000009jh7nvzalnc	rating	user-clpp7e3nl000008i30rnc2ojn	user-clpngv63f000009kz68z57hgh	5	question-clq6ovoec00013x5uopoohdse	Tumbuhan dikotil dan monokotil adalah dua kelompok utama dari tumbuhan berbunga, yang dibedakan berd	2023-12-16 03:30:31.450293+00	2024-01-11 11:14:30+00
notification-clpr5dxgh000408lc3zqu7iel	rating	user-clpp7e3nl000008i30rnc2ojn	user-clpr5bvln000008jh2gvtcl46	2	question-clpqs33ko0000336f5hq8itdd	Nabi Musa AS = Taurat\nNabi Daud AS = Zabur\nNabi Isa AS = Injil\nNabi Muhammad SAW = Al-Quran	2023-12-04 16:50:39.0594+00	2024-01-11 11:14:30+00
notification-clpr5e93y000908lc2pwe83wv	rating	user-clpp7e3nl000008i30rnc2ojn	user-clpr5bvln000008jh2gvtcl46	5	question-clpqs33ko0000336f5hq8itdd	Nabi Musa AS = Taurat\nNabi Daud AS = Zabur\nNabi Isa AS = Injil\nNabi Muhammad SAW = Al-Quran	2023-12-04 16:50:54.159573+00	2024-01-11 11:14:30+00
notification-clprjzx42000108l23pwt3p5q	new-answer	user-clpozhori000008kx6jss2aoi	user-clprjw102000108k1g9xvf3ye	\N	question-clpozi4yy0000336e5hz5gsja	\nFenomena di mana batu yang awalnya tidak memiliki nilai ekonomi yang signifikan di pegunungan menja	2023-12-04 23:39:39.661258+00	2023-12-12 13:32:03+00
notification-clq505dr0000108l40iqc1ihw	new-answer	user-clq4w8zmr000208jr3unhghn9	user-clpp7e3nl000008i30rnc2ojn	\N	question-clq4wbgyi0000336fga3qjd8u	BRICS adalah singkatan dari Brasil, Rusia, India, Tiongkok, dan Afrika Selatan. Organisasi BRICS ada	2023-12-14 09:32:48.654196+00	\N
notification-clq5g4iu8000008jubwaeb5mv	favorite	user-clpngv63f000009kz68z57hgh	user-clpotpew9000008l52i6tcveb	\N	question-clq56rt4m00002v68kqs1f6vw	Apa perbedaan antara benda padat, cair, dan gas?	2023-12-14 17:00:02.44743+00	2023-12-15 01:16:44+00
notification-clprk73zp000308l2drmu5djx	new-answer	user-clpngv63f000009kz68z57hgh	user-clprjw102000108k1g9xvf3ye	\N	question-clpnh21j300022v67rm811s4s	Energi terbarukan adalah sumber daya energi yang dapat diperbaharui secara alami dan berkelanjutan. 	2023-12-04 23:45:15.171378+00	2023-12-15 01:16:44+00
notification-clprk88o9000408l209k91818	new-answer	user-clpngv63f000009kz68z57hgh	user-clprjw102000108k1g9xvf3ye	\N	question-clpnh10t200002v67xpmzm82x	Keliling (K) sebuah persegi dapat dihitung dengan rumus:\n\n\n=\n4\n\npanjang sisi\nK=4panjang sisi\n\nDal	2023-12-04 23:46:07.896517+00	2023-12-15 01:16:44+00
notification-clprka7qk000308k1bz3d99xj	new-answer	user-clpngv63f000009kz68z57hgh	user-clprjw102000108k1g9xvf3ye	\N	question-clpnh1k4a00012v674qq2yb57	Singkatnya, perbedaan antara cerita fiksi dan nonfiksi terletak pada elemen imajinatif dan fakta:\n\nF	2023-12-04 23:47:39.995487+00	2023-12-15 01:16:44+00
notification-clprke8qm000608l2098rg2ab	new-answer	user-clpngv63f000009kz68z57hgh	user-clprjw102000108k1g9xvf3ye	\N	question-clpnh2fny00032v6737de4btt	\nPertanian: Masyarakat desa terlibat dalam pertanian, menanam tanaman pangan dan buah-buahan serta m	2023-12-04 23:50:47.919321+00	2023-12-15 01:16:44+00
notification-clprltrvu000108l9bz257dp3	new-answer	user-clpngv63f000009kz68z57hgh	user-clpovmd8b000008jzcdpgdmil	\N	question-clpnh21j300022v67rm811s4s	Energi terbarukan adalah energi yang diperoleh dari sumber daya alam bumi yang tak terbatas dan tida	2023-12-05 00:30:52.18619+00	2023-12-15 01:16:44+00
notification-clq6p029x000108ig0spc56s2	new-answer	user-clq6orlsu000008igfa771l4f	user-clpp7e3nl000008i30rnc2ojn	\N	question-clq6ot7jr00003x5u8q1x9qun	Pertanyaan yang sama sudah pernah ditanyakan (https://www.yukitanya.my.id/questions/Siapakah-preside	2023-12-15 13:56:17.084168+00	\N
notification-clq4w6d5t000108l96vls7f6g	new-answer	user-clpotpew9000008l52i6tcveb	user-clpngv63f000009kz68z57hgh	\N	question-clq4tt95z0002356e7byt7m99	Mungkin maksud kamu "siapa pencipta lampu".\nJawabannya Thomas Alva Edison	2023-12-14 07:41:36.103019+00	2024-01-05 03:27:48+00
notification-clprje694000008k181h75yac	new-answer	user-clprbnefp000008jl2rw79l6p	user-clpp7e3nl000008i30rnc2ojn	\N	question-clprbshz40001336f54rod6dv	2 liter	2023-12-04 23:22:45.087491+00	\N
notification-clq59iosa000208jv0y7ocgnc	new-answer	user-clpotpew9000008l52i6tcveb	user-clpse3nqo000008jyfxeie1mz	\N	question-clq3spvkx0001356eng9pv1ou	Hydra, hewan air tawar kecil yang termasuk hewan multiseluler	2023-12-14 13:55:06.031401+00	2024-01-05 03:27:48+00
notification-clprjyqpa000008l2atrl9ykm	new-answer	user-clprbnefp000008jl2rw79l6p	user-clprjw102000108k1g9xvf3ye	\N	question-clprbshz40001336f54rod6dv	Setiap gelas berisi 0,5 liter, dan Anda memiliki 4 gelas, sehingga jumlah totalnya adalah:\n\n0,5 lite	2023-12-04 23:38:44.696512+00	\N
notification-clprkbgrn000408k17eu4ffte	new-answer	user-clpqr5d19000008l70p7v2t4f	user-clprjw102000108k1g9xvf3ye	\N	question-clpqrb5da0000336e2b66haun	B. May I\n\nPertanyaan yang benar adalah:\n\n"Salsa: May I borrow your eraser, please?"\n\nPilihan ini mer	2023-12-04 23:48:38.356271+00	\N
notification-clprkcamk000508l2g6egcg1i	new-answer	user-clpotpew9000008l52i6tcveb	user-clprjw102000108k1g9xvf3ye	\N	question-clpqu6w5j0000356ejrdps5s7	\nPendiri dan raja pertama Kerajaan Majapahit adalah C. Raden Wijaya.\n\nSingkatnya, Raden Wijaya adala	2023-12-04 23:49:17.052308+00	2024-01-05 03:27:48+00
notification-clprk5sv6000208l21toxa1yx	new-answer	user-clpotpew9000008l52i6tcveb	user-clprjw102000108k1g9xvf3ye	\N	question-clpou1gb90002356dtct3hnoi	Haji Agus Salim (18841954), seorang ulama, politikus, dan diplomat, menjadi tokoh kunci dalam sejar	2023-12-04 23:44:14.096238+00	2024-01-05 03:27:48+00
notification-clprbojhz000108jl9b2p69o6	new-answer	user-clpp7e3nl000008i30rnc2ojn	user-clprbnefp000008jl2rw79l6p	\N	question-clpr0sf74000020631fs7tz7n	803	2023-12-04 19:46:51.884925+00	2024-01-11 11:14:30+00
notification-clq7iu8uo000208l9bk2b84wh	favorite	user-clq6orlsu000008igfa771l4f	user-clpp7e3nl000008i30rnc2ojn	\N	question-clq6ovoec00013x5uopoohdse	jelaskan dan sebutkan apa tumbuhan dikotil dan monokotil	2023-12-16 03:51:34.146213+00	\N
notification-clpwd1qg2000008jygyo32y3y	new-answer	user-clpp7e3nl000008i30rnc2ojn	user-clpotpew9000008l52i6tcveb	\N	question-clpvuydv30000336avmd9pwep	Thomas Alva Edison dan Nikola Tesla. 	2023-12-08 08:23:57.914391+00	2024-01-11 11:14:30+00
notification-clprjxr04000208k12nsu1p3k	new-answer	user-clpp7e3nl000008i30rnc2ojn	user-clprjw102000108k1g9xvf3ye	\N	question-clpr0sf74000020631fs7tz7n	   325\n+  478\n______\n   803\n	2023-12-04 23:37:58.430055+00	2024-01-11 11:14:30+00
notification-clpvm3xlx000008jn8grz1nxl	best-answer	user-clpp7e3nl000008i30rnc2ojn	user-clpotpew9000008l52i6tcveb	\N	question-clptkgts40001336eeq3pyt11	a. Nyebrangin jalan	2023-12-07 19:49:50.871606+00	2024-01-11 11:14:30+00
notification-clq2zn8zq000308jx6grs4bc7	rating	user-clpovmd8b000008jzcdpgdmil	user-clpp7e3nl000008i30rnc2ojn	5	question-clq29j2bn00013i6c1rdu9rbj	bapak Abdurrahman Wahid	2023-12-12 23:43:10.315853+00	\N
notification-clq6p1jmh000208ig0714h9n0	new-answer	user-clq6orlsu000008igfa771l4f	user-clpp7e3nl000008i30rnc2ojn	\N	question-clq6ovoec00013x5uopoohdse	Tumbuhan dikotil dan monokotil adalah dua kelompok utama dari tumbuhan berbunga, yang dibedakan berd	2023-12-15 13:57:26.225464+00	\N
notification-clq4w6sk5000008jr4qtp5v9y	rating	user-clpotpew9000008l52i6tcveb	user-clpngv63f000009kz68z57hgh	5	question-clq3uqy6u00002064fdlvxp1b	Jawabannya B.  (Maaf kalo salah)	2023-12-14 07:41:56.040859+00	2024-01-05 03:27:48+00
notification-clpwd0kxb000208l75d829a1k	new-answer	user-clpp7e3nl000008i30rnc2ojn	user-clpotpew9000008l52i6tcveb	\N	question-clpvv0lxt0001336a3kz5xl6j	\nPesan moral dari cerita "Si Kancil dan Buaya" melibatkan kecerdikan, peringatan terhadap kepercayaa	2023-12-08 08:23:04.104853+00	2024-01-11 11:14:30+00
notification-clpwcu4h3000008l7dj8jg1ks	new-answer	user-clpp7e3nl000008i30rnc2ojn	user-clpotpew9000008l52i6tcveb	\N	question-clpvv2bcy0002336adq4g23zr	Hak asasi manusia (HAM) adalah hak-hak yang melekat pada setiap individu secara alami dan tidak dapa	2023-12-08 08:18:02.84167+00	2024-01-11 11:14:30+00
notification-clpwqvqwk000008lg7z666e38	rating	user-clpp7e3nl000008i30rnc2ojn	user-clpovmd8b000008jzcdpgdmil	5	question-clprmcuw50002356ex6fx403d	Km = Kilo Meter\nHm = Hekto Meter\nDam = Deka Meter\nM = Meter\nDm = Desi Meter\nCm = Centi Meter\nMm = Mi	2023-12-08 14:51:13.186244+00	2024-01-11 11:14:30+00
notification-clprmbb5a000108jjaxsugreg	new-answer	user-clpovmd8b000008jzcdpgdmil	user-clprm79wh000008jjcloj07q3	\N	question-clprlydi10001356ezza0c6sa	gaya pegas itu kan gaya yang timbul karena ditekan atau didorong jadi salah satu contohnya itu pompa	2023-12-05 00:44:30.294583+00	\N
notification-clq98wq4x000008l3evgtd0yq	rating	user-clpotpew9000008l52i6tcveb	user-clpngv63f000009kz68z57hgh	5	question-clq56teaa00012v68opbqbqll	1. Menggunakan kantong belanja yang dapat digunakan ulang atau membawa tas belanja sendiri ketika be	2023-12-17 08:49:06.055761+00	2024-01-05 03:27:48+00
notification-clprmghri000308jjfbo4gaqj	new-answer	user-clprbnefp000008jl2rw79l6p	user-clprm79wh000008jjcloj07q3	\N	question-clprbshz40001336f54rod6dv	2 liter	2023-12-05 00:48:32.152633+00	\N
notification-clprn6w1w000008l829eygfne	rating	user-clprm79wh000008jjcloj07q3	user-clpp7e3nl000008i30rnc2ojn	4	question-clprlydi10001356ezza0c6sa	gaya pegas itu kan gaya yang timbul karena ditekan atau didorong jadi salah satu contohnya itu pompa	2023-12-05 01:09:03.737663+00	\N
notification-clq93zck6000008l007rlg2hx	new-answer	user-clq6orlsu000008igfa771l4f	user-clpotpew9000008l52i6tcveb	\N	question-clq6ot7jr00003x5u8q1x9qun	K.H Abdurrahman Wahid (Gus Dur)	2023-12-17 06:31:10.341563+00	\N
notification-clq9pjh03000108l51jzocyj0	new-answer	user-clpovmd8b000008jzcdpgdmil	user-clq9phpss000008l5ghrrfnm8	\N	question-clq9iw6oj0000356fezn8o9jw	lima tahun sekali	2023-12-17 16:34:41.158106+00	\N
notification-clqa5q383000008l619dy7znp	rating	user-clq9phpss000008l5ghrrfnm8	user-clpp7e3nl000008i30rnc2ojn	5	question-clq9iw6oj0000356fezn8o9jw	lima tahun sekali	2023-12-18 00:07:43.739777+00	\N
notification-clq9cl86n000008jt652z9pgs	rating	user-clpotpew9000008l52i6tcveb	user-clpp7e3nl000008i30rnc2ojn	5	question-clq6nzm8n0000336ecb93rhs6	Perusahaan startup adalah suatu bentuk perusahaan yang baru didirikan dan biasanya berfokus pada pen	2023-12-17 10:32:08.035032+00	2024-01-05 03:27:48+00
notification-clq9clavq000208jt6pos2q6z	best-answer	user-clpotpew9000008l52i6tcveb	user-clpp7e3nl000008i30rnc2ojn	\N	question-clq6nzm8n0000336ecb93rhs6	Perusahaan startup adalah suatu bentuk perusahaan yang baru didirikan dan biasanya berfokus pada pen	2023-12-17 10:32:11.529841+00	2024-01-05 03:27:48+00
notification-clq8upbc8000008jxhsn677f6	rating	user-clpp7e3nl000008i30rnc2ojn	user-clpngv63f000009kz68z57hgh	5	question-clq4wbgyi0000336fga3qjd8u	BRICS adalah singkatan dari Brasil, Rusia, India, Tiongkok, dan Afrika Selatan. Organisasi BRICS ada	2023-12-17 02:11:25.6635+00	2024-01-11 11:14:30+00
notification-clqanc300000008lhdn810k7c	new-answer	user-clpovmd8b000008jzcdpgdmil	user-clpotpew9000008l52i6tcveb	\N	question-clq9izh1o0001356f9kbv5x0n	-Kenali Audiensmu\n-Mulailah dengan Sapaan Hangat\n-Ceritakan Kisah atau Kenangan Bersama\n-Ungkapkan R	2023-12-18 08:20:43.374786+00	\N
notification-clqamvpmi000008lh0023407g	new-answer	user-clpp7e3nl000008i30rnc2ojn	user-clpotpew9000008l52i6tcveb	\N	question-clq9f756j00002v69kcsvi2fd	yang membuat kue bolu lebih banyak, ya pabrik bolu, bukan bu tias atau mei. Awoakwoakwoak	2023-12-18 08:07:59.530965+00	2024-01-11 11:14:30+00
notification-clqce7g6x000008jj59ag8qo2	new-answer	user-clpngv63f000009kz68z57hgh	user-clpovmd8b000008jzcdpgdmil	\N	question-clq56rt4m00002v68kqs1f6vw	Zat padat adalah keadaan di mana volome dan ukurannya tetapu,\nZat cair adalah di mana volumenya meng	2023-12-19 13:40:42.9878+00	\N
notification-clprndib4000208l8dusu1o69	rating	user-clprm79wh000008jjcloj07q3	user-clpp7e3nl000008i30rnc2ojn	3	question-clprlydi10001356ezza0c6sa	gaya pegas itu kan gaya yang timbul karena ditekan atau didorong jadi salah satu contohnya itu pompa	2023-12-05 01:14:12.520904+00	\N
notification-clprndkhb000408l8fneg5619	rating	user-clprm79wh000008jjcloj07q3	user-clpp7e3nl000008i30rnc2ojn	4	question-clprlydi10001356ezza0c6sa	gaya pegas itu kan gaya yang timbul karena ditekan atau didorong jadi salah satu contohnya itu pompa	2023-12-05 01:14:15.33565+00	\N
notification-clprodgef000008jqhs0eeupi	new-answer	user-clprm79wh000008jjcloj07q3	user-clpovmd8b000008jzcdpgdmil	\N	question-clprmfmjr0002356e6noc1rtv	Tergantung bawaan badan kak ada yang 9 tahun sampai 17 tahun 	2023-12-05 01:42:09.657953+00	\N
notification-clprqst8f000008l58ive4fpx	new-answer	user-clpovmd8b000008jzcdpgdmil	user-clpp7e3nl000008i30rnc2ojn	\N	question-clprmcuw50002356ex6fx403d	Km = Kilo Meter\nHm = Hekto Meter\nDam = Deka Meter\nM = Meter\nDm = Desi Meter\nCm = Centi Meter\nMm = Mi	2023-12-05 02:50:05.356346+00	2023-12-08 14:51:03+00
notification-clprqqn3t000008jsfimm3lm8	new-answer	user-clprm79wh000008jjcloj07q3	user-clpp7e3nl000008i30rnc2ojn	\N	question-clprmdiqm0001356epbhdtp30	Bilangan prima adalah bilangan yang hanya bisa dibagi oleh angka 1 dan angka itu sendiri.\n\nContohnya	2023-12-05 02:48:24.101848+00	\N
notification-clprqtlme000108l512i248ou	rating	user-clprjw102000108k1g9xvf3ye	user-clpp7e3nl000008i30rnc2ojn	5	question-clpqu6w5j0000356ejrdps5s7	\nPendiri dan raja pertama Kerajaan Majapahit adalah C. Raden Wijaya.\n\nSingkatnya, Raden Wijaya adala	2023-12-05 02:50:42.147147+00	\N
notification-clqamvsaf000108lhan9i2pb1	favorite	user-clpp7e3nl000008i30rnc2ojn	user-clpotpew9000008l52i6tcveb	\N	question-clq9f756j00002v69kcsvi2fd	Tolong bantu ya teman-teman	2023-12-18 08:08:02.984053+00	2024-01-11 11:14:30+00
notification-clpsan15l000108jqdbsfeoio	new-answer	user-clpp7e3nl000008i30rnc2ojn	user-clpsalcbj000008jq0u660gqr	\N	question-clprnht900000336bne7r74df	b = 24	2023-12-05 12:05:28.010269+00	2024-01-11 11:14:30+00
notification-clq945cuy000208l03r8v2gn2	new-answer	user-clpngv63f000009kz68z57hgh	user-clpotpew9000008l52i6tcveb	\N	question-clq56teaa00012v68opbqbqll	1. Menggunakan kantong belanja yang dapat digunakan ulang atau membawa tas belanja sendiri ketika be	2023-12-17 06:35:50.669633+00	2023-12-17 08:48:56+00
notification-clq943om3000108l00i6obcov	new-answer	user-clpp7e3nl000008i30rnc2ojn	user-clpotpew9000008l52i6tcveb	\N	question-clq6nzm8n0000336ecb93rhs6	Perusahaan startup adalah suatu bentuk perusahaan yang baru didirikan dan biasanya berfokus pada pen	2023-12-17 06:34:32.5899+00	2024-01-11 11:14:30+00
notification-clqa5qrej000008jw2fam3tye	favorite	user-clpovmd8b000008jzcdpgdmil	user-clpp7e3nl000008i30rnc2ojn	\N	question-clq9izh1o0001356f9kbv5x0n	Tips and trick cara berpidato dalam rangka acara ulang tahun?	2023-12-18 00:08:15.075218+00	\N
notification-clqancy4g000108lhbdv74qw7	favorite	user-clpovmd8b000008jzcdpgdmil	user-clpotpew9000008l52i6tcveb	\N	question-clq9izh1o0001356f9kbv5x0n	Tips and trick cara berpidato dalam rangka acara ulang tahun?	2023-12-18 08:21:23.695973+00	\N
notification-clpsbzjv2000008jte3zpav13	rating	user-clpsalcbj000008jq0u660gqr	user-clpp7e3nl000008i30rnc2ojn	5	question-clprnht900000336bne7r74df	b = 24	2023-12-05 12:43:11.74781+00	\N
notification-clpsbzkz3000208jt1x0d0saj	best-answer	user-clpsalcbj000008jq0u660gqr	user-clpp7e3nl000008i30rnc2ojn	\N	question-clprnht900000336bne7r74df	b = 24	2023-12-05 12:43:13.187871+00	\N
notification-clpse4g6x000108jyc6gjgnts	rating	user-clpsalcbj000008jq0u660gqr	user-clpse3nqo000008jyfxeie1mz	5	question-clprnht900000336bne7r74df	b = 24	2023-12-05 13:42:59.509981+00	\N
notification-clpse50tk000308jybqjl1jz4	rating	user-clprjw102000108k1g9xvf3ye	user-clpse3nqo000008jyfxeie1mz	5	question-clprbshz40001336f54rod6dv	Setiap gelas berisi 0,5 liter, dan Anda memiliki 4 gelas, sehingga jumlah totalnya adalah:\n\n0,5 lite	2023-12-05 13:43:26.244925+00	\N
notification-clpseaiu0000508jyb30zg03m	new-answer	user-clpsalcbj000008jq0u660gqr	user-clpse3nqo000008jyfxeie1mz	\N	question-clpsamc540000356emd9r88hw	L =  x a x t\nL = Luas segitiga sama sisi. \na = Alas segitiga sama sisi. \nt = Tinggi segitiga sama s	2023-12-05 13:47:42.872066+00	\N
notification-clqar5lqt000008l55c3p57rg	rating	user-clpotpew9000008l52i6tcveb	user-clpp7e3nl000008i30rnc2ojn	4	question-clq9f756j00002v69kcsvi2fd	yang membuat kue bolu lebih banyak, ya pabrik bolu, bukan bu tias atau mei. Awoakwoakwoak	2023-12-18 10:07:39.522482+00	2024-01-05 03:27:48+00
notification-clqcdiumo000009l6bt47cwkq	new-answer	user-clpotpew9000008l52i6tcveb	user-clpovmd8b000008jzcdpgdmil	\N	question-clq941qsz0001356fhdji8y08	Izin bantu kak kalau gk salah "Sri Sultan Hamengku Buwono IX"	2023-12-19 13:21:35.297781+00	2024-01-05 03:27:48+00
notification-clpseny8f000508l073kx4kz8	new-answer	user-clpse3nqo000008jyfxeie1mz	user-clpp7e3nl000008i30rnc2ojn	\N	question-clpse9abp0002356dshtinat5	c. where\n\nSoalnya dia nanya lokasi/tempat	2023-12-05 13:58:09.342974+00	\N
notification-clpseoxuj000608l0950eh6xo	rating	user-clpse3nqo000008jyfxeie1mz	user-clpp7e3nl000008i30rnc2ojn	1	question-clpsamc540000356emd9r88hw	L =  x a x t\nL = Luas segitiga sama sisi. \na = Alas segitiga sama sisi. \nt = Tinggi segitiga sama s	2023-12-05 13:58:55.499727+00	\N
notification-clpsf3ac3000908l07n5u1v6u	new-answer	user-clpse3nqo000008jyfxeie1mz	user-clpsf2wds000808l007m83hpx	\N	question-clpse9abp0002356dshtinat5	a	2023-12-05 14:10:04.866596+00	\N
notification-clq98wrch000208l380tq4d0c	best-answer	user-clpotpew9000008l52i6tcveb	user-clpngv63f000009kz68z57hgh	\N	question-clq56teaa00012v68opbqbqll	1. Menggunakan kantong belanja yang dapat digunakan ulang atau membawa tas belanja sendiri ketika be	2023-12-17 08:49:07.622265+00	2024-01-05 03:27:48+00
notification-clq9clvxv000308jtbxirehls	new-answer	user-clpotpew9000008l52i6tcveb	user-clpp7e3nl000008i30rnc2ojn	\N	question-clq94a2t20004356fb36hvtkg	1. Kalimantan Utara\n2. Papua Barat\n3. Sulawesi Barat\n4. Nusa Tenggara Timur	2023-12-17 10:32:38.823461+00	2024-01-05 03:27:48+00
notification-clpswrfi8000008kyg4s89p9j	new-answer	user-clpsalcbj000008jq0u660gqr	user-clpp7e3nl000008i30rnc2ojn	\N	question-clpsamc540000356emd9r88hw	Luas = sisi x sisi\nKeliling= 4 x sisi	2023-12-05 22:24:44.781006+00	\N
notification-clptd161e000008ju4v5z2uuy	new-answer	user-clpse3nqo000008jyfxeie1mz	user-clpp7e3nl000008i30rnc2ojn	\N	question-clpse87cn0001356dt842shy1	a. teks eksplanasi.\n\nMaaf kalau salah, aku mah masih pemula	2023-12-06 06:00:12.9452+00	\N
notification-clptdskfj000908juh7fybwsr	rating	user-clpovmd8b000008jzcdpgdmil	user-clptcy5c6000008la4dqt2mlz	5	question-clpou1gb90002356dtct3hnoi	Haji Agus Salim dikenal sebagai seorang diplomat, politikus, dan tokoh intelektual yang berperan akt	2023-12-06 06:21:31.320144+00	\N
notification-clq946mef000008l62z3v99jz	favorite	user-clq2cbrf3000108l69r498ylu	user-clpotpew9000008l52i6tcveb	\N	question-clq2cff1o0000356eae1klk2j	Sebutkan 11 negara ASEAN?	2023-12-17 06:36:49.696757+00	\N
notification-clpuqfx31000308l8cdup01np	rating	user-clpuphmtu000008l86j071vyq	user-clpp7e3nl000008i30rnc2ojn	5	question-clpupt1ng0000336fz52y64xr	kita hanya perlu menggunakan rumus berikut.\n\nsenin adalah hari pertama jadi bernilai 1, jika 1 + 5 =	2023-12-07 05:03:22.367726+00	2023-12-14 02:52:32+00
notification-clqamydt0000009lc5m3efjxy	new-answer	user-clpovmd8b000008jzcdpgdmil	user-clpotpew9000008l52i6tcveb	\N	question-clq9iw6oj0000356fezn8o9jw	5 tahun sekali donggggggg	2023-12-18 08:10:04.182535+00	\N
notification-clqch2yqz000209l12khn83kd	rating	user-clpp7e3nl000008i30rnc2ojn	user-clqcgp1fz000109l16a79cl6r	5	question-clq94a2t20004356fb36hvtkg	1. Kalimantan Utara\n2. Papua Barat\n3. Sulawesi Barat\n4. Nusa Tenggara Timur	2023-12-19 15:01:12.600992+00	2024-01-11 11:14:30+00
notification-clptq44e9000008l0e8mg3au3	rating	user-clprjw102000108k1g9xvf3ye	user-clpp7e3nl000008i30rnc2ojn	5	question-clpou1gb90002356dtct3hnoi	Haji Agus Salim (18841954), seorang ulama, politikus, dan diplomat, menjadi tokoh kunci dalam sejar	2023-12-06 12:06:25.781048+00	\N
notification-clqgrphxr000008l78mw12kv3	new-answer	user-clqdib8y6000107jn16c7hjd1	user-clqgrogs0000009jraefz55go	\N	question-clqdid0fo0000356fq1wq43jv	lololoh gabahaya. ta mas	2023-12-22 15:09:44.758556+00	\N
notification-clqi57ypm000008jv1yck23ub	favorite	user-clqbmvsop000008l704gz84w3	user-clpp7e3nl000008i30rnc2ojn	\N	question-clqho2w5p00003x5vhncu9pxf	Jika P = lim\n 1\n5+4 3\n3+1  2 , maka nilai P adalah	2023-12-23 14:15:47.503106+00	\N
notification-clptnzz4j000108l51dqhfunl	rating	user-clpp7e3nl000008i30rnc2ojn	user-clptny66d000008l55glq6pz7	5	question-clptkgts40001336eeq3pyt11	a. Nyebrangin jalan	2023-12-06 11:07:13.091317+00	2024-01-11 11:14:30+00
notification-clpuwjpla000508jr5q293u15	rating	user-clpp7e3nl000008i30rnc2ojn	user-clpuwgy2x000008jr3a9rhono	5	question-clpuwhxwz0001356dl6zp9vyp	Merah putih dong\n\n\n\n\n\n\n\n\nPake nanya 	2023-12-07 07:54:16.960396+00	2024-01-11 11:14:30+00
notification-clpupjb0o000108l8bfow3g23	rating	user-clpngv63f000009kz68z57hgh	user-clpuphmtu000008l86j071vyq	5	question-clpp7elyk00002063yjft387w	1 liter / 4 gelas = 0,25 liter per gelas\n\nJadi, setiap gelas akan berisi 0,25 liter susu.	2023-12-07 04:38:00.759373+00	2023-12-15 01:16:44+00
notification-clpuwizi4000208jrf2l12l4k	new-answer	user-clpuwgy2x000008jr3a9rhono	user-clpotpew9000008l52i6tcveb	\N	question-clpuwhxwz0001356dl6zp9vyp	Merah dan putih	2023-12-07 07:53:43.149927+00	\N
notification-clpuwizz2000308jr53bkapuc	new-answer	user-clpuwgy2x000008jr3a9rhono	user-clpp7e3nl000008i30rnc2ojn	\N	question-clpuwhxwz0001356dl6zp9vyp	Merah putih dong\n\n\n\n\n\n\n\n\nPake nanya 	2023-12-07 07:53:43.760099+00	\N
notification-clptjiyfv000208l2ahre7n8i	new-answer	user-clpth6yj5000009jr5r7k35bn	user-clpotpew9000008l52i6tcveb	\N	question-clpthf88j0000336cizvgro4e	Hati berperan sebagai filter alami yang menyaring darah dan menghilangkan racun, obat-obatan, serta 	2023-12-06 09:02:00.581501+00	2024-01-04 06:50:16+00
notification-clqei18yi000008l10wqs3wnt	rating	user-clpotpew9000008l52i6tcveb	user-clpp7e3nl000008i30rnc2ojn	4	question-clqdid0fo0000356fq1wq43jv	Pelaku pembunuhan Munir adalah Pollycarpus Budihari Priyanto, seorang mantan perwira polisi dan agen	2023-12-21 01:03:24.515258+00	2024-01-05 03:27:48+00
notification-clqdid5tq000009jn0ejr8wku	rating	user-clpp7e3nl000008i30rnc2ojn	user-clqcgndbz000009l14t160hoj	5	question-clqchw6rs0000356fvv52alw7	Presiden Indonesia yang dijuluki Mr. Crack adalah Susilo Bambang Yudhoyono (SBY). Julukan ini disema	2023-12-20 08:24:54.119765+00	2024-01-11 11:14:30+00
notification-clqdidaq0000209jnb0n80kb8	best-answer	user-clpp7e3nl000008i30rnc2ojn	user-clqcgndbz000009l14t160hoj	\N	question-clqchw6rs0000356fvv52alw7	Presiden Indonesia yang dijuluki Mr. Crack adalah Susilo Bambang Yudhoyono (SBY). Julukan ini disema	2023-12-20 08:25:00.465234+00	2024-01-11 11:14:30+00
notification-clqdztckh000008l2dzn27usa	new-answer	user-clqdib8y6000107jn16c7hjd1	user-clpotpew9000008l52i6tcveb	\N	question-clqdid0fo0000356fq1wq43jv	Pelaku pembunuhan Munir adalah Pollycarpus Budihari Priyanto, seorang mantan perwira polisi dan agen	2023-12-20 16:33:22.830211+00	\N
notification-clqge00x6000008l9e926299v	rating	user-clpotpew9000008l52i6tcveb	user-clpqv5u5y000008jx5gah0uu4	3	question-clq2cff1o0000356eae1klk2j	Indonesia\nMalaysia\nSingapura\nThailand\nFilipina\nBrunei\nVietnam\nLaos\nMyanmar\nKamboja\nTimor Leste	2023-12-22 08:46:01.315012+00	2024-01-05 03:27:48+00
notification-clqchqh9x000008l66b4o7yqv	rating	user-clpotpew9000008l52i6tcveb	user-clqcgndbz000009l14t160hoj	5	question-clq6nzm8n0000336ecb93rhs6	Perusahaan startup adalah suatu bentuk perusahaan yang baru didirikan dan biasanya berfokus pada pen	2023-12-19 15:19:29.700448+00	2024-01-05 03:27:48+00
notification-clqcg2mol000008l914rzh3c7	rating	user-clpotpew9000008l52i6tcveb	user-clpngv63f000009kz68z57hgh	5	question-clq6nzm8n0000336ecb93rhs6	Perusahaan startup adalah suatu bentuk perusahaan yang baru didirikan dan biasanya berfokus pada pen	2023-12-19 14:32:57.359177+00	2024-01-05 03:27:48+00
notification-clpwh1exq000208jz4g6p93ms	best-answer	user-clpotpew9000008l52i6tcveb	user-clpp7e3nl000008i30rnc2ojn	\N	question-clpvv2bcy0002336adq4g23zr	Hak asasi manusia (HAM) adalah hak-hak yang melekat pada setiap individu secara alami dan tidak dapa	2023-12-08 10:15:41.453575+00	2024-01-05 03:27:48+00
notification-clpwh3sz9000208jyb8tkc8in	new-answer	user-clpotpew9000008l52i6tcveb	user-clpp7e3nl000008i30rnc2ojn	\N	question-clpwd28nm0003356de98z6y71		2023-12-08 10:17:32.966066+00	2024-01-05 03:27:48+00
notification-clpwr41va000308l41vjb5t1q	new-answer	user-clpotpew9000008l52i6tcveb	user-clpovmd8b000008jzcdpgdmil	\N	question-clpwd28nm0003356de98z6y71	Ustad liat ini ustad!!!!!!	2023-12-08 14:57:40.665851+00	2024-01-05 03:27:48+00
notification-clqd88tm6000308jp4zgqgucr	favorite	user-clpp7e3nl000008i30rnc2ojn	user-clpotpew9000008l52i6tcveb	\N	question-clq9f9tw500012v69cryo3mke	Bola mana yang paling berbahaya?	2023-12-20 03:41:35.513823+00	2024-01-11 11:14:30+00
notification-clpotz401000308l51a4v1d68	new-answer	user-clpngv63f000009kz68z57hgh	user-clpotpew9000008l52i6tcveb	\N	question-clpnh10t200002v67xpmzm82x	Keliling= 4Panjang Sisi\n\nDalam hal ini, jika panjang sisi persegi adalah 8 cm, maka kelilingnya ada	2023-12-03 01:55:39.57803+00	2023-12-15 01:16:44+00
notification-clpv1vspi000108ia7jrna23l	new-answer	user-clpse3nqo000008jyfxeie1mz	user-clpngv63f000009kz68z57hgh	\N	question-clpse7f2i0000356d5wnupvt6	d. 39\n\nMaaf kalau salah	2023-12-07 10:23:38.958382+00	\N
notification-clpott4t2000208l573o17xu0	new-answer	user-clpngv63f000009kz68z57hgh	user-clpotpew9000008l52i6tcveb	\N	question-clpnh2fny00032v6737de4btt	petani, kuli bangunan, asisten rumah tangga... maaf kalo kurang tepat	2023-12-03 01:51:00.6827+00	2023-12-15 01:16:44+00
notification-clppcl9hy000008jx3wl79pt5	rating	user-clpngv63f000009kz68z57hgh	user-clpp7e3nl000008i30rnc2ojn	4	question-clpp7elyk00002063yjft387w	1 liter / 4 gelas = 0,25 liter per gelas\n\nJadi, setiap gelas akan berisi 0,25 liter susu.	2023-12-03 10:36:46.211616+00	2023-12-15 01:16:44+00
notification-clpr3vtc6000709l20mgegefu	rating	user-clpp7e3nl000008i30rnc2ojn	user-clpr3t8g8000009l2fgx59s48	1	question-clpqs33ko0000336f5hq8itdd	Nabi Musa AS = Taurat\nNabi Daud AS = Zabur\nNabi Isa AS = Injil\nNabi Muhammad SAW = Al-Quran	2023-12-04 16:08:34.299751+00	2024-01-11 11:14:30+00
notification-clqchxsxe000008js0wqcfzco	new-answer	user-clqcgndbz000009l14t160hoj	user-clpp7e3nl000008i30rnc2ojn	\N	question-clqchw6rs0000356fvv52alw7	Presiden Indonesia yang dijuluki Mr. Crack adalah Susilo Bambang Yudhoyono (SBY). Julukan ini disema	2023-12-19 15:25:11.396569+00	2023-12-20 08:26:25+00
notification-clqdfuzjp000108l1b6481jy7	favorite	user-clqcgndbz000009l14t160hoj	user-clpp7e3nl000008i30rnc2ojn	\N	question-clqchw6rs0000356fvv52alw7	Siapa nama presiden indonesia yang dijuluki Mr. Crack ??	2023-12-20 07:14:46.943422+00	2023-12-20 08:26:25+00
notification-clqamyekq000109lc8qxkhht6	favorite	user-clpovmd8b000008jzcdpgdmil	user-clpotpew9000008l52i6tcveb	\N	question-clq9iw6oj0000356fezn8o9jw	Berapa tahun sekali pemilihan presiden republik indonesia?	2023-12-18 08:10:05.180012+00	\N
notification-clqvupvl5000008lbal5n9jw7	rating	user-clpp7e3nl000008i30rnc2ojn	user-clqnxlqk1000008kyfry454zz	5	question-clqchw6rs0000356fvv52alw7	Presiden Indonesia yang dijuluki Mr. Crack adalah Susilo Bambang Yudhoyono (SBY). Julukan ini disema	2024-01-02 04:30:33.934055+00	2024-01-11 11:14:30+00
notification-clr944btz000008l00iga5uqj	favorite	user-clpovmd8b000008jzcdpgdmil	user-clpp7e3nl000008i30rnc2ojn	\N	question-clqkxqtua0001356fz83cup2c	Mengapa disetiap organ manusia mempunyai manfaat untuk tubuh?	2024-01-11 11:14:45.014815+00	\N
notification-clrg3q7di000008l8hoxr9ejk	rating	user-clpse3nqo000008jyfxeie1mz	user-clpqv5u5y000008jx5gah0uu4	5	question-clq3spvkx0001356eng9pv1ou	Hydra, hewan air tawar kecil yang termasuk hewan multiseluler	2024-01-16 08:38:09.285625+00	\N
notification-clrq687ag000108l19dhm43ba	rating	user-clpotpew9000008l52i6tcveb	user-clrq67ckc000008l160ib5w2r	4	question-clqdid0fo0000356fq1wq43jv	Pelaku pembunuhan Munir adalah Pollycarpus Budihari Priyanto, seorang mantan perwira polisi dan agen	2024-01-23 09:45:49.972099+00	\N
notification-clru1d11f000108jo1z91blb6	new-answer	user-clrq67ckc000008l160ib5w2r	user-clru1ckik000008jo73nj7euq	\N	question-clrq68olm0000356iw96l7929	Kiwww	2024-01-26 02:40:41.772333+00	\N
notification-cltsrb01r000108gu3aj48si0	new-answer	user-clrq67ckc000008l160ib5w2r	user-cltsr5aaa000008gu59asa27c	\N	question-clrq68olm0000356iw96l7929	pak leli	2024-03-15 14:30:49.601159+00	\N
notification-clqd8yk9x000008id7rvddt1b	favorite	user-clqcgndbz000009l14t160hoj	user-clpotpew9000008l52i6tcveb	\N	question-clqchw6rs0000356fvv52alw7	Siapa nama presiden indonesia yang dijuluki Mr. Crack ??	2023-12-20 04:01:36.474611+00	2023-12-20 08:26:25+00
notification-clqjsc8yg000008l593ga4jj3	favorite	user-clqbmvsop000008l704gz84w3	user-clpotpew9000008l52i6tcveb	\N	question-clqho2w5p00003x5vhncu9pxf	Jika P = lim\n 1\n5+4 3\n3+1  2 , maka nilai P adalah	2023-12-24 17:50:44.747001+00	\N
notification-clqkfekkd000008l149v8cw2i	new-answer	user-clqbmvsop000008l704gz84w3	user-clpotpew9000008l52i6tcveb	\N	question-clqho2w5p00003x5vhncu9pxf	Untuk menemukan nilai P, kita perlu menghitung limit saat  mendekati 1 dari fungsi di atas.\n\nP = l	2023-12-25 04:36:24.273536+00	\N
notification-clqna650g000008jj4qei8dvq	new-answer	user-clpovmd8b000008jzcdpgdmil	user-clpp7e3nl000008i30rnc2ojn	\N	question-clqkxqtua0001356fz83cup2c	Setiap organ manusia memiliki manfaatnya sendiri untuk tubuh karena setiap organ memiliki fungsi khu	2023-12-27 04:33:11.315806+00	\N
notification-clqyq3e2b000007jo3b3f3j1u	new-answer	user-clpovmd8b000008jzcdpgdmil	user-clpotpew9000008l52i6tcveb	\N	question-clqkxnpkj0000356f4ogsdv2d	Permainan bola kecil dan bola besar dapat memiliki perbedaan yang cukup mencolok dalam berbagai aspe	2024-01-04 04:44:24.872673+00	\N
notification-clpwh36ac000408jzdsam816f	new-answer	user-clpotpew9000008l52i6tcveb	user-clpp7e3nl000008i30rnc2ojn	\N	question-clpwd98gx0004356dlnn3lz88	a. Mendengarkan 	2023-12-08 10:17:03.556143+00	2024-01-05 03:27:48+00
notification-clqnid8db000508l60aymh5oe	rating	user-clpotpew9000008l52i6tcveb	user-clqnibqpc000108l62h191dk3	5	question-clqdid0fo0000356fq1wq43jv	Pelaku pembunuhan Munir adalah Pollycarpus Budihari Priyanto, seorang mantan perwira polisi dan agen	2023-12-27 08:22:39.183637+00	2024-01-05 03:27:48+00
notification-clr02s77g000008js3awrglq4	new-answer	user-clpotpew9000008l52i6tcveb	user-clqcgndbz000009l14t160hoj	\N	question-clqci4xxw0001356f46q38097	sulawesi	2024-01-05 03:27:23.943367+00	2024-01-05 03:27:48+00
notification-clr1ws5oq000008ld6ua17ood	rating	user-clpotpew9000008l52i6tcveb	user-clqq8gb1z000008l265d5hx7t	5	question-clqdid0fo0000356fq1wq43jv	Pelaku pembunuhan Munir adalah Pollycarpus Budihari Priyanto, seorang mantan perwira polisi dan agen	2024-01-06 10:14:56.634686+00	\N
notification-clqjsc8yg000008laf02a0exx	favorite	user-clpqv5u5y000008jx5gah0uu4	user-clpotpew9000008l52i6tcveb	\N	question-clqgec10v00002v6gsilmrgvq	Apa perbedaan CPU dengan GPU pada komputer ?	2023-12-24 17:50:44.745647+00	2024-01-09 16:43:43+00
notification-clq5g2gl2000108jlc7mh6wi3	new-answer	user-clpotpew9000008l52i6tcveb	user-clq5fzqv2000008jlce3jcuxu	\N	question-clpwd28nm0003356de98z6y71	i love u	2023-12-14 16:58:26.211472+00	2024-01-05 03:27:48+00
notification-clq2zn3ym000408jxa44z8zj2	rating	user-clpotpew9000008l52i6tcveb	user-clpp7e3nl000008i30rnc2ojn	4	question-clq29j5wt0000336fs2j5ojdu	khas dari daerah Jakarta	2023-12-12 23:43:03.795268+00	2024-01-05 03:27:48+00
notification-clqar6an4000208jr659z9ath	rating	user-clpotpew9000008l52i6tcveb	user-clpp7e3nl000008i30rnc2ojn	4	question-clq9izh1o0001356f9kbv5x0n	-Kenali Audiensmu\n-Mulailah dengan Sapaan Hangat\n-Ceritakan Kisah atau Kenangan Bersama\n-Ungkapkan R	2023-12-18 10:08:11.789192+00	2024-01-05 03:27:48+00
notification-clpuwjwo7000708jrgnyxhe14	rating	user-clpotpew9000008l52i6tcveb	user-clpuwgy2x000008jr3a9rhono	5	question-clpuwhxwz0001356dl6zp9vyp	Merah dan putih	2023-12-07 07:54:26.137741+00	2024-01-05 03:27:48+00
notification-clpr0rsm1000008jl1hzv3adm	rating	user-clpotpew9000008l52i6tcveb	user-clpp7e3nl000008i30rnc2ojn	5	question-clpnh1k4a00012v674qq2yb57	Cerita Fiksi :\n-Imajinatif \n-Karakter dan Setting \n-Plot Fantastis\n-Tujuan Hiburan atau Penyampaian 	2023-12-04 14:41:27.887855+00	2024-01-05 03:27:48+00
notification-clqdfuxd1000008l1f47xhxef	favorite	user-clpotpew9000008l52i6tcveb	user-clpp7e3nl000008i30rnc2ojn	\N	question-clqci4xxw0001356f46q38097	Presiden B.j Habibie berasal dari mana ???	2023-12-20 07:14:44.110618+00	2024-01-05 03:27:48+00
notification-clptkd7od000108l70yeh9i04	rating	user-clpotpew9000008l52i6tcveb	user-clpp7e3nl000008i30rnc2ojn	5	question-clpthf88j0000336cizvgro4e	Hati berperan sebagai filter alami yang menyaring darah dan menghilangkan racun, obat-obatan, serta 	2023-12-06 09:25:32.246454+00	2024-01-05 03:27:48+00
notification-clptl9k34000008l9652oc4d3	new-answer	user-clpotpew9000008l52i6tcveb	user-clpp7e3nl000008i30rnc2ojn	\N	question-clptkgts40001336eeq3pyt11	a. Nyebrangin jalan	2023-12-06 09:50:41.321851+00	2024-01-05 03:27:48+00
notification-clpqz7sry000008lb27s80sxp	new-answer	user-clpotpew9000008l52i6tcveb	user-clpqz48p9000008jqfdrd10sv	\N	question-clpqu6w5j0000356ejrdps5s7	prabowo	2023-12-04 13:57:55.358155+00	2024-01-05 03:27:48+00
notification-clpr3ucwu000209l2bovr65k1	new-answer	user-clpotpew9000008l52i6tcveb	user-clpr3t8g8000009l2fgx59s48	\N	question-clpqu6w5j0000356ejrdps5s7	Ganjar mahfud	2023-12-04 16:07:26.355079+00	2024-01-05 03:27:48+00
notification-clqci5adq000108lccs0rco9b	new-answer	user-clpotpew9000008l52i6tcveb	user-clqcgndbz000009l14t160hoj	\N	question-clqci4xxw0001356f46q38097	Presiden B.J Habibie berasal dari Pare-Pare, Sulawesi Selatan, Indonesia.	2023-12-19 15:31:00.61502+00	2024-01-05 03:27:48+00
notification-clqna6kii000108jjggckcamm	rating	user-clpotpew9000008l52i6tcveb	user-clpp7e3nl000008i30rnc2ojn	5	question-clqho2w5p00003x5vhncu9pxf	Untuk menemukan nilai P, kita perlu menghitung limit saat  mendekati 1 dari fungsi di atas.\n\nP = l	2023-12-27 04:33:31.403268+00	2024-01-05 03:27:48+00
notification-clpr5gan7000308jhd6osbw6l	rating	user-clpotpew9000008l52i6tcveb	user-clpr5bvln000008jh2gvtcl46	5	question-clpqrb5da0000336e2b66haun	B. May I\n\nMaaf kalo salah...	2023-12-04 16:52:29.462637+00	2024-01-05 03:27:48+00
notification-clptt0gsz000008i99bvwhg8c	rating	user-clpotpew9000008l52i6tcveb	user-clpth6yj5000009jr5r7k35bn	5	question-clpthf88j0000336cizvgro4e	Hati berperan sebagai filter alami yang menyaring darah dan menghilangkan racun, obat-obatan, serta 	2023-12-06 13:27:34.081357+00	2024-01-05 03:27:48+00
notification-clpujsrpv000008i53kbr0q4o	new-answer	user-clpotpew9000008l52i6tcveb	user-clpp7e3nl000008i30rnc2ojn	\N	question-clptjh6j70000336fy6f2jv5l	Menurut cerita tradisional Jawa, kerajaan ini didirikan oleh Raden Patah pada tahun Saka 1403 atau 1	2023-12-07 01:57:24.608023+00	2024-01-05 03:27:48+00
notification-clpuwjoy9000408jr3y5oc3im	best-answer	user-clpotpew9000008l52i6tcveb	user-clpuwgy2x000008jr3a9rhono	\N	question-clpuwhxwz0001356dl6zp9vyp	Merah dan putih	2023-12-07 07:54:16.131108+00	2024-01-05 03:27:48+00
notification-clpwh08f9000008l8426idjdh	rating	user-clpotpew9000008l52i6tcveb	user-clpp7e3nl000008i30rnc2ojn	4	question-clpvuydv30000336avmd9pwep	Thomas Alva Edison dan Nikola Tesla. 	2023-12-08 10:14:46.356602+00	2024-01-05 03:27:48+00
notification-clpwh0bw0000208l8akg54l6p	best-answer	user-clpotpew9000008l52i6tcveb	user-clpp7e3nl000008i30rnc2ojn	\N	question-clpvuydv30000336avmd9pwep	Thomas Alva Edison dan Nikola Tesla. 	2023-12-08 10:14:50.848256+00	2024-01-05 03:27:48+00
notification-clpwh12gl000008jy17m24urn	rating	user-clpotpew9000008l52i6tcveb	user-clpp7e3nl000008i30rnc2ojn	3	question-clpvv0lxt0001336a3kz5xl6j	\nPesan moral dari cerita "Si Kancil dan Buaya" melibatkan kecerdikan, peringatan terhadap kepercayaa	2023-12-08 10:15:25.285121+00	2024-01-05 03:27:48+00
notification-clpwh1e10000008jzabm272nn	rating	user-clpotpew9000008l52i6tcveb	user-clpp7e3nl000008i30rnc2ojn	5	question-clpvv2bcy0002336adq4g23zr	Hak asasi manusia (HAM) adalah hak-hak yang melekat pada setiap individu secara alami dan tidak dapa	2023-12-08 10:15:40.275528+00	2024-01-05 03:27:48+00
notification-clpr3vvrc000809l27a2c5b06	rating	user-clpp7e3nl000008i30rnc2ojn	user-clpr3t8g8000009l2fgx59s48	2	question-clpqs33ko0000336f5hq8itdd	Nabi Musa AS = Taurat\nNabi Daud AS = Zabur\nNabi Isa AS = Injil\nNabi Muhammad SAW = Al-Quran	2023-12-04 16:08:37.436859+00	2024-01-11 11:14:30+00
notification-clpr5dq7f000008lcbob7eus3	rating	user-clpp7e3nl000008i30rnc2ojn	user-clpr5bvln000008jh2gvtcl46	5	question-clpqs33ko0000336f5hq8itdd	Nabi Musa AS = Taurat\nNabi Daud AS = Zabur\nNabi Isa AS = Injil\nNabi Muhammad SAW = Al-Quran	2023-12-04 16:50:29.661109+00	2024-01-11 11:14:30+00
notification-clpr5dvfx000208lcg2uxgp87	rating	user-clpp7e3nl000008i30rnc2ojn	user-clpr5bvln000008jh2gvtcl46	1	question-clpqs33ko0000336f5hq8itdd	Nabi Musa AS = Taurat\nNabi Daud AS = Zabur\nNabi Isa AS = Injil\nNabi Muhammad SAW = Al-Quran	2023-12-04 16:50:36.446947+00	2024-01-11 11:14:30+00
notification-clpr5dz4y000508lcdmsx0xts	rating	user-clpp7e3nl000008i30rnc2ojn	user-clpr5bvln000008jh2gvtcl46	3	question-clpqs33ko0000336f5hq8itdd	Nabi Musa AS = Taurat\nNabi Daud AS = Zabur\nNabi Isa AS = Injil\nNabi Muhammad SAW = Al-Quran	2023-12-04 16:50:41.236429+00	2024-01-11 11:14:30+00
notification-clpr5e13n000608lc7zoy5n9p	rating	user-clpp7e3nl000008i30rnc2ojn	user-clpr5bvln000008jh2gvtcl46	4	question-clpqs33ko0000336f5hq8itdd	Nabi Musa AS = Taurat\nNabi Daud AS = Zabur\nNabi Isa AS = Injil\nNabi Muhammad SAW = Al-Quran	2023-12-04 16:50:43.781092+00	2024-01-11 11:14:30+00
notification-clpr5e2uq000708lc561c5wby	rating	user-clpp7e3nl000008i30rnc2ojn	user-clpr5bvln000008jh2gvtcl46	5	question-clpqs33ko0000336f5hq8itdd	Nabi Musa AS = Taurat\nNabi Daud AS = Zabur\nNabi Isa AS = Injil\nNabi Muhammad SAW = Al-Quran	2023-12-04 16:50:46.05208+00	2024-01-11 11:14:30+00
notification-clpr5e66a000808lc3woac9cm	rating	user-clpp7e3nl000008i30rnc2ojn	user-clpr5bvln000008jh2gvtcl46	4	question-clpqs33ko0000336f5hq8itdd	Nabi Musa AS = Taurat\nNabi Daud AS = Zabur\nNabi Isa AS = Injil\nNabi Muhammad SAW = Al-Quran	2023-12-04 16:50:50.360527+00	2024-01-11 11:14:30+00
\.


--
-- Data for Name: old_slug; Type: TABLE DATA; Schema: public; Owner: tfkhdyt
--

COPY public.old_slug (id, question_id, slug) FROM stdin;
old-slug-clq9iwuk3000008lddvq8fver	question-clq9iw6oj0000356fezn8o9jw	Berapa-tahun-sekali-pemilihan-presiden-8o9jw
\.


--
-- Data for Name: question; Type: TABLE DATA; Schema: public; Owner: tfkhdyt
--

COPY public.question (content, created_at, id, slug, subject_id, updated_at, user_id) FROM stdin;
Jika panjang sebuah persegi adalah 8 cm, berapa kelilingnya?	2023-12-02 03:05:27.637796+00	question-clpnh10t200002v67xpmzm82x	Jika-panjang-sebuah-persegi-adalah-8-cm-berapa-ke-clpnh10t200002v67xpmzm82x	mtk	2023-12-02 03:05:27.637796+00	user-clpngv63f000009kz68z57hgh
Apa perbedaan antara cerita fiksi dan nonfiksi?	2023-12-02 03:05:52.650442+00	question-clpnh1k4a00012v674qq2yb57	Apa-perbedaan-antara-cerita-fiksi-dan-nonfiksi-clpnh1k4a00012v674qq2yb57	indo	2023-12-02 03:05:52.650442+00	user-clpngv63f000009kz68z57hgh
Apa yang dimaksud dengan energi terbarukan? Berikan contohnya	2023-12-02 03:06:15.214517+00	question-clpnh21j300022v67rm811s4s	Apa-yang-dimaksud-dengan-energi-terbarukan-Berika-clpnh21j300022v67rm811s4s	ipa	2023-12-02 03:06:15.214517+00	user-clpngv63f000009kz68z57hgh
Sebutkan tiga jenis pekerjaan yang biasa dilakukan oleh masyarakat di desa.	2023-12-02 03:06:33.541943+00	question-clpnh2fny00032v6737de4btt	Sebutkan-tiga-jenis-pekerjaan-yang-biasa-dilakukan-clpnh2fny00032v6737de4btt	ips	2023-12-02 03:06:33.541943+00	user-clpngv63f000009kz68z57hgh
Siapa H. Agus salim, dan apa perannya untuk indonesia?	2023-12-03 01:57:29.036073+00	question-clpou1gb90002356dtct3hnoi	Siapa-H-Agus-salim-dan-apa-perannya-untuk-indone-clpou1gb90002356dtct3hnoi	ppkn	2023-12-03 01:57:29.036073+00	user-clpotpew9000008l52i6tcveb
. Batu yang ada di pegunungan akan bertambah nilai gunanya kalau dibawa ke toko bangunan dan dipakai oleh konsumen, hal tersebut dinamakan nilai guna .....	2023-12-03 04:30:25.850752+00	question-clpozi4yy0000336e5hz5gsja	Batu-yang-ada-di-pegunungan-akan-bertambah-nilai-clpozi4yy0000336e5hz5gsja	ips	2023-12-03 04:30:25.850752+00	user-clpozhori000008kx6jss2aoi
Jika 1 liter susu dibagi menjadi 4 gelas, berapa volume setiap gelasnya?	2023-12-03 08:11:37.780141+00	question-clpp7elyk00002063yjft387w	Jika-1-liter-susu-dibagi-menjadi-4-gelas-berapa-v-clpp7elyk00002063yjft387w	mtk	2023-12-03 08:11:37.780141+00	user-clpp7e3nl000008i30rnc2ojn
Salsa  :  borrow your eraser, please?\nAkilya : Sure. Here you are.\n\nA. Can you\nB. May I\nC. Do you\nD. What is	2023-12-04 10:16:34.966017+00	question-clpqrb5da0000336e2b66haun	Salsa-borrow-your-eraser-please-Akilya-Su-6haun	inggris	2023-12-04 10:16:34.966017+00	user-clpqr5d19000008l70p7v2t4f
Sebutkan nama para Nabi yg diberi kitab Allah... beserta kitabnya 	2023-12-04 10:38:19.497651+00	question-clpqs33ko0000336f5hq8itdd	Sebutkan-nama-para-Nabi-yg-diberi-kitab-Allah-b-8itdd	other	2023-12-04 10:38:19.497651+00	user-clpozhori000008kx6jss2aoi
Pendiri dan raja pertama Kerajaan Majapahit adalah .... \n\nA. Ken Arok\nB. Kudungga\nC. Raden Wijaya\nD. Hayam Wuruk\n\nTolong jawab ya teman-teman.....	2023-12-04 11:37:14.340996+00	question-clpqu6w5j0000356ejrdps5s7	Pendiri-dan-raja-pertama-Kerajaan-Majapahit-adalah-ps5s7	ips	2023-12-04 11:37:14.340996+00	user-clpotpew9000008l52i6tcveb
Hitunglah hasil dari 325 + 478	2023-12-04 14:41:57.315724+00	question-clpr0sf74000020631fs7tz7n	Hitunglah-hasil-dari-325-478-7tz7n	mtk	2023-12-04 14:41:57.315724+00	user-clpp7e3nl000008i30rnc2ojn
Jika saya mempunyai 4 gelas susu, dan semuanya berisi setengah liter, berapa liter susu yang saya punyai?	2023-12-04 19:49:59.028242+00	question-clprbshz40001336f54rod6dv	Jika-saya-mempunyai-4-gelas-susu-dan-semuanya-ber-od6dv	mtk	2023-12-04 19:49:59.028242+00	user-clprbnefp000008jl2rw79l6p
Contoh dari gaya pegas dan gaya gravitasI dalam kehidupan sehari-hari apaan ya min?	2023-12-05 00:34:26.548336+00	question-clprlydi10001356ezza0c6sa	Contoh-dari-gaya-pegas-dan-gaya-gravitasI-dalam-ke-0c6sa	ipa	2023-12-05 00:34:26.548336+00	user-clpovmd8b000008jzcdpgdmil
Sebutkan urutan satuan panjang yang bener dan tepat dung min	2023-12-05 00:45:42.249289+00	question-clprmcuw50002356ex6fx403d	Sebutkan-urutan-satuan-panjang-yang-bener-dan-tepa-x403d	mtk	2023-12-05 00:45:42.249289+00	user-clpovmd8b000008jzcdpgdmil
penjelasan bilangan prima dan contohnya?	2023-12-05 00:46:13.307976+00	question-clprmdiqm0001356epbhdtp30	penjelasan-bilangan-prima-dan-contohnya-dtp30	mtk	2023-12-05 00:46:13.307976+00	user-clprm79wh000008jjcloj07q3
usia pubertas perempuan dimulai umur berapa ya ?? :)\n	2023-12-05 00:47:51.500896+00	question-clprmfmjr0002356e6noc1rtv	usia-pubertas-perempuan-dimulai-umur-berapa-ya-c1rtv	ipa	2023-12-05 00:47:51.500896+00	user-clprm79wh000008jjcloj07q3
Diketahui A : B = 5 : 6.\nJika nilai A = 20, maka nilai B adalah?	2023-12-05 01:17:35.092511+00	question-clprnht900000336bne7r74df	Diketahui-A-B-5-6-Jika-nilai-A-20-maka-n-r74df	mtk	2023-12-05 01:17:35.092511+00	user-clpp7e3nl000008i30rnc2ojn
sebutkan rumus persegi sama sisi?	2023-12-05 12:04:52.840456+00	question-clpsamc540000356emd9r88hw	sebutkan-rumus-persegi-sama-sisi-r88hw	mtk	2023-12-05 12:04:52.840456+00	user-clpsalcbj000008jq0u660gqr
Berikut adalah data ukuran sepatu siswa kelas VI SD Ceria :\n\n38, 37, 38, 39, 36, 39, 37, 40, 39, 39, 38, 41, 37, 39, 38, 37, 39, 40, 38, 39, 38, 36, 39, 40, 38, 38, 37, dan 39\n\nModus data tersebut adalah ....\n\na. 36\nb. 37\nc. 38\nd. 39	2023-12-05 13:45:19.839417+00	question-clpse7f2i0000356d5wnupvt6	Berikut-adalah-data-ukuran-sepatu-siswa-kelas-VI-S-upvt6	mtk	2023-12-05 13:45:19.839417+00	user-clpse3nqo000008jyfxeie1mz
Teks yang menjelaskan tentang proses terjadinya atau terbentuknya suatu fenomena alam atau sosial disebut ....\na. teks eksplanasi\nb. teks eksposisi\nc. teks deskripsi\nd. teks narasi	2023-12-05 13:45:57.188148+00	question-clpse87cn0001356dt842shy1	Teks-yang-menjelaskan-tentang-proses-terjadinya-at-2shy1	indo	2023-12-05 13:45:57.188148+00	user-clpse3nqo000008jyfxeie1mz
Can you show me ... the art centre is located ?\na. what\nb. who\nc. where\nd. when	2023-12-05 13:46:46.670238+00	question-clpse9abp0002356dshtinat5	Can-you-show-me-the-art-centre-is-located-a-inat5	inggris	2023-12-05 13:46:46.670238+00	user-clpse3nqo000008jyfxeie1mz
Apa fungsi hati pada tubuh manusia?	2023-12-06 08:03:07.460948+00	question-clpthf88j0000336cizvgro4e	Apa-fungsi-hati-pada-tubuh-manusia-gro4e	ipa	2023-12-06 08:03:07.460948+00	user-clpth6yj5000009jr5r7k35bn
Kerajaan demak berdiri pada tahun ??	2023-12-06 09:00:38.689732+00	question-clptjh6j70000336fy6f2jv5l	Kerajaan-demak-berdiri-pada-tahun-2jv5l	ips	2023-12-06 09:00:38.689732+00	user-clpotpew9000008l52i6tcveb
Kalau ada nenek-nenek ingin menyebrang jalan. Tetapi terlihat bingung, apa yang harus kita lakukan?\n\na. Nyebrangin jalan.\nb. Diamkan saja.\nc. Dicemooh.\n\nTolong jawab yaaaa	2023-12-06 09:28:21.782227+00	question-clptkgts40001336eeq3pyt11	Kalau-ada-nenek-nenek-ingin-menyebrang-jalan-Teta-pyt11	ppkn	2023-12-06 09:28:21.782227+00	user-clpotpew9000008l52i6tcveb
jika 5 hari yang lalu adalah senin, 50 hari yang akan datang adalah hari ?	2023-12-07 04:45:36.950072+00	question-clpupt1ng0000336fz52y64xr	jika-5-hari-yang-lalu-adalah-senin-50-hari-yang-a-y64xr	mtk	2023-12-07 04:45:36.950072+00	user-clpuphmtu000008l86j071vyq
apa warna bendera negara indonesia	2023-12-07 07:52:55.106217+00	question-clpuwhxwz0001356dl6zp9vyp	apa-warna-bendera-negara-indonesia-p9vyp	ppkn	2023-12-07 07:52:55.106217+00	user-clpuwgy2x000008jr3a9rhono
Siapa penemu listrik?	2023-12-07 23:57:30.201408+00	question-clpvuydv30000336avmd9pwep	Siapa-penemu-listrik-9pwep	ipa	2023-12-07 23:57:30.201408+00	user-clpp7e3nl000008i30rnc2ojn
Apa pesan moral yang dapat dipetik dari cerita "Si Kancil dan Buaya"?	2023-12-07 23:59:13.823623+00	question-clpvv0lxt0001336a3kz5xl6j	Apa-pesan-moral-yang-dapat-dipetik-dari-cerita-Si-5xl6j	indo	2023-12-07 23:59:13.823623+00	user-clpp7e3nl000008i30rnc2ojn
Apa yang dimaksud dengan hak asasi manusia, dan berikan contoh situasi di kehidupan sehari-hari yang melibatkan penghormatan terhadap hak asasi manusia?	2023-12-08 00:00:33.581375+00	question-clpvv2bcy0002336adq4g23zr	Apa-yang-dimaksud-dengan-hak-asasi-manusia-dan-be-g23zr	ppkn	2023-12-08 00:00:33.581375+00	user-clpp7e3nl000008i30rnc2ojn
Apa bahasa inggrisnya aku cinta kamu ???	2023-12-08 08:24:22.661036+00	question-clpwd28nm0003356de98z6y71	Apa-bahasa-inggrisnya-aku-cinta-kamu-z6y71	inggris	2023-12-08 08:24:22.661036+00	user-clpotpew9000008l52i6tcveb
Mengapa disetiap organ manusia mempunyai manfaat untuk tubuh?	2023-12-25 13:09:37.918099+00	question-clqkxqtua0001356fz83cup2c	Mengapa-disetiap-organ-manusia-mempunyai-manfaat-u-cup2c	ipa	2023-12-25 13:09:37.918099+00	user-clpovmd8b000008jzcdpgdmil
Ketika saya sedang dinasehati oleh guru karna melakukan kesalahan, apa yang harus saya lakukan ?\n\na. Mendengarkan.\nb. Bersikap acuh.\nc. berpikir untuk mengulangi kembali.	2023-12-08 08:29:49.16512+00	question-clpwd98gx0004356dlnn3lz88	Ketika-saya-sedang-dinasehati-oleh-guru-karna-mela-3lz88	ppkn	2023-12-08 08:29:49.16512+00	user-clpotpew9000008l52i6tcveb
Sebutkan 5 kerajaan di indonesia beserta pendirinya!	2023-12-08 08:30:12.383113+00	question-clpwd9qiy0005356do1kjy5uv	Sebutkan-5-kerajaan-di-indonesia-beserta-pendiriny-jy5uv	ips	2023-12-08 08:30:12.383113+00	user-clpotpew9000008l52i6tcveb
Untuk menghargai budaya daerah kita sendiri apakah kita harus memakai pakaian adat tiap saat? karena saya tidak punya kain songket yang banyak min...	2023-12-08 14:55:23.244198+00	question-clpwr14z40000356e47y8x9yy	Untuk-menghargai-budaya-daerah-kita-sendiri-apakah-8x9yy	ips	2023-12-08 14:55:23.244198+00	user-clpovmd8b000008jzcdpgdmil
ucapan kata maaf yang benar dalam bahasa inggris bagaimana ya min?	2023-12-09 12:48:16.224515+00	question-clpy1xj4e0000356d3j7oe98o	ucapan-kata-maaf-yang-benar-dalam-bahasa-inggris-b-oe98o	inggris	2023-12-09 12:48:16.224515+00	user-clpovmd8b000008jzcdpgdmil
Siapa yang penemu gaya gravitasi?	2023-12-12 11:31:37.117652+00	question-clq29ifhn00003i6coylb51xv	Siapa-yang-penemu-gaya-gravitasi-b51xv	ipa	2023-12-12 11:31:37.117652+00	user-clq29gi0f000008l53oaf5a4t
Siapakah presiden ke 4 Indonesia?	2023-12-12 11:32:07.874432+00	question-clq29j2bn00013i6c1rdu9rbj	Siapakah-presiden-ke-4-Indonesia-u9rbj	ppkn	2023-12-12 11:32:07.874432+00	user-clq29gi0f000008l53oaf5a4t
Ketoprak adalah makanan khas dari daerah??	2023-12-12 11:32:09.822926+00	question-clq29j5wt0000336fs2j5ojdu	Ketoprak-adalah-makanan-khas-dari-daerah-5ojdu	ips	2023-12-12 11:32:09.822926+00	user-clq29hukw000108l50g8q1zn4
Jelaskan kenapa Soekarno sering disebut sebagai bapak proklamator.	2023-12-12 11:37:31.120961+00	question-clq29q1xs0001336fchxbt3yh	Jelaskan-kenapa-Soekarno-sering-disebut-sebagai-ba-bt3yh	ips	2023-12-12 11:37:31.120961+00	user-clq29hukw000108l50g8q1zn4
Sebutkan nilai-nilai nasionalisme	2023-12-12 12:37:49.390604+00	question-clq2bvoan0000356eqqb95g3j	Sebutkan-nilai-nilai-nasionalisme-95g3j	ppkn	2023-12-12 12:37:49.390604+00	user-clpovmd8b000008jzcdpgdmil
Apa sajakah perbedaan dari kalimat deduktif dan induktif?	2023-12-12 12:38:32.223267+00	question-clq2bwm2b0001356eid4324z4	Apa-sajakah-perbedaan-dari-kalimat-deduktif-dan-in-324z4	indo	2023-12-12 12:38:32.223267+00	user-clpovmd8b000008jzcdpgdmil
Sebutkan 11 negara ASEAN?	2023-12-12 12:53:10.19816+00	question-clq2cff1o0000356eae1klk2j	Sebutkan-11-negara-ASEAN-klk2j	ips	2023-12-12 12:53:10.19816+00	user-clq2cbrf3000108l69r498ylu
Rumus apakah ini ? tolong jawab teman-teman	2023-12-13 13:13:36.729943+00	question-clq3slh2d0000356exmhzadfl	Rumus-apakah-ini-tolong-jawab-teman-teman-zadfl	mtk	2023-12-13 13:13:36.729943+00	user-clpotpew9000008l52i6tcveb
Gambar hewan apakah ini ? 	2023-12-13 13:17:02.236422+00	question-clq3spvkx0001356eng9pv1ou	Gambar-hewan-apakah-ini-pv1ou	ipa	2023-12-13 13:17:02.236422+00	user-clpotpew9000008l52i6tcveb
Pada tahun berapa indonesia diakui secara de facto oleh dunia ?	2023-12-13 13:18:47.082814+00	question-clq3ss4b60003356eh7nk3ypm	Pada-tahun-berapa-indonesia-diakui-secara-de-facto-k3ypm	ppkn	2023-12-13 13:18:47.082814+00	user-clpotpew9000008l52i6tcveb
Pecahan 2/4 ditunjukan oleh gambar?	2023-12-13 14:13:52.462836+00	question-clq3uqy6u00002064fdlvxp1b	Pecahan-24-ditunjukan-oleh-gambar-vxp1b	mtk	2023-12-13 14:13:52.462836+00	user-clpp7e3nl000008i30rnc2ojn
Siapa penemu lampu?	2023-12-14 06:35:25.574992+00	question-clq4tt95z0002356e7byt7m99	Siapa-penemu-lampu-t7m99	other	2023-12-14 06:35:25.574992+00	user-clpotpew9000008l52i6tcveb
Soekarno diculik kemana, sebelum kemerdekaan ?	2023-12-14 06:36:53.311267+00	question-clq4tv5130004356e7vcnu3hn	Soekarno-diculik-kemana-sebelum-kemerdekaan-nu3hn	ppkn	2023-12-14 06:36:53.311267+00	user-clpotpew9000008l52i6tcveb
Apa itu organisasi BRICS?	2023-12-14 07:45:37.752955+00	question-clq4wbgyi0000336fga3qjd8u	Apa-itu-organisasi-BRICS-qjd8u	other	2023-12-14 07:45:37.752955+00	user-clq4w8zmr000208jr3unhghn9
Apa perbedaan antara benda padat, cair, dan gas?	2023-12-14 12:38:13.953569+00	question-clq56rt4m00002v68kqs1f6vw	Apa-perbedaan-antara-benda-padat-cair-dan-gas-1f6vw	ipa	2023-12-14 12:38:13.953569+00	user-clpngv63f000009kz68z57hgh
Apa yang bisa kita lakukan untuk membantu mengurangi limbah plastik di sekitar kita?	2023-12-14 12:39:27.574845+00	question-clq56teaa00012v68opbqbqll	Apa-yang-bisa-kita-lakukan-untuk-membantu-menguran-qbqll	ipa	2023-12-14 12:39:27.574845+00	user-clpngv63f000009kz68z57hgh
unsur apa yang paling banyak di alam semesta	2023-12-14 13:58:59.458699+00	question-clq59no2w00007i6aszg1fdqz	unsur-apa-yang-paling-banyak-di-alam-semesta-1fdqz	ipa	2023-12-14 13:58:59.458699+00	user-clq59f9x6000108jvh5vu90ht
Apa itu perusahaan startup?	2023-12-15 13:27:58.472906+00	question-clq6nzm8n0000336ecb93rhs6	Apa-itu-perusahaan-startup-3rhs6	other	2023-12-15 13:27:58.472906+00	user-clpp7e3nl000008i30rnc2ojn
siapa presiden indonesia ke 4	2023-12-15 13:50:58.8039+00	question-clq6ot7jr00003x5u8q1x9qun	siapa-presiden-indonesia-ke-4-x9qun	ips	2023-12-15 13:50:58.8039+00	user-clq6orlsu000008igfa771l4f
jelaskan dan sebutkan apa tumbuhan dikotil dan monokotil	2023-12-15 13:52:52.96396+00	question-clq6ovoec00013x5uopoohdse	jelaskan-dan-sebutkan-apa-tumbuhan-dikotil-dan-mon-ohdse	ipa	2023-12-15 13:52:52.96396+00	user-clq6orlsu000008igfa771l4f
Siapa raja di indonesia yang pernah menjadi wakil presiden ?	2023-12-17 06:33:01.076273+00	question-clq941qsz0001356fhdji8y08	Siapa-raja-di-indonesia-yang-pernah-menjadi-wakil-i8y08	ppkn	2023-12-17 06:33:01.076273+00	user-clpotpew9000008l52i6tcveb
sebutkan 4 provinsi baru di indonesia!	2023-12-17 06:39:29.741883+00	question-clq94a2t20004356fb36hvtkg	sebutkan-4-provinsi-baru-di-indonesia-hvtkg	ips	2023-12-17 06:39:29.741883+00	user-clpotpew9000008l52i6tcveb
Tolong bantu ya teman-teman	2023-12-17 11:45:11.747658+00	question-clq9f756j00002v69kcsvi2fd	Tolong-bantu-ya-teman-teman-vi2fd	mtk	2023-12-17 11:45:11.747658+00	user-clpp7e3nl000008i30rnc2ojn
Bola mana yang paling berbahaya?	2023-12-17 11:47:16.968704+00	question-clq9f9tw500012v69cryo3mke	Bola-mana-yang-paling-berbahaya-o3mke	other	2023-12-17 11:47:16.968704+00	user-clpp7e3nl000008i30rnc2ojn
Berapa tahun sekali pemilihan presiden republik indonesia?	2023-12-17 13:28:30.876835+00	question-clq9iw6oj0000356fezn8o9jw	Berapa-tahun-sekali-pemilihan-presiden-republik-in-8o9jw	ppkn	2023-12-17 13:29:08+00	user-clpovmd8b000008jzcdpgdmil
Tips and trick cara berpidato dalam rangka acara ulang tahun?	2023-12-17 13:31:04.068857+00	question-clq9izh1o0001356f9kbv5x0n	Tips-and-trick-cara-berpidato-dalam-rangka-acara-u-v5x0n	indo	2023-12-17 13:31:04.068857+00	user-clpovmd8b000008jzcdpgdmil
Siapa nama presiden indonesia yang dijuluki Mr. Crack ??	2023-12-19 15:23:55.031446+00	question-clqchw6rs0000356fvv52alw7	Siapa-nama-presiden-indonesia-yang-dijuluki-Mr-Cr-2alw7	other	2023-12-19 15:23:55.031446+00	user-clqcgndbz000009l14t160hoj
Presiden B.j Habibie berasal dari mana ???	2023-12-19 15:30:41.187436+00	question-clqci4xxw0001356f46q38097	Presiden-Bj-Habibie-berasal-dari-mana-38097	other	2023-12-19 15:30:41.187436+00	user-clpotpew9000008l52i6tcveb
Siapa dalang pembunuhan munir?	2023-12-20 08:24:22.617004+00	question-clqdid0fo0000356fq1wq43jv	Siapa-dalang-pembunuhan-munir-q43jv	ppkn	2023-12-20 08:24:22.617004+00	user-clqdib8y6000107jn16c7hjd1
Apa perbedaan CPU dengan GPU pada komputer ?	2023-12-22 08:55:22.676686+00	question-clqgec10v00002v6gsilmrgvq	Apa-perbedaan-CPU-dengan-GPU-pada-komputer-mrgvq	other	2023-12-22 08:55:22.676686+00	user-clpqv5u5y000008jx5gah0uu4
Jika P = lim\n 1\n5+4 3\n3+1  2 , maka nilai P adalah	2023-12-23 06:15:59.335719+00	question-clqho2w5p00003x5vhncu9pxf	Jika-P-lim-1-54-3-31-2-maka-nil-u9pxf	mtk	2023-12-23 06:15:59.335719+00	user-clqbmvsop000008l704gz84w3
Sebutkan perbedaan serta contohnya dari permainan bola kecil dengan permainan bola besar!	2023-12-25 13:07:12.526938+00	question-clqkxnpkj0000356f4ogsdv2d	Sebutkan-perbedaan-serta-contohnya-dari-permainan-sdv2d	other	2023-12-25 13:07:12.526938+00	user-clpovmd8b000008jzcdpgdmil
Siapa nama asli guru gembul?	2024-01-23 09:46:12.977343+00	question-clrq68olm0000356iw96l7929	Siapa-nama-asli-guru-gembul-l7929	other	2024-01-23 09:46:12.977343+00	user-clrq67ckc000008l160ib5w2r
Mengapa PHP tidak pernah mati>	2024-03-15 14:30:06.488131+00	question-cltsr9zj100003j6dn6tulg82	Mengapa-PHP-tidak-pernah-matigreater-ulg82	other	2024-03-15 14:30:06.488131+00	user-cltsr5aaa000008gu59asa27c
\.


--
-- Data for Name: question_image; Type: TABLE DATA; Schema: public; Owner: tfkhdyt
--

COPY public.question_image (id, url, question_id) FROM stdin;
130f4e72-c27c-42b9-979c-2031acea9b5c-rj7nv.png	https://utfs.io/f/130f4e72-c27c-42b9-979c-2031acea9b5c-rj7nv.png	question-clq3slh2d0000356exmhzadfl
2bd7464d-cff5-4a35-8230-44f90f0c2ba4-1ne02q.jpg	https://utfs.io/f/2bd7464d-cff5-4a35-8230-44f90f0c2ba4-1ne02q.jpg	question-clq3spvkx0001356eng9pv1ou
b0dea5c3-b36b-4ac5-a9dd-7b8564b0d921-51tr6o.png	https://utfs.io/f/b0dea5c3-b36b-4ac5-a9dd-7b8564b0d921-51tr6o.png	question-clq3uqy6u00002064fdlvxp1b
9b9da6af-7a4a-43d3-a8f0-3a86f5bcd1d1-z8jctp.jpg	https://utfs.io/f/9b9da6af-7a4a-43d3-a8f0-3a86f5bcd1d1-z8jctp.jpg	question-clq9f756j00002v69kcsvi2fd
144c193a-ba4f-4626-ab90-c2a09c3e47f9-iu72wd.jpg	https://utfs.io/f/144c193a-ba4f-4626-ab90-c2a09c3e47f9-iu72wd.jpg	question-clq9f9tw500012v69cryo3mke
\.


--
-- Data for Name: rating; Type: TABLE DATA; Schema: public; Owner: tfkhdyt
--

COPY public.rating (answer_id, id, user_id, value) FROM stdin;
answer-clpotz3xt0001356d7y8i7l1v	rating-clpowc7wj000108k09jywavrm	user-clpngv63f000009kz68z57hgh	5
answer-clpott4p60000356dtbl8jiu0	rating-clpowcmve000808jz8yb1h08b	user-clpngv63f000009kz68z57hgh	4
answer-clpovq48e0000356deokd9ozc	rating-clpowdd2u000108l8ellyeonl	user-clpngv63f000009kz68z57hgh	5
answer-clpp7jwef00003v67p81mjwcc	rating-clppcl9if000108jx38ym5wre	user-clpp7e3nl000008i30rnc2ojn	4
answer-clpovq48e0000356deokd9ozc	rating-clpqsqiy9000108kzdxov6558	user-clpp7e3nl000008i30rnc2ojn	4
answer-clpovq48e0000356deokd9ozc	rating-clpqtj2i9000108ju9ctd7e1s	user-clpotpew9000008l52i6tcveb	5
answer-clpqso1l300002064pgvlts6n	rating-clpqtthcd000108l9flup02hr	user-clpotpew9000008l52i6tcveb	5
answer-clpqu3dic0000356ebcs14lm7	rating-clpr0rsmg000108jl5foy0pmh	user-clpp7e3nl000008i30rnc2ojn	5
answer-clpqz7tsy0000356dcrn486bt	rating-clpr1rpsk000108jue6k6h1sb	user-clpp7e3nl000008i30rnc2ojn	1
answer-clq2p478z0000356e4b7aw7wz	rating-clq2zn3yt000508jxd9qi206j	user-clpp7e3nl000008i30rnc2ojn	4
answer-clq2c6nun0003356ee76gcssy	rating-clq2zn8zx000408jxa9eh4boi	user-clpp7e3nl000008i30rnc2ojn	5
answer-clpqso1l300002064pgvlts6n	rating-clpr3vvrg000909l2gwmvcl2t	user-clpr3t8g8000009l2fgx59s48	2
answer-clpr3uanb0000336b11dbubgc	rating-clpr4fxmk000208jrbx70brc2	user-clpotpew9000008l52i6tcveb	1
answer-clpqunvef0000336bg7qti4qo	rating-clpr4jz4u000108l68r0m0g1u	user-clpotpew9000008l52i6tcveb	5
answer-clq2c27ky0002356ewdoaf754	rating-clq3kc3ti000108l04gw8e163	user-clpth6yj5000009jr5r7k35bn	5
answer-clq3r1bxq00001y6abm5o7w7o	rating-clq3r2p4q000108jr50r10zxd	user-clpotpew9000008l52i6tcveb	5
answer-clq4tqkgd0000356e9h2tatck	rating-clq4w6skb000108jre6xmfz60	user-clpngv63f000009kz68z57hgh	5
answer-clq4w5jo600002v68urktv5x4	rating-clq50rc0i000308l48q1g7z88	user-clpp7e3nl000008i30rnc2ojn	5
answer-clq59inv80000356ehefamg8h	rating-clq60as55000108jwa3o71dnd	user-clpp7e3nl000008i30rnc2ojn	4
answer-clpqso1l300002064pgvlts6n	rating-clpr5dvg2000308lcbncf90w2	user-clpr5bvln000008jh2gvtcl46	5
answer-clpqtru5k0000356dahrjn9ew	rating-clpr5gand000408jh64wfg48m	user-clpr5bvln000008jh2gvtcl46	5
answer-clpr3uanb0000336b11dbubgc	rating-clprj9gje000108l4exwc3sgi	user-clpp7e3nl000008i30rnc2ojn	1
answer-clprboin80000336fk8c3w2re	rating-clprja5g4000408l49zada13w	user-clpp7e3nl000008i30rnc2ojn	5
answer-clprmbb6r0000356exsea399r	rating-clprndibc000308l8f1jy3fxs	user-clpp7e3nl000008i30rnc2ojn	4
answer-clprkc0b20003356evy1cqd6i	rating-clprqtlmk000208l53puk2vp1	user-clpp7e3nl000008i30rnc2ojn	5
answer-clpsan3400001356ecnu5jlrp	rating-clpsbzjvj000108jt5yqw6kpb	user-clpp7e3nl000008i30rnc2ojn	5
answer-clpsan3400001356ecnu5jlrp	rating-clpse4g76000208jy8ee5huk8	user-clpse3nqo000008jyfxeie1mz	5
answer-clprjygdm0001356eew7e2ml1	rating-clpse50tr000408jy29iy2qnb	user-clpse3nqo000008jyfxeie1mz	5
answer-clpseahuf0003356dotzsb4kg	rating-clpseoxuq000708l0e6ej9kko	user-clpp7e3nl000008i30rnc2ojn	1
answer-clpovq48e0000356deokd9ozc	rating-clptdskfq000a08juftzv7joy	user-clptcy5c6000008la4dqt2mlz	5
answer-clptjixua0000336fhn7lcqpu	rating-clptkd7ov000208l7awqp24y9	user-clpp7e3nl000008i30rnc2ojn	5
answer-clptl9iqm00003v68wgaxb9ph	rating-clptnzz4w000208l53zut4ija	user-clptny66d000008l55glq6pz7	5
answer-clprk5iiz0003356e99t3cvkx	rating-clptq44ei000108l08twt7ahl	user-clpp7e3nl000008i30rnc2ojn	5
answer-clptjixua0000336fhn7lcqpu	rating-clptt0gtn000108i97zjzefda	user-clpth6yj5000009jr5r7k35bn	5
answer-clpp7jwef00003v67p81mjwcc	rating-clpupjb13000208l8bjdfbstf	user-clpuphmtu000008l86j071vyq	5
answer-clpupxn2s0001336fsbpw5pb2	rating-clpuqfx38000408l88w7a0n48	user-clpp7e3nl000008i30rnc2ojn	5
answer-clpuwizfo00002064nwtzlh4v	rating-clpuwjplg000608jrd3uf9gxz	user-clpuwgy2x000008jr3a9rhono	5
answer-clpuwiyjv0000336erqoutvp2	rating-clpuwjwoc000808jr6gax2ok7	user-clpuwgy2x000008jr3a9rhono	5
answer-clpwd1ph60002356d85rk07sh	rating-clpwh08fn000108l8gxrk0r9z	user-clpp7e3nl000008i30rnc2ojn	4
answer-clpwd0jws0001356dnxvec3m6	rating-clpwh12gt000108jyhe346miy	user-clpp7e3nl000008i30rnc2ojn	3
answer-clpwcu2o90000356dijy67qfa	rating-clpwh1e15000108jzaeq86857	user-clpp7e3nl000008i30rnc2ojn	5
answer-clq943pk50002356fkwhm3l4o	rating-clq9cl870000108jt4g9ffgwe	user-clpp7e3nl000008i30rnc2ojn	5
answer-clprqsru40001336byhkrqrlv	rating-clpwqvqwq000108lgapnr2l9y	user-clpovmd8b000008jzcdpgdmil	5
answer-clprk6tnk0004356e8pckgyje	rating-clq217gj7000108icbobq5856	user-clpngv63f000009kz68z57hgh	5
answer-clq2oxjx70000356eqmnx07p4	rating-clq2zjlzx000108jx0rvdhjjj	user-clpp7e3nl000008i30rnc2ojn	5
answer-clq2oznx00001356ews74z9d3	rating-clq2zknbz000108jxav3who1f	user-clpp7e3nl000008i30rnc2ojn	4
answer-clq2c27ky0002356ewdoaf754	rating-clq2zmvra000308jxchu61xww	user-clpp7e3nl000008i30rnc2ojn	5
answer-clq5g2fgn00012865k0xm7mv6	rating-clq69urns000108lb4y60dufd	user-clpngv63f000009kz68z57hgh	5
answer-clq6oxr9300023x5u4quppou8	rating-clq7hehhx000108l6funhaiap	user-clpp7e3nl000008i30rnc2ojn	5
answer-clq6p1i4c0001336b3z2lyoqx	rating-clq7i36ke000109jh347ef79a	user-clpngv63f000009kz68z57hgh	5
answer-clq9pjgbj0000336g216akw2r	rating-clqa5q38i000108l65eac60c1	user-clpp7e3nl000008i30rnc2ojn	5
answer-clq505cjk00001y6a26tlnnx4	rating-clq7ioupi000108l9bpr67npt	user-clpngv63f000009kz68z57hgh	5
answer-clq945dxk0003356f9aqmn2o4	rating-clq98wq58000108l32vnq1jeg	user-clpngv63f000009kz68z57hgh	5
answer-clqamvp710000356fyu0132i9	rating-clqar5lr7000108l564p546kz	user-clpp7e3nl000008i30rnc2ojn	4
answer-clqan954c0002356f9mljaxeu	rating-clqar67zp000108jr6q983h6y	user-clpp7e3nl000008i30rnc2ojn	5
answer-clqanc3jy0003356fwcl9ox20	rating-clqar6an9000308jrgnaw2fx3	user-clpp7e3nl000008i30rnc2ojn	4
answer-clq943pk50002356fkwhm3l4o	rating-clqcg2mp4000108l9dlkcc3tx	user-clpngv63f000009kz68z57hgh	5
answer-clq9clubr0000336cgmmwzyys	rating-clqch2yri000309l15kokbloy	user-clqcgp1fz000109l16a79cl6r	5
answer-clq943pk50002356fkwhm3l4o	rating-clqchqhac000108l60184gshj	user-clqcgndbz000009l14t160hoj	5
answer-clqchxsku00002065ukw6qkwe	rating-clqdid5tz000109jnec4xhfa5	user-clqcgndbz000009l14t160hoj	5
answer-clqdztdj30000356fydrt7uhw	rating-clqei18yw000108l141c98smd	user-clpp7e3nl000008i30rnc2ojn	4
answer-clq2oxjx70000356eqmnx07p4	rating-clqge00xm000108l93comfrlh	user-clpqv5u5y000008jx5gah0uu4	3
answer-clqkfeks30000356ftv2ho0s1	rating-clqna6kio000208jj1aizg9xx	user-clpp7e3nl000008i30rnc2ojn	5
answer-clqdztdj30000356fydrt7uhw	rating-clqnid2mb000308l67kvg4740	user-clqnibqpc000108l62h191dk3	5
answer-clqchxsku00002065ukw6qkwe	rating-clqvupvlj000108lb9gzug8ev	user-clqnxlqk1000008kyfry454zz	5
answer-clqdztdj30000356fydrt7uhw	rating-clr1ws5p8000108ld8dfhfboo	user-clqq8gb1z000008l265d5hx7t	5
answer-clq59inv80000356ehefamg8h	rating-clrg3q7e1000108l8fbjra7wz	user-clpqv5u5y000008jx5gah0uu4	5
answer-clqdztdj30000356fydrt7uhw	rating-clrq687as000208l1fwykbjyb	user-clrq67ckc000008l160ib5w2r	4
\.


--
-- Data for Name: session; Type: TABLE DATA; Schema: public; Owner: tfkhdyt
--

COPY public.session (expires, "sessionToken", "userId") FROM stdin;
\.


--
-- Data for Name: subject; Type: TABLE DATA; Schema: public; Owner: tfkhdyt
--

COPY public.subject (id, name) FROM stdin;
ipa	IPA
ips	IPS
mtk	Matematika
indo	B. Indonesia
inggris	B. Inggris
ppkn	PPKn
other	Lainnya
\.


--
-- Data for Name: user; Type: TABLE DATA; Schema: public; Owner: tfkhdyt
--

COPY public."user" (created_at, email, "emailVerified", id, image, name, password, updated_at, username) FROM stdin;
2023-12-02 03:00:54.474904+00	me@tfkhdyt.my.id	\N	user-clpngv63f000009kz68z57hgh	data:image/svg+xml;utf8,%3Csvg%20xmlns%3D%22http%3A%2F%2Fwww.w3.org%2F2000%2Fsvg%22%20viewBox%3D%220%200%20120%20120%22%20fill%3D%22none%22%20shape-rendering%3D%22auto%22%3E%3Cdesc%3E%22Bottts%22%20by%20%22Pablo%20Stanley%22%2C%20licensed%20under%20%22Free%20for%20personal%20and%20commercial%20use%22.%20%2F%20Remix%20of%20the%20original.%20-%20Created%20with%20dicebear.com%3C%2Fdesc%3E%3Cmetadata%20xmlns%3Adc%3D%22http%3A%2F%2Fpurl.org%2Fdc%2Felements%2F1.1%2F%22%20xmlns%3Acc%3D%22http%3A%2F%2Fcreativecommons.org%2Fns%23%22%20xmlns%3Ardf%3D%22http%3A%2F%2Fwww.w3.org%2F1999%2F02%2F22-rdf-syntax-ns%23%22%3E%3Crdf%3ARDF%3E%3Ccc%3AWork%3E%3Cdc%3Atitle%3EBottts%3C%2Fdc%3Atitle%3E%3Cdc%3Acreator%3E%3Ccc%3AAgent%20rdf%3Aabout%3D%22https%3A%2F%2Ftwitter.com%2Fpablostanley%22%3E%3Cdc%3Atitle%3EPablo%20Stanley%3C%2Fdc%3Atitle%3E%3C%2Fcc%3AAgent%3E%3C%2Fdc%3Acreator%3E%3Cdc%3Asource%3Ehttps%3A%2F%2Fbottts.com%2F%3C%2Fdc%3Asource%3E%3Ccc%3Alicense%20rdf%3Aresource%3D%22https%3A%2F%2Fbottts.com%2F%22%20%2F%3E%3C%2Fcc%3AWork%3E%3C%2Frdf%3ARDF%3E%3C%2Fmetadata%3E%3Cmask%20id%3D%22viewboxMask%22%3E%3Crect%20width%3D%22120%22%20height%3D%22120%22%20rx%3D%220%22%20ry%3D%220%22%20x%3D%220%22%20y%3D%220%22%20fill%3D%22%23fff%22%20%2F%3E%3C%2Fmask%3E%3Cg%20mask%3D%22url(%23viewboxMask)%22%3E%3Crect%20fill%3D%22%231e88e5%22%20width%3D%22120%22%20height%3D%22120%22%20x%3D%220%22%20y%3D%220%22%20%2F%3E%3Cg%20transform%3D%22translate(22%2068)%22%3E%3Crect%20x%3D%2224%22%20y%3D%226%22%20width%3D%2227%22%20height%3D%228%22%20rx%3D%224%22%20fill%3D%22%23000%22%20fill-opacity%3D%22.8%22%2F%3E%3C%2Fg%3E%3Cg%20transform%3D%22translate(8%2020)%22%3E%3Crect%20x%3D%227%22%20y%3D%2216%22%20width%3D%2291%22%20height%3D%2216%22%20rx%3D%224%22%20fill%3D%22%23000%22%20fill-opacity%3D%22.8%22%2F%3E%3Cmask%20id%3D%22eyesRobocop-a%22%20style%3D%22mask-type%3Aluminance%22%20maskUnits%3D%22userSpaceOnUse%22%20x%3D%227%22%20y%3D%2216%22%20width%3D%2291%22%20height%3D%2216%22%3E%3Crect%20x%3D%227%22%20y%3D%2216%22%20width%3D%2291%22%20height%3D%2216%22%20rx%3D%224%22%20fill%3D%22%23fff%22%2F%3E%3C%2Fmask%3E%3Cg%20mask%3D%22url(%23eyesRobocop-a)%22%20fill-rule%3D%22evenodd%22%20clip-rule%3D%22evenodd%22%20fill%3D%22%23fff%22%20fill-opacity%3D%22.8%22%3E%3Cpath%20d%3D%22M76%207h18L82%2037H64L76%207ZM52%207h9L49%2037h-9L52%207Z%22%2F%3E%3C%2Fg%3E%3C%2Fg%3E%3C%2Fg%3E%3C%2Fsvg%3E	Taufik Hidayat	$argon2id$v=19$m=65536,t=3,p=4$oHtOLjNRDVDFI6rOmiCvKA$0V8eSvfRxS60sXoOx/TWcoQxvFLgfPLwebsaqPRm8+A	2023-12-02 03:00:54.474904+00	tfkhdyt
2023-12-03 01:48:07.133447+00	muhammadihsanrizaldi.130@gmail.com	\N	user-clpotpew9000008l52i6tcveb	data:image/svg+xml;utf8,%3Csvg%20xmlns%3D%22http%3A%2F%2Fwww.w3.org%2F2000%2Fsvg%22%20viewBox%3D%220%200%20120%20120%22%20fill%3D%22none%22%20shape-rendering%3D%22auto%22%3E%3Cdesc%3E%22Bottts%22%20by%20%22Pablo%20Stanley%22%2C%20licensed%20under%20%22Free%20for%20personal%20and%20commercial%20use%22.%20%2F%20Remix%20of%20the%20original.%20-%20Created%20with%20dicebear.com%3C%2Fdesc%3E%3Cmetadata%20xmlns%3Adc%3D%22http%3A%2F%2Fpurl.org%2Fdc%2Felements%2F1.1%2F%22%20xmlns%3Acc%3D%22http%3A%2F%2Fcreativecommons.org%2Fns%23%22%20xmlns%3Ardf%3D%22http%3A%2F%2Fwww.w3.org%2F1999%2F02%2F22-rdf-syntax-ns%23%22%3E%3Crdf%3ARDF%3E%3Ccc%3AWork%3E%3Cdc%3Atitle%3EBottts%3C%2Fdc%3Atitle%3E%3Cdc%3Acreator%3E%3Ccc%3AAgent%20rdf%3Aabout%3D%22https%3A%2F%2Ftwitter.com%2Fpablostanley%22%3E%3Cdc%3Atitle%3EPablo%20Stanley%3C%2Fdc%3Atitle%3E%3C%2Fcc%3AAgent%3E%3C%2Fdc%3Acreator%3E%3Cdc%3Asource%3Ehttps%3A%2F%2Fbottts.com%2F%3C%2Fdc%3Asource%3E%3Ccc%3Alicense%20rdf%3Aresource%3D%22https%3A%2F%2Fbottts.com%2F%22%20%2F%3E%3C%2Fcc%3AWork%3E%3C%2Frdf%3ARDF%3E%3C%2Fmetadata%3E%3Cmask%20id%3D%22viewboxMask%22%3E%3Crect%20width%3D%22120%22%20height%3D%22120%22%20rx%3D%220%22%20ry%3D%220%22%20x%3D%220%22%20y%3D%220%22%20fill%3D%22%23fff%22%20%2F%3E%3C%2Fmask%3E%3Cg%20mask%3D%22url(%23viewboxMask)%22%3E%3Crect%20fill%3D%22%236d4c41%22%20width%3D%22120%22%20height%3D%22120%22%20x%3D%220%22%20y%3D%220%22%20%2F%3E%3Cg%20transform%3D%22translate(22%2068)%22%3E%3Cpath%20fill-rule%3D%22evenodd%22%20clip-rule%3D%22evenodd%22%20d%3D%22M18%2010.22C18%2021.78%2024.47%2028%2038%2028c13.52%200%2020-6.34%2020-17.78C58%209.5%2057.17%208%2055%208H21c-2.05%200-3%201.38-3%202.22Z%22%20fill%3D%22%23000%22%20fill-opacity%3D%22.8%22%2F%3E%3Cmask%20id%3D%22mouthSmile02-a%22%20style%3D%22mask-type%3Aluminance%22%20maskUnits%3D%22userSpaceOnUse%22%20x%3D%2218%22%20y%3D%228%22%20width%3D%2240%22%20height%3D%2220%22%3E%3Cpath%20fill-rule%3D%22evenodd%22%20clip-rule%3D%22evenodd%22%20d%3D%22M18%2010.22C18%2021.78%2024.47%2028%2038%2028c13.52%200%2020-6.34%2020-17.78C58%209.5%2057.17%208%2055%208H21c-2.05%200-3%201.38-3%202.22Z%22%20fill%3D%22%23fff%22%2F%3E%3C%2Fmask%3E%3Cg%20mask%3D%22url(%23mouthSmile02-a)%22%3E%3Crect%20x%3D%2230%22%20y%3D%222%22%20width%3D%2216%22%20height%3D%2214%22%20rx%3D%222%22%20fill%3D%22%23fff%22%2F%3E%3C%2Fg%3E%3C%2Fg%3E%3Cg%20transform%3D%22translate(8%2020)%22%3E%3Cg%20fill%3D%22%23fff%22%3E%3Ccircle%20cx%3D%2221%22%20cy%3D%2230%22%20r%3D%2215%22%20fill-opacity%3D%22.1%22%2F%3E%3Ccircle%20cx%3D%2283%22%20cy%3D%2230%22%20r%3D%2215%22%20fill-opacity%3D%22.1%22%2F%3E%3Ccircle%20cx%3D%2221%22%20cy%3D%2230%22%20r%3D%2212%22%20fill-opacity%3D%22.1%22%2F%3E%3Ccircle%20cx%3D%2283%22%20cy%3D%2230%22%20r%3D%2212%22%20fill-opacity%3D%22.1%22%2F%3E%3Ccircle%20cx%3D%2221%22%20cy%3D%2230%22%20r%3D%226%22%20fill-opacity%3D%22.8%22%2F%3E%3Ccircle%20cx%3D%2283%22%20cy%3D%2230%22%20r%3D%226%22%20fill-opacity%3D%22.8%22%2F%3E%3Ccircle%20cx%3D%2221%22%20cy%3D%2230%22%20r%3D%223%22%20fill-opacity%3D%22.8%22%2F%3E%3Ccircle%20cx%3D%2283%22%20cy%3D%2230%22%20r%3D%223%22%20fill-opacity%3D%22.8%22%2F%3E%3C%2Fg%3E%3C%2Fg%3E%3C%2Fg%3E%3C%2Fsvg%3E	Muhammad Ihsan	$argon2id$v=19$m=65536,t=3,p=4$9YJ2GjDuyt643hIoF+MH/Q$5YZ23tfjfWXe78fzS5TBmyQW26k+w1v1Tph736ssbEw	2023-12-03 01:48:07.133447+00	ihsanrzi
2023-12-03 02:41:44.24047+00	rabiatulaja99@gmail.com	\N	user-clpovmd8b000008jzcdpgdmil	data:image/svg+xml;utf8,%3Csvg%20xmlns%3D%22http%3A%2F%2Fwww.w3.org%2F2000%2Fsvg%22%20viewBox%3D%220%200%20120%20120%22%20fill%3D%22none%22%20shape-rendering%3D%22auto%22%3E%3Cdesc%3E%22Bottts%22%20by%20%22Pablo%20Stanley%22%2C%20licensed%20under%20%22Free%20for%20personal%20and%20commercial%20use%22.%20%2F%20Remix%20of%20the%20original.%20-%20Created%20with%20dicebear.com%3C%2Fdesc%3E%3Cmetadata%20xmlns%3Adc%3D%22http%3A%2F%2Fpurl.org%2Fdc%2Felements%2F1.1%2F%22%20xmlns%3Acc%3D%22http%3A%2F%2Fcreativecommons.org%2Fns%23%22%20xmlns%3Ardf%3D%22http%3A%2F%2Fwww.w3.org%2F1999%2F02%2F22-rdf-syntax-ns%23%22%3E%3Crdf%3ARDF%3E%3Ccc%3AWork%3E%3Cdc%3Atitle%3EBottts%3C%2Fdc%3Atitle%3E%3Cdc%3Acreator%3E%3Ccc%3AAgent%20rdf%3Aabout%3D%22https%3A%2F%2Ftwitter.com%2Fpablostanley%22%3E%3Cdc%3Atitle%3EPablo%20Stanley%3C%2Fdc%3Atitle%3E%3C%2Fcc%3AAgent%3E%3C%2Fdc%3Acreator%3E%3Cdc%3Asource%3Ehttps%3A%2F%2Fbottts.com%2F%3C%2Fdc%3Asource%3E%3Ccc%3Alicense%20rdf%3Aresource%3D%22https%3A%2F%2Fbottts.com%2F%22%20%2F%3E%3C%2Fcc%3AWork%3E%3C%2Frdf%3ARDF%3E%3C%2Fmetadata%3E%3Cmask%20id%3D%22viewboxMask%22%3E%3Crect%20width%3D%22120%22%20height%3D%22120%22%20rx%3D%220%22%20ry%3D%220%22%20x%3D%220%22%20y%3D%220%22%20fill%3D%22%23fff%22%20%2F%3E%3C%2Fmask%3E%3Cg%20mask%3D%22url(%23viewboxMask)%22%3E%3Crect%20fill%3D%22%23c0ca33%22%20width%3D%22120%22%20height%3D%22120%22%20x%3D%220%22%20y%3D%220%22%20%2F%3E%3Cg%20transform%3D%22translate(22%2068)%22%3E%3Cg%20fill%3D%22%23000%22%20fill-opacity%3D%22.6%22%3E%3Crect%20x%3D%2228%22%20y%3D%2210%22%20width%3D%226%22%20height%3D%2214%22%20rx%3D%222%22%2F%3E%3Crect%20x%3D%2214%22%20y%3D%2210%22%20width%3D%226%22%20height%3D%2214%22%20rx%3D%222%22%2F%3E%3Crect%20x%3D%2242%22%20y%3D%2210%22%20width%3D%226%22%20height%3D%2214%22%20rx%3D%222%22%2F%3E%3Crect%20x%3D%2256%22%20y%3D%2210%22%20width%3D%226%22%20height%3D%2214%22%20rx%3D%222%22%2F%3E%3C%2Fg%3E%3C%2Fg%3E%3Cg%20transform%3D%22translate(8%2020)%22%3E%3Cpath%20d%3D%22m25%2027.2%205.5%205.5c.5.4%201.2.4%201.6%200l1.6-1.6c.4-.5.4-1.2%200-1.6L28.2%2024l5.5-5.5c.4-.5.4-1.2%200-1.6l-1.6-1.6c-.5-.4-1.2-.4-1.6%200L25%2020.8l-5.5-5.5c-.5-.4-1.2-.4-1.6%200l-1.6%201.6c-.4.4-.4%201.1%200%201.6l5.5%205.5-5.5%205.5c-.4.5-.4%201.2%200%201.6l1.6%201.6c.5.4%201.2.4%201.6%200l5.5-5.5ZM79%2027.2l5.5%205.5c.5.4%201.2.4%201.6%200l1.6-1.6c.4-.5.4-1.2%200-1.6L82.2%2024l5.5-5.5c.4-.5.4-1.2%200-1.6l-1.6-1.6c-.5-.4-1.2-.4-1.6%200L79%2020.8l-5.5-5.5c-.5-.4-1.2-.4-1.6%200l-1.6%201.6c-.4.4-.4%201.1%200%201.6l5.5%205.5-5.5%205.5c-.4.5-.4%201.2%200%201.6l1.6%201.6c.5.4%201.2.4%201.6%200l5.5-5.5Z%22%20fill%3D%22%23000%22%20fill-opacity%3D%22.8%22%2F%3E%3C%2Fg%3E%3C%2Fg%3E%3C%2Fsvg%3E	Rabiatul Adawiyah	$argon2id$v=19$m=65536,t=3,p=4$3w1+H4cme18i/hgH8IhGJw$unG8ujJUIuCFcwB32s5VhIdPfsxAV9gp3hYp2EvPx+Q	2023-12-03 02:41:44.24047+00	Rabiatul09
2023-12-03 04:30:04.386065+00	jihantsaabitah@gmail.com	\N	user-clpozhori000008kx6jss2aoi	data:image/svg+xml;utf8,%3Csvg%20xmlns%3D%22http%3A%2F%2Fwww.w3.org%2F2000%2Fsvg%22%20viewBox%3D%220%200%20120%20120%22%20fill%3D%22none%22%20shape-rendering%3D%22auto%22%3E%3Cdesc%3E%22Bottts%22%20by%20%22Pablo%20Stanley%22%2C%20licensed%20under%20%22Free%20for%20personal%20and%20commercial%20use%22.%20%2F%20Remix%20of%20the%20original.%20-%20Created%20with%20dicebear.com%3C%2Fdesc%3E%3Cmetadata%20xmlns%3Adc%3D%22http%3A%2F%2Fpurl.org%2Fdc%2Felements%2F1.1%2F%22%20xmlns%3Acc%3D%22http%3A%2F%2Fcreativecommons.org%2Fns%23%22%20xmlns%3Ardf%3D%22http%3A%2F%2Fwww.w3.org%2F1999%2F02%2F22-rdf-syntax-ns%23%22%3E%3Crdf%3ARDF%3E%3Ccc%3AWork%3E%3Cdc%3Atitle%3EBottts%3C%2Fdc%3Atitle%3E%3Cdc%3Acreator%3E%3Ccc%3AAgent%20rdf%3Aabout%3D%22https%3A%2F%2Ftwitter.com%2Fpablostanley%22%3E%3Cdc%3Atitle%3EPablo%20Stanley%3C%2Fdc%3Atitle%3E%3C%2Fcc%3AAgent%3E%3C%2Fdc%3Acreator%3E%3Cdc%3Asource%3Ehttps%3A%2F%2Fbottts.com%2F%3C%2Fdc%3Asource%3E%3Ccc%3Alicense%20rdf%3Aresource%3D%22https%3A%2F%2Fbottts.com%2F%22%20%2F%3E%3C%2Fcc%3AWork%3E%3C%2Frdf%3ARDF%3E%3C%2Fmetadata%3E%3Cmask%20id%3D%22viewboxMask%22%3E%3Crect%20width%3D%22120%22%20height%3D%22120%22%20rx%3D%220%22%20ry%3D%220%22%20x%3D%220%22%20y%3D%220%22%20fill%3D%22%23fff%22%20%2F%3E%3C%2Fmask%3E%3Cg%20mask%3D%22url(%23viewboxMask)%22%3E%3Crect%20fill%3D%22%23546e7a%22%20width%3D%22120%22%20height%3D%22120%22%20x%3D%220%22%20y%3D%220%22%20%2F%3E%3Cg%20transform%3D%22translate(22%2068)%22%3E%3Crect%20x%3D%224%22%20y%3D%225%22%20width%3D%2268%22%20height%3D%2222%22%20rx%3D%225%22%20fill%3D%22%23000%22%20fill-opacity%3D%22.2%22%2F%3E%3Crect%20x%3D%228%22%20y%3D%229%22%20width%3D%2260%22%20height%3D%2214%22%20rx%3D%222%22%20fill%3D%22%23fff%22%2F%3E%3Cpath%20fill%3D%22%23000%22%20fill-opacity%3D%22.1%22%20d%3D%22M18%209h4v14h-4zM42%209h4v14h-4zM30%209h4v14h-4zM54%209h4v14h-4z%22%2F%3E%3C%2Fg%3E%3Cg%20transform%3D%22translate(8%2020)%22%3E%3Cg%20fill%3D%22%23fff%22%3E%3Ccircle%20cx%3D%2224%22%20cy%3D%2230%22%20r%3D%226%22%2F%3E%3Ccircle%20cx%3D%2280%22%20cy%3D%2230%22%20r%3D%226%22%2F%3E%3C%2Fg%3E%3C%2Fg%3E%3C%2Fg%3E%3C%2Fsvg%3E	jihan tsaabitah	$argon2id$v=19$m=65536,t=3,p=4$b+ggr1WcV6kVSg+pftzFLQ$AX/QuzWXOM1TRIyRxAi5p7ED6TgHjiXLYD9OL2BTdeM	2023-12-03 04:30:04.386065+00	jete
2023-12-03 08:11:13.969865+00	ta142fa@gmail.com	\N	user-clpp7e3nl000008i30rnc2ojn	https://lh3.googleusercontent.com/a/ACg8ocLTqCV_wHpB4Bklo2Z9_HEy-2eXcM5dFH7QwfNicHO6Ps4=s96-c	Taufik Hidayat	google	2023-12-03 08:11:13.969865+00	ta142fa
2023-12-04 10:12:04.718492+00	aisyekamila@gmail.com	\N	user-clpqr5d19000008l70p7v2t4f	https://lh3.googleusercontent.com/a/ACg8ocITJ06DoQ8UXihZfXzAUc86U99TPiPf3IVw-KEGR1hGkVc=s96-c	aisyah Kamila	google	2023-12-04 10:12:04.718492+00	aisyekamila
2023-12-04 10:12:35.788159+00	zakiakhairunnisa0000@gmail.com	\N	user-clpqr610b000908l7a0kahjle	https://lh3.googleusercontent.com/a/ACg8ocKS-NGhkO6WuF3VilYY2cZeqNL688FAdtTYVoAD6Oxpr4Y=s96-c	Zakia Khairunnisa	google	2023-12-04 10:12:35.788159+00	zakiakhairunnisa0000
2023-12-04 10:13:08.342344+00	zakiakhairunnisa79@gmail.com	\N	user-clpqr6q4l000a08l74nf0hksu	https://lh3.googleusercontent.com/a/ACg8ocJ4Fl1K8_79HsPMYnS_vf8suO0NdziJiCT316gmuuW7yJk=s96-c	Zakia Khairunnisa	google	2023-12-04 10:13:08.342344+00	zakiakhairunnisa79
2023-12-04 10:13:32.546033+00	zakiakhairunnisa97@gmail.com	\N	user-clpqr78sx000b08l72c142ths	https://lh3.googleusercontent.com/a/ACg8ocLQ7bHdoCPZMIgIbk_KhBEUuvCVi1bd56xIrruvbG7-=s96-c	Zakia Khairunnisa	google	2023-12-04 10:13:32.546033+00	zakiakhairunnisa97
2023-12-04 11:47:57.680236+00	dwdarm95@gmail.com	\N	user-clpquko0y000008l39r9t9h08	data:image/svg+xml;utf8,%3Csvg%20xmlns%3D%22http%3A%2F%2Fwww.w3.org%2F2000%2Fsvg%22%20viewBox%3D%220%200%20120%20120%22%20fill%3D%22none%22%20shape-rendering%3D%22auto%22%3E%3Cdesc%3E%22Bottts%22%20by%20%22Pablo%20Stanley%22%2C%20licensed%20under%20%22Free%20for%20personal%20and%20commercial%20use%22.%20%2F%20Remix%20of%20the%20original.%20-%20Created%20with%20dicebear.com%3C%2Fdesc%3E%3Cmetadata%20xmlns%3Adc%3D%22http%3A%2F%2Fpurl.org%2Fdc%2Felements%2F1.1%2F%22%20xmlns%3Acc%3D%22http%3A%2F%2Fcreativecommons.org%2Fns%23%22%20xmlns%3Ardf%3D%22http%3A%2F%2Fwww.w3.org%2F1999%2F02%2F22-rdf-syntax-ns%23%22%3E%3Crdf%3ARDF%3E%3Ccc%3AWork%3E%3Cdc%3Atitle%3EBottts%3C%2Fdc%3Atitle%3E%3Cdc%3Acreator%3E%3Ccc%3AAgent%20rdf%3Aabout%3D%22https%3A%2F%2Ftwitter.com%2Fpablostanley%22%3E%3Cdc%3Atitle%3EPablo%20Stanley%3C%2Fdc%3Atitle%3E%3C%2Fcc%3AAgent%3E%3C%2Fdc%3Acreator%3E%3Cdc%3Asource%3Ehttps%3A%2F%2Fbottts.com%2F%3C%2Fdc%3Asource%3E%3Ccc%3Alicense%20rdf%3Aresource%3D%22https%3A%2F%2Fbottts.com%2F%22%20%2F%3E%3C%2Fcc%3AWork%3E%3C%2Frdf%3ARDF%3E%3C%2Fmetadata%3E%3Cmask%20id%3D%22viewboxMask%22%3E%3Crect%20width%3D%22120%22%20height%3D%22120%22%20rx%3D%220%22%20ry%3D%220%22%20x%3D%220%22%20y%3D%220%22%20fill%3D%22%23fff%22%20%2F%3E%3C%2Fmask%3E%3Cg%20mask%3D%22url(%23viewboxMask)%22%3E%3Crect%20fill%3D%22%23ffb300%22%20width%3D%22120%22%20height%3D%22120%22%20x%3D%220%22%20y%3D%220%22%20%2F%3E%3Cg%20transform%3D%22translate(22%2068)%22%3E%3Crect%20x%3D%224%22%20y%3D%225%22%20width%3D%2268%22%20height%3D%2222%22%20rx%3D%225%22%20fill%3D%22%23000%22%20fill-opacity%3D%22.2%22%2F%3E%3Crect%20x%3D%228%22%20y%3D%229%22%20width%3D%2260%22%20height%3D%2214%22%20rx%3D%222%22%20fill%3D%22%23000%22%20fill-opacity%3D%22.6%22%2F%3E%3Cpath%20fill-rule%3D%22evenodd%22%20clip-rule%3D%22evenodd%22%20d%3D%22m20%2017%206-8H14l6%208ZM32%2017l6-8H26l6%208ZM44%2017l6-8H38l6%208ZM56%2017l6-8H50l6%208Z%22%20fill%3D%22%23E1E6E8%22%2F%3E%3C%2Fg%3E%3Cg%20transform%3D%22translate(8%2020)%22%3E%3Cpath%20d%3D%22m18%2019%2012-2M20%2031c0-3.31%202.9-6%207-6%203.1%200%206%202.69%206%206M86%2020l-12-3M84%2031c0-3.31-2.9-6-6-6-4.1%200-7%202.69-7%206%22%20stroke%3D%22%23000%22%20stroke-width%3D%224%22%20stroke-linecap%3D%22round%22%20stroke-linejoin%3D%22round%22%2F%3E%3C%2Fg%3E%3C%2Fg%3E%3C%2Fsvg%3E	Ferdinand Schorner	$argon2id$v=19$m=65536,t=3,p=4$g6Q2HsmBiclELa/B9CeWnw$ZJnNYMYrHsJ27P+l6qKASuS5oojCwyAMjcM9BzJkP7w	2023-12-04 11:47:57.680236+00	fschorner
2023-12-04 12:04:25.405004+00	rr5328838@gmail.com	\N	user-clpqv5u5y000008jx5gah0uu4	https://lh3.googleusercontent.com/a/ACg8ocK7agjVMWrJfNyuYOalafSYqi5m66GlJeawv_8gn1pzVQ=s96-c	Counter Assassin	google	2023-12-04 12:04:25.405004+00	rr5328838
2023-12-04 12:07:51.68917+00	hotelza7@gmail.com	\N	user-clpqva9cl000008l49dqc6b6s	data:image/svg+xml;utf8,%3Csvg%20xmlns%3D%22http%3A%2F%2Fwww.w3.org%2F2000%2Fsvg%22%20viewBox%3D%220%200%20120%20120%22%20fill%3D%22none%22%20shape-rendering%3D%22auto%22%3E%3Cdesc%3E%22Bottts%22%20by%20%22Pablo%20Stanley%22%2C%20licensed%20under%20%22Free%20for%20personal%20and%20commercial%20use%22.%20%2F%20Remix%20of%20the%20original.%20-%20Created%20with%20dicebear.com%3C%2Fdesc%3E%3Cmetadata%20xmlns%3Adc%3D%22http%3A%2F%2Fpurl.org%2Fdc%2Felements%2F1.1%2F%22%20xmlns%3Acc%3D%22http%3A%2F%2Fcreativecommons.org%2Fns%23%22%20xmlns%3Ardf%3D%22http%3A%2F%2Fwww.w3.org%2F1999%2F02%2F22-rdf-syntax-ns%23%22%3E%3Crdf%3ARDF%3E%3Ccc%3AWork%3E%3Cdc%3Atitle%3EBottts%3C%2Fdc%3Atitle%3E%3Cdc%3Acreator%3E%3Ccc%3AAgent%20rdf%3Aabout%3D%22https%3A%2F%2Ftwitter.com%2Fpablostanley%22%3E%3Cdc%3Atitle%3EPablo%20Stanley%3C%2Fdc%3Atitle%3E%3C%2Fcc%3AAgent%3E%3C%2Fdc%3Acreator%3E%3Cdc%3Asource%3Ehttps%3A%2F%2Fbottts.com%2F%3C%2Fdc%3Asource%3E%3Ccc%3Alicense%20rdf%3Aresource%3D%22https%3A%2F%2Fbottts.com%2F%22%20%2F%3E%3C%2Fcc%3AWork%3E%3C%2Frdf%3ARDF%3E%3C%2Fmetadata%3E%3Cmask%20id%3D%22viewboxMask%22%3E%3Crect%20width%3D%22120%22%20height%3D%22120%22%20rx%3D%220%22%20ry%3D%220%22%20x%3D%220%22%20y%3D%220%22%20fill%3D%22%23fff%22%20%2F%3E%3C%2Fmask%3E%3Cg%20mask%3D%22url(%23viewboxMask)%22%3E%3Crect%20fill%3D%22%238e24aa%22%20width%3D%22120%22%20height%3D%22120%22%20x%3D%220%22%20y%3D%220%22%20%2F%3E%3Cg%20transform%3D%22translate(22%2068)%22%3E%3Cpath%20fill-rule%3D%22evenodd%22%20clip-rule%3D%22evenodd%22%20d%3D%22M18%2010.22C18%2021.78%2024.47%2028%2038%2028c13.52%200%2020-6.34%2020-17.78C58%209.5%2057.17%208%2055%208H21c-2.05%200-3%201.38-3%202.22Z%22%20fill%3D%22%23000%22%20fill-opacity%3D%22.8%22%2F%3E%3Cmask%20id%3D%22mouthSmile02-a%22%20style%3D%22mask-type%3Aluminance%22%20maskUnits%3D%22userSpaceOnUse%22%20x%3D%2218%22%20y%3D%228%22%20width%3D%2240%22%20height%3D%2220%22%3E%3Cpath%20fill-rule%3D%22evenodd%22%20clip-rule%3D%22evenodd%22%20d%3D%22M18%2010.22C18%2021.78%2024.47%2028%2038%2028c13.52%200%2020-6.34%2020-17.78C58%209.5%2057.17%208%2055%208H21c-2.05%200-3%201.38-3%202.22Z%22%20fill%3D%22%23fff%22%2F%3E%3C%2Fmask%3E%3Cg%20mask%3D%22url(%23mouthSmile02-a)%22%3E%3Crect%20x%3D%2230%22%20y%3D%222%22%20width%3D%2216%22%20height%3D%2214%22%20rx%3D%222%22%20fill%3D%22%23fff%22%2F%3E%3C%2Fg%3E%3C%2Fg%3E%3Cg%20transform%3D%22translate(8%2020)%22%3E%3Ccircle%20cx%3D%2228%22%20cy%3D%2224%22%20r%3D%2218%22%20fill%3D%22%23000%22%20fill-opacity%3D%22.2%22%2F%3E%3Ccircle%20cx%3D%2274%22%20cy%3D%2224%22%20r%3D%2218%22%20fill%3D%22%23000%22%20fill-opacity%3D%22.2%22%2F%3E%3Ccircle%20cx%3D%2228%22%20cy%3D%2224%22%20r%3D%2215%22%20fill%3D%22%23F1EEDA%22%2F%3E%3Ccircle%20cx%3D%2274%22%20cy%3D%2224%22%20r%3D%2215%22%20fill%3D%22%23F1EEDA%22%2F%3E%3Crect%20x%3D%2226%22%20y%3D%2215%22%20width%3D%2210%22%20height%3D%2210%22%20rx%3D%222%22%20fill%3D%22%23000%22%20fill-opacity%3D%22.8%22%2F%3E%3Crect%20x%3D%2274%22%20y%3D%2215%22%20width%3D%2210%22%20height%3D%2210%22%20rx%3D%222%22%20fill%3D%22%23000%22%20fill-opacity%3D%22.8%22%2F%3E%3C%2Fg%3E%3C%2Fg%3E%3C%2Fsvg%3E	Feymaa Rinn	$argon2id$v=19$m=65536,t=3,p=4$6BCybp5uUI3dsWToAN8zhQ$CTeHigirZinszFOd9f9lA5iPDTh14030Vva9JZyrK7c	2023-12-04 12:07:51.68917+00	Feymaa
2023-12-04 12:16:30.252825+00	imannaxcrb@gmail.com	\N	user-clpqvldh2000208jx9bpaceyq	https://lh3.googleusercontent.com/a/ACg8ocLGSzoj6S7w8_gNG2bBtQS0LEYPr5qXR-YFz4S_sXh15dM=s96-c	Technology Inspiration	google	2023-12-04 12:16:30.252825+00	imannaxcrb
2023-12-04 12:28:37.228612+00	qq.khoiri@gmail.com	\N	user-clpqw0yel000508jxg57r7wfu	data:image/svg+xml;utf8,%3Csvg%20xmlns%3D%22http%3A%2F%2Fwww.w3.org%2F2000%2Fsvg%22%20viewBox%3D%220%200%20120%20120%22%20fill%3D%22none%22%20shape-rendering%3D%22auto%22%3E%3Cdesc%3E%22Bottts%22%20by%20%22Pablo%20Stanley%22%2C%20licensed%20under%20%22Free%20for%20personal%20and%20commercial%20use%22.%20%2F%20Remix%20of%20the%20original.%20-%20Created%20with%20dicebear.com%3C%2Fdesc%3E%3Cmetadata%20xmlns%3Adc%3D%22http%3A%2F%2Fpurl.org%2Fdc%2Felements%2F1.1%2F%22%20xmlns%3Acc%3D%22http%3A%2F%2Fcreativecommons.org%2Fns%23%22%20xmlns%3Ardf%3D%22http%3A%2F%2Fwww.w3.org%2F1999%2F02%2F22-rdf-syntax-ns%23%22%3E%3Crdf%3ARDF%3E%3Ccc%3AWork%3E%3Cdc%3Atitle%3EBottts%3C%2Fdc%3Atitle%3E%3Cdc%3Acreator%3E%3Ccc%3AAgent%20rdf%3Aabout%3D%22https%3A%2F%2Ftwitter.com%2Fpablostanley%22%3E%3Cdc%3Atitle%3EPablo%20Stanley%3C%2Fdc%3Atitle%3E%3C%2Fcc%3AAgent%3E%3C%2Fdc%3Acreator%3E%3Cdc%3Asource%3Ehttps%3A%2F%2Fbottts.com%2F%3C%2Fdc%3Asource%3E%3Ccc%3Alicense%20rdf%3Aresource%3D%22https%3A%2F%2Fbottts.com%2F%22%20%2F%3E%3C%2Fcc%3AWork%3E%3C%2Frdf%3ARDF%3E%3C%2Fmetadata%3E%3Cmask%20id%3D%22viewboxMask%22%3E%3Crect%20width%3D%22120%22%20height%3D%22120%22%20rx%3D%220%22%20ry%3D%220%22%20x%3D%220%22%20y%3D%220%22%20fill%3D%22%23fff%22%20%2F%3E%3C%2Fmask%3E%3Cg%20mask%3D%22url(%23viewboxMask)%22%3E%3Crect%20fill%3D%22%2343a047%22%20width%3D%22120%22%20height%3D%22120%22%20x%3D%220%22%20y%3D%220%22%20%2F%3E%3Cg%20transform%3D%22translate(22%2068)%22%3E%3Crect%20x%3D%2224%22%20y%3D%226%22%20width%3D%2227%22%20height%3D%228%22%20rx%3D%224%22%20fill%3D%22%23000%22%20fill-opacity%3D%22.8%22%2F%3E%3C%2Fg%3E%3Cg%20transform%3D%22translate(8%2020)%22%3E%3Cg%20fill-rule%3D%22evenodd%22%20clip-rule%3D%22evenodd%22%3E%3Cpath%20d%3D%22M53%200c34.75%200%2049%2017.47%2049%2031%200%2013.53-19.59%2017-49%2017-29.05%200-51-3.47-51-17S17.11%200%2053%200Z%22%20fill%3D%22%23000%22%20fill-opacity%3D%22.8%22%2F%3E%3Cpath%20d%3D%22M28.82%2034.65c-6.53-1.35-11.24-6.34-10.52-11.14.72-4.79%206.6-7.58%2013.12-6.23%206.53%201.36%2011.24%206.35%2010.52%2011.15-.72%204.8-6.6%207.59-13.12%206.23ZM75.42%2034.65c-6.52%201.36-12.4-1.43-13.12-6.23-.72-4.8%204-9.8%2010.52-11.15%206.52-1.35%2012.4%201.44%2013.12%206.24.72%204.81-4%209.8-10.52%2011.15Z%22%20fill%3D%22%2325A6F5%22%2F%3E%3C%2Fg%3E%3C%2Fg%3E%3C%2Fg%3E%3C%2Fsvg%3E	Ariq Khoiri	$argon2id$v=19$m=65536,t=3,p=4$c3U7OsVNqN79EeaCMXPSCg$etcBwlDUh5tlt0Hn0BXWcd99GH4pFIG4fMojDce6BbQ	2023-12-04 12:28:37.228612+00	okawaineko
2023-12-04 13:55:09.373001+00	superoe@gmail.com	\N	user-clpqz48p9000008jqfdrd10sv	data:image/svg+xml;utf8,%3Csvg%20xmlns%3D%22http%3A%2F%2Fwww.w3.org%2F2000%2Fsvg%22%20viewBox%3D%220%200%20120%20120%22%20fill%3D%22none%22%20shape-rendering%3D%22auto%22%3E%3Cdesc%3E%22Bottts%22%20by%20%22Pablo%20Stanley%22%2C%20licensed%20under%20%22Free%20for%20personal%20and%20commercial%20use%22.%20%2F%20Remix%20of%20the%20original.%20-%20Created%20with%20dicebear.com%3C%2Fdesc%3E%3Cmetadata%20xmlns%3Adc%3D%22http%3A%2F%2Fpurl.org%2Fdc%2Felements%2F1.1%2F%22%20xmlns%3Acc%3D%22http%3A%2F%2Fcreativecommons.org%2Fns%23%22%20xmlns%3Ardf%3D%22http%3A%2F%2Fwww.w3.org%2F1999%2F02%2F22-rdf-syntax-ns%23%22%3E%3Crdf%3ARDF%3E%3Ccc%3AWork%3E%3Cdc%3Atitle%3EBottts%3C%2Fdc%3Atitle%3E%3Cdc%3Acreator%3E%3Ccc%3AAgent%20rdf%3Aabout%3D%22https%3A%2F%2Ftwitter.com%2Fpablostanley%22%3E%3Cdc%3Atitle%3EPablo%20Stanley%3C%2Fdc%3Atitle%3E%3C%2Fcc%3AAgent%3E%3C%2Fdc%3Acreator%3E%3Cdc%3Asource%3Ehttps%3A%2F%2Fbottts.com%2F%3C%2Fdc%3Asource%3E%3Ccc%3Alicense%20rdf%3Aresource%3D%22https%3A%2F%2Fbottts.com%2F%22%20%2F%3E%3C%2Fcc%3AWork%3E%3C%2Frdf%3ARDF%3E%3C%2Fmetadata%3E%3Cmask%20id%3D%22viewboxMask%22%3E%3Crect%20width%3D%22120%22%20height%3D%22120%22%20rx%3D%220%22%20ry%3D%220%22%20x%3D%220%22%20y%3D%220%22%20fill%3D%22%23fff%22%20%2F%3E%3C%2Fmask%3E%3Cg%20mask%3D%22url(%23viewboxMask)%22%3E%3Crect%20fill%3D%22%236d4c41%22%20width%3D%22120%22%20height%3D%22120%22%20x%3D%220%22%20y%3D%220%22%20%2F%3E%3Cg%20transform%3D%22translate(22%2068)%22%3E%3Cg%20fill%3D%22%23000%22%20fill-opacity%3D%22.6%22%3E%3Crect%20x%3D%2212%22%20y%3D%2212%22%20width%3D%224%22%20height%3D%228%22%20rx%3D%222%22%2F%3E%3Crect%20x%3D%2236%22%20y%3D%2212%22%20width%3D%224%22%20height%3D%228%22%20rx%3D%222%22%2F%3E%3Crect%20x%3D%2224%22%20y%3D%2212%22%20width%3D%224%22%20height%3D%228%22%20rx%3D%222%22%2F%3E%3Crect%20x%3D%2248%22%20y%3D%2212%22%20width%3D%224%22%20height%3D%228%22%20rx%3D%222%22%2F%3E%3Crect%20x%3D%2260%22%20y%3D%2212%22%20width%3D%224%22%20height%3D%228%22%20rx%3D%222%22%2F%3E%3C%2Fg%3E%3C%2Fg%3E%3Cg%20transform%3D%22translate(8%2020)%22%3E%3Cpath%20d%3D%22M29.27%209.68c-2.55.13-4.96%202.24-6.25%204.15-1.48-1.76-4.1-3.6-6.65-3.47-5.48.28-8.85%203.8-8.63%208.1.3%205.72%204.88%208.89%209.7%2012.24%201.71%201.15%205%204.15%205.42%204.82.42.67%202.14.6%202.58-.13a37.8%2037.8%200%200%201%204.9-5.36c4.43-3.84%208.66-7.47%208.36-13.2-.23-4.3-3.95-7.44-9.43-7.15ZM87.63%2010.36c-2.55-.14-5.17%201.7-6.65%203.47-1.3-1.9-3.7-4.02-6.25-4.15-5.48-.29-9.2%202.86-9.43%207.16-.3%205.72%203.93%209.35%208.36%2013.19%201.6%201.32%204.55%204.64%204.9%205.36.35.7%202.06.82%202.58.13.51-.7%203.7-3.67%205.42-4.82%204.81-3.35%209.4-6.52%209.7-12.24.22-4.3-3.15-7.82-8.63-8.1Z%22%20fill%3D%22%23FF5353%22%20fill-opacity%3D%22.8%22%2F%3E%3C%2Fg%3E%3C%2Fg%3E%3C%2Fsvg%3E	super oe	$argon2id$v=19$m=65536,t=3,p=4$HR2jXtDVNLPY7KusBVb9uw$0h7gtieEflnmEx2aCmYLHoBvosJI5mO9TIdnEwJypVA	2023-12-04 13:55:09.373001+00	superoe
2023-12-04 14:54:32.150512+00	halimajaaaaa@gmail.com	\N	user-clpr18lr9000008l1hyi7gf3x	https://lh3.googleusercontent.com/a/ACg8ocKzNF7hQMYaeXh6rKqv4S7jduty3MhMgCPM-2I4Dbkr=s96-c	halim aja	google	2023-12-04 14:54:32.150512+00	halimajaaaaa
2023-12-04 16:06:33.915871+00	meysa.dev@gmail.com	\N	user-clpr3t8g8000009l2fgx59s48	https://lh3.googleusercontent.com/a/ACg8ocKsuFX0s5mxTh_r_g84j87ZHZ-w0OymcCMuSQvPCrWjsQ=s96-c	Miko Meysa Bima	google	2023-12-04 16:06:33.915871+00	meysadev
2023-12-04 16:21:45.83419+00	jundi.prima.khaalishnail.yuwono.te22@mhsw.pnj.ac.id	\N	user-clpr4cs3a000008jrg4iyg2gw	https://lh3.googleusercontent.com/a/ACg8ocIcdW7A-AjCo_Pd3s6ChW0YdjNWWlsjcjguvnbxgEdL1w=s96-c	JUNDI PRIMA KHAALISHNAIL YUWONO Mahasiswa PNJ	google	2023-12-04 16:21:45.83419+00	jundiprimakhaalishnaily
2023-12-04 16:49:03.339559+00	mizzchan99@gmail.com	\N	user-clpr5bvln000008jh2gvtcl46	https://lh3.googleusercontent.com/a/ACg8ocJYDX_E2ZzvfHbRB-IRM_naBNOo-abb2pfeeojrl4M=s96-c	Mizz Kun	google	2023-12-04 16:49:03.339559+00	mizzchan99
2023-12-04 19:45:58.666845+00	dickaismaji@gmail.com	\N	user-clprbnefp000008jl2rw79l6p	https://lh3.googleusercontent.com/a/ACg8ocKzjV7nLJoN4LSTY_LBT5wqUH-m2dzL-CRL_KUvytGGkiA=s96-c	Dicka Ismaji	google	2023-12-04 19:45:58.666845+00	dickaismaji
2023-12-04 23:36:38.077286+00	gfpriangga@gmail.com	\N	user-clprjw102000108k1g9xvf3ye	data:image/svg+xml;utf8,%3Csvg%20xmlns%3D%22http%3A%2F%2Fwww.w3.org%2F2000%2Fsvg%22%20viewBox%3D%220%200%20120%20120%22%20fill%3D%22none%22%20shape-rendering%3D%22auto%22%3E%3Cdesc%3E%22Bottts%22%20by%20%22Pablo%20Stanley%22%2C%20licensed%20under%20%22Free%20for%20personal%20and%20commercial%20use%22.%20%2F%20Remix%20of%20the%20original.%20-%20Created%20with%20dicebear.com%3C%2Fdesc%3E%3Cmetadata%20xmlns%3Adc%3D%22http%3A%2F%2Fpurl.org%2Fdc%2Felements%2F1.1%2F%22%20xmlns%3Acc%3D%22http%3A%2F%2Fcreativecommons.org%2Fns%23%22%20xmlns%3Ardf%3D%22http%3A%2F%2Fwww.w3.org%2F1999%2F02%2F22-rdf-syntax-ns%23%22%3E%3Crdf%3ARDF%3E%3Ccc%3AWork%3E%3Cdc%3Atitle%3EBottts%3C%2Fdc%3Atitle%3E%3Cdc%3Acreator%3E%3Ccc%3AAgent%20rdf%3Aabout%3D%22https%3A%2F%2Ftwitter.com%2Fpablostanley%22%3E%3Cdc%3Atitle%3EPablo%20Stanley%3C%2Fdc%3Atitle%3E%3C%2Fcc%3AAgent%3E%3C%2Fdc%3Acreator%3E%3Cdc%3Asource%3Ehttps%3A%2F%2Fbottts.com%2F%3C%2Fdc%3Asource%3E%3Ccc%3Alicense%20rdf%3Aresource%3D%22https%3A%2F%2Fbottts.com%2F%22%20%2F%3E%3C%2Fcc%3AWork%3E%3C%2Frdf%3ARDF%3E%3C%2Fmetadata%3E%3Cmask%20id%3D%22viewboxMask%22%3E%3Crect%20width%3D%22120%22%20height%3D%22120%22%20rx%3D%220%22%20ry%3D%220%22%20x%3D%220%22%20y%3D%220%22%20fill%3D%22%23fff%22%20%2F%3E%3C%2Fmask%3E%3Cg%20mask%3D%22url(%23viewboxMask)%22%3E%3Crect%20fill%3D%22%23ffb300%22%20width%3D%22120%22%20height%3D%22120%22%20x%3D%220%22%20y%3D%220%22%20%2F%3E%3Cg%20transform%3D%22translate(22%2068)%22%3E%3Cg%20fill%3D%22%23000%22%20fill-opacity%3D%22.6%22%3E%3Crect%20x%3D%2212%22%20y%3D%2212%22%20width%3D%224%22%20height%3D%228%22%20rx%3D%222%22%2F%3E%3Crect%20x%3D%2236%22%20y%3D%2212%22%20width%3D%224%22%20height%3D%228%22%20rx%3D%222%22%2F%3E%3Crect%20x%3D%2224%22%20y%3D%2212%22%20width%3D%224%22%20height%3D%228%22%20rx%3D%222%22%2F%3E%3Crect%20x%3D%2248%22%20y%3D%2212%22%20width%3D%224%22%20height%3D%228%22%20rx%3D%222%22%2F%3E%3Crect%20x%3D%2260%22%20y%3D%2212%22%20width%3D%224%22%20height%3D%228%22%20rx%3D%222%22%2F%3E%3C%2Fg%3E%3C%2Fg%3E%3Cg%20transform%3D%22translate(8%2020)%22%3E%3Cpath%20d%3D%22M28%2044a20%2020%200%200%200%2019.9-18h41.52a5%205%200%201%200%200-4H47.9A20%2020%200%201%200%2028%2044Z%22%20fill%3D%22%23000%22%20fill-opacity%3D%22.2%22%2F%3E%3Ccircle%20cx%3D%2294%22%20cy%3D%2224%22%20r%3D%222%22%20fill%3D%22%23fff%22%2F%3E%3Ccircle%20cx%3D%2228%22%20cy%3D%2224%22%20r%3D%2216%22%20fill%3D%22%23000%22%20fill-opacity%3D%22.6%22%2F%3E%3Ccircle%20cx%3D%2234%22%20cy%3D%2216%22%20r%3D%223%22%20fill%3D%22%23fff%22%2F%3E%3C%2Fg%3E%3C%2Fg%3E%3C%2Fsvg%3E	Gandhi Priangga	$argon2id$v=19$m=65536,t=3,p=4$+99lFuJ9dsZp7OY5liAi8w$jc9jDb24nudUSohWjeYXt8FFE8y0nuNfhBNt6sawvis	2023-12-04 23:36:38.077286+00	gfpriangga
2023-12-05 00:41:22.055398+00	antasitopu1234@gmail.com	\N	user-clprm79wh000008jjcloj07q3	https://lh3.googleusercontent.com/a/ACg8ocJnFN-BAJWYvF36ef9AJvF0imDuOiVxKw6AelDHdtwsQjo=s96-c	ERMASA CINTANA INDAH SITOPU	google	2023-12-05 00:41:22.055398+00	antasitopu1234
2023-12-05 02:33:33.47709+00	codeaflaha@gmail.com	\N	user-clprq7jvk000008l60xmfdww4	https://lh3.googleusercontent.com/a/ACg8ocLp2GXJydgJLSEYk2Hrins-7fjPWD-z94t1jYb1x5sQxA=s96-c	codeaflaha TV	google	2023-12-05 02:33:33.47709+00	codeaflaha
2023-12-11 03:53:10.019919+00	hng@udfd.co	\N	user-clq0dp1hm000008ju7r6ng4s7	data:image/svg+xml;utf8,%3Csvg%20xmlns%3D%22http%3A%2F%2Fwww.w3.org%2F2000%2Fsvg%22%20viewBox%3D%220%200%20120%20120%22%20fill%3D%22none%22%20shape-rendering%3D%22auto%22%3E%3Cdesc%3E%22Bottts%22%20by%20%22Pablo%20Stanley%22%2C%20licensed%20under%20%22Free%20for%20personal%20and%20commercial%20use%22.%20%2F%20Remix%20of%20the%20original.%20-%20Created%20with%20dicebear.com%3C%2Fdesc%3E%3Cmetadata%20xmlns%3Adc%3D%22http%3A%2F%2Fpurl.org%2Fdc%2Felements%2F1.1%2F%22%20xmlns%3Acc%3D%22http%3A%2F%2Fcreativecommons.org%2Fns%23%22%20xmlns%3Ardf%3D%22http%3A%2F%2Fwww.w3.org%2F1999%2F02%2F22-rdf-syntax-ns%23%22%3E%3Crdf%3ARDF%3E%3Ccc%3AWork%3E%3Cdc%3Atitle%3EBottts%3C%2Fdc%3Atitle%3E%3Cdc%3Acreator%3E%3Ccc%3AAgent%20rdf%3Aabout%3D%22https%3A%2F%2Ftwitter.com%2Fpablostanley%22%3E%3Cdc%3Atitle%3EPablo%20Stanley%3C%2Fdc%3Atitle%3E%3C%2Fcc%3AAgent%3E%3C%2Fdc%3Acreator%3E%3Cdc%3Asource%3Ehttps%3A%2F%2Fbottts.com%2F%3C%2Fdc%3Asource%3E%3Ccc%3Alicense%20rdf%3Aresource%3D%22https%3A%2F%2Fbottts.com%2F%22%20%2F%3E%3C%2Fcc%3AWork%3E%3C%2Frdf%3ARDF%3E%3C%2Fmetadata%3E%3Cmask%20id%3D%22viewboxMask%22%3E%3Crect%20width%3D%22120%22%20height%3D%22120%22%20rx%3D%220%22%20ry%3D%220%22%20x%3D%220%22%20y%3D%220%22%20fill%3D%22%23fff%22%20%2F%3E%3C%2Fmask%3E%3Cg%20mask%3D%22url(%23viewboxMask)%22%3E%3Crect%20fill%3D%22%23546e7a%22%20width%3D%22120%22%20height%3D%22120%22%20x%3D%220%22%20y%3D%220%22%20%2F%3E%3Cg%20transform%3D%22translate(22%2068)%22%3E%3Crect%20x%3D%2216%22%20y%3D%228%22%20width%3D%2244%22%20height%3D%224%22%20rx%3D%222%22%20fill%3D%22%23000%22%20fill-opacity%3D%22.8%22%2F%3E%3C%2Fg%3E%3Cg%20transform%3D%22translate(8%2020)%22%3E%3Crect%20y%3D%2212%22%20width%3D%22104%22%20height%3D%2232%22%20rx%3D%2216%22%20fill%3D%22%23000%22%20fill-opacity%3D%22.8%22%2F%3E%3Crect%20x%3D%2224%22%20y%3D%2222%22%20width%3D%2210%22%20height%3D%2212%22%20rx%3D%222%22%20fill%3D%22%23F4F4F4%22%2F%3E%3Crect%20x%3D%2270%22%20y%3D%2222%22%20width%3D%2210%22%20height%3D%2212%22%20rx%3D%222%22%20fill%3D%22%23F4F4F4%22%2F%3E%3C%2Fg%3E%3C%2Fg%3E%3C%2Fsvg%3E	gh gfhnh	$argon2id$v=19$m=65536,t=3,p=4$Lp+/1RKz3zT8h/4P9UTxzw$h2TyJtoT8NsFJngvvcGifsR5WulIrlijGfLqi9ZNKt4	2023-12-11 03:53:10.019919+00	hngghnn
2023-12-11 03:53:44.864183+00	fgnfn@ufgv.co	\N	user-clq0dpsds000108ju7zkwd6y7	data:image/svg+xml;utf8,%3Csvg%20xmlns%3D%22http%3A%2F%2Fwww.w3.org%2F2000%2Fsvg%22%20viewBox%3D%220%200%20120%20120%22%20fill%3D%22none%22%20shape-rendering%3D%22auto%22%3E%3Cdesc%3E%22Bottts%22%20by%20%22Pablo%20Stanley%22%2C%20licensed%20under%20%22Free%20for%20personal%20and%20commercial%20use%22.%20%2F%20Remix%20of%20the%20original.%20-%20Created%20with%20dicebear.com%3C%2Fdesc%3E%3Cmetadata%20xmlns%3Adc%3D%22http%3A%2F%2Fpurl.org%2Fdc%2Felements%2F1.1%2F%22%20xmlns%3Acc%3D%22http%3A%2F%2Fcreativecommons.org%2Fns%23%22%20xmlns%3Ardf%3D%22http%3A%2F%2Fwww.w3.org%2F1999%2F02%2F22-rdf-syntax-ns%23%22%3E%3Crdf%3ARDF%3E%3Ccc%3AWork%3E%3Cdc%3Atitle%3EBottts%3C%2Fdc%3Atitle%3E%3Cdc%3Acreator%3E%3Ccc%3AAgent%20rdf%3Aabout%3D%22https%3A%2F%2Ftwitter.com%2Fpablostanley%22%3E%3Cdc%3Atitle%3EPablo%20Stanley%3C%2Fdc%3Atitle%3E%3C%2Fcc%3AAgent%3E%3C%2Fdc%3Acreator%3E%3Cdc%3Asource%3Ehttps%3A%2F%2Fbottts.com%2F%3C%2Fdc%3Asource%3E%3Ccc%3Alicense%20rdf%3Aresource%3D%22https%3A%2F%2Fbottts.com%2F%22%20%2F%3E%3C%2Fcc%3AWork%3E%3C%2Frdf%3ARDF%3E%3C%2Fmetadata%3E%3Cmask%20id%3D%22viewboxMask%22%3E%3Crect%20width%3D%22120%22%20height%3D%22120%22%20rx%3D%220%22%20ry%3D%220%22%20x%3D%220%22%20y%3D%220%22%20fill%3D%22%23fff%22%20%2F%3E%3C%2Fmask%3E%3Cg%20mask%3D%22url(%23viewboxMask)%22%3E%3Crect%20fill%3D%22%23546e7a%22%20width%3D%22120%22%20height%3D%22120%22%20x%3D%220%22%20y%3D%220%22%20%2F%3E%3Cg%20transform%3D%22translate(22%2068)%22%3E%3Crect%20x%3D%224%22%20y%3D%224%22%20width%3D%2268%22%20height%3D%2224%22%20rx%3D%225%22%20fill%3D%22%23000%22%20fill-opacity%3D%22.2%22%2F%3E%3Crect%20x%3D%228%22%20y%3D%228%22%20width%3D%2260%22%20height%3D%2216%22%20rx%3D%222%22%20fill%3D%22%23000%22%20fill-opacity%3D%22.8%22%2F%3E%3Cpath%20d%3D%22M9%2017h11l2-4%203%207%204-8%202%209%203-11%203%2010%203-3h15l3-4%202%207%203-3h4%22%20stroke%3D%22%234EFAC9%22%20stroke-width%3D%222%22%20stroke-linecap%3D%22round%22%20stroke-linejoin%3D%22round%22%2F%3E%3C%2Fg%3E%3Cg%20transform%3D%22translate(8%2020)%22%3E%3Crect%20x%3D%227%22%20y%3D%2216%22%20width%3D%2291%22%20height%3D%2216%22%20rx%3D%224%22%20fill%3D%22%23000%22%20fill-opacity%3D%22.8%22%2F%3E%3Cmask%20id%3D%22eyesRobocop-a%22%20style%3D%22mask-type%3Aluminance%22%20maskUnits%3D%22userSpaceOnUse%22%20x%3D%227%22%20y%3D%2216%22%20width%3D%2291%22%20height%3D%2216%22%3E%3Crect%20x%3D%227%22%20y%3D%2216%22%20width%3D%2291%22%20height%3D%2216%22%20rx%3D%224%22%20fill%3D%22%23fff%22%2F%3E%3C%2Fmask%3E%3Cg%20mask%3D%22url(%23eyesRobocop-a)%22%20fill-rule%3D%22evenodd%22%20clip-rule%3D%22evenodd%22%20fill%3D%22%23fff%22%20fill-opacity%3D%22.8%22%3E%3Cpath%20d%3D%22M76%207h18L82%2037H64L76%207ZM52%207h9L49%2037h-9L52%207Z%22%2F%3E%3C%2Fg%3E%3C%2Fg%3E%3C%2Fg%3E%3C%2Fsvg%3E	gdg gbnfg	$argon2id$v=19$m=65536,t=3,p=4$v4prD64iFEeeFC1WynEcgQ$XCYA4koYymwOoEv3R6tWE8acncBWRBLFggvdHQ6BSUk	2023-12-11 03:53:44.864183+00	fhnghnhgf
2023-12-08 10:21:48.971686+00	yuliantri.id@gmail.com	\N	user-clpwh9aig000508jz3w5wehjq	https://lh3.googleusercontent.com/a/ACg8ocJmNvfSj_N-8TylJy1elaWE2LEmbJ8nOMtmxKU60cq87Q=s96-c	Yulianto Tri	google	2023-12-08 10:21:48.971686+00	yuliantriid
2023-12-12 11:30:05.406945+00	dadangmamang50@gmail.com	\N	user-clq29gi0f000008l53oaf5a4t	https://lh3.googleusercontent.com/a/ACg8ocJUWIV8mYT9oowlesEyR2xAT1NEkSivTtW00TiUPp_i=s96-c	Dadang Maman	google	2023-12-12 11:30:05.406945+00	dadangmamang50
2023-12-12 12:14:58.419843+00	jtsaabitah@gmail.com	\N	user-clq2b27ye000008jqcb8h6wib	https://lh3.googleusercontent.com/a/ACg8ocImajvedSRcmfZc5ulpGxpF2FmLbB740Ceojwp5-iIq=s96-c	jete tsaabitah	google	2023-12-12 12:14:58.419843+00	jtsaabitah
2023-12-12 12:50:23.180827+00	mannawassalwa620@gmail.com	\N	user-clq2cbrf3000108l69r498ylu	https://lh3.googleusercontent.com/a/ACg8ocKrSpqGSg4myr164cXzNqIvBcoyDnf3DZts1T7XC-8lcAA=s96-c	Manna wassalwa	google	2023-12-12 12:50:23.180827+00	mannawassalwa620
2023-12-14 00:22:38.844413+00	aziz13naufal@gmail.com	\N	user-clq4ghv7r000008jpbu7efm3t	https://lh3.googleusercontent.com/a/ACg8ocLUCrbgRVK42Ohtr_eNMrpGZcCUT36g11rjxe8IPIW7HpQM=s96-c	aziznaufalll	google	2023-12-14 00:22:38.844413+00	aziz13naufal
2024-01-19 14:08:50.176256+00	rejouis.degurechaff@gmail.com	\N	user-clrkpv0pz000008l98w774518	https://lh3.googleusercontent.com/a/ACg8ocJZwNL6AWLmsw6H_hARTvd6UbHYxWZzs_HE3gy-sM-W=s96-c	Rejouis van degurechaff	google	2024-01-19 14:08:50.176256+00	rejouisdegurechaff
2023-12-12 11:31:08.352524+00	markpurba4@gmail.com	\N	user-clq29hukw000108l50g8q1zn4	https://lh3.googleusercontent.com/a/ACg8ocI-dYNqKbS6dGf6fIi6LeK4r574zS6tQuZ-uC0j-hg3yMg=s96-c	Mark Purba	google	2023-12-12 11:31:08.352524+00	markpurba4
2023-12-05 06:33:07.477855+00	maulana.120100@gmail.com	\N	user-clpryrmxo000008jz8bgz07pe	data:image/svg+xml;utf8,%3Csvg%20xmlns%3D%22http%3A%2F%2Fwww.w3.org%2F2000%2Fsvg%22%20viewBox%3D%220%200%20120%20120%22%20fill%3D%22none%22%20shape-rendering%3D%22auto%22%3E%3Cdesc%3E%22Bottts%22%20by%20%22Pablo%20Stanley%22%2C%20licensed%20under%20%22Free%20for%20personal%20and%20commercial%20use%22.%20%2F%20Remix%20of%20the%20original.%20-%20Created%20with%20dicebear.com%3C%2Fdesc%3E%3Cmetadata%20xmlns%3Adc%3D%22http%3A%2F%2Fpurl.org%2Fdc%2Felements%2F1.1%2F%22%20xmlns%3Acc%3D%22http%3A%2F%2Fcreativecommons.org%2Fns%23%22%20xmlns%3Ardf%3D%22http%3A%2F%2Fwww.w3.org%2F1999%2F02%2F22-rdf-syntax-ns%23%22%3E%3Crdf%3ARDF%3E%3Ccc%3AWork%3E%3Cdc%3Atitle%3EBottts%3C%2Fdc%3Atitle%3E%3Cdc%3Acreator%3E%3Ccc%3AAgent%20rdf%3Aabout%3D%22https%3A%2F%2Ftwitter.com%2Fpablostanley%22%3E%3Cdc%3Atitle%3EPablo%20Stanley%3C%2Fdc%3Atitle%3E%3C%2Fcc%3AAgent%3E%3C%2Fdc%3Acreator%3E%3Cdc%3Asource%3Ehttps%3A%2F%2Fbottts.com%2F%3C%2Fdc%3Asource%3E%3Ccc%3Alicense%20rdf%3Aresource%3D%22https%3A%2F%2Fbottts.com%2F%22%20%2F%3E%3C%2Fcc%3AWork%3E%3C%2Frdf%3ARDF%3E%3C%2Fmetadata%3E%3Cmask%20id%3D%22viewboxMask%22%3E%3Crect%20width%3D%22120%22%20height%3D%22120%22%20rx%3D%220%22%20ry%3D%220%22%20x%3D%220%22%20y%3D%220%22%20fill%3D%22%23fff%22%20%2F%3E%3C%2Fmask%3E%3Cg%20mask%3D%22url(%23viewboxMask)%22%3E%3Crect%20fill%3D%22%23757575%22%20width%3D%22120%22%20height%3D%22120%22%20x%3D%220%22%20y%3D%220%22%20%2F%3E%3Cg%20transform%3D%22translate(22%2068)%22%3E%3Cg%20fill%3D%22%23000%22%20fill-opacity%3D%22.6%22%3E%3Crect%20x%3D%2228%22%20y%3D%2210%22%20width%3D%226%22%20height%3D%2214%22%20rx%3D%222%22%2F%3E%3Crect%20x%3D%2214%22%20y%3D%2210%22%20width%3D%226%22%20height%3D%2214%22%20rx%3D%222%22%2F%3E%3Crect%20x%3D%2242%22%20y%3D%2210%22%20width%3D%226%22%20height%3D%2214%22%20rx%3D%222%22%2F%3E%3Crect%20x%3D%2256%22%20y%3D%2210%22%20width%3D%226%22%20height%3D%2214%22%20rx%3D%222%22%2F%3E%3C%2Fg%3E%3C%2Fg%3E%3Cg%20transform%3D%22translate(8%2020)%22%3E%3Cpath%20d%3D%22M29.27%209.68c-2.55.13-4.96%202.24-6.25%204.15-1.48-1.76-4.1-3.6-6.65-3.47-5.48.28-8.85%203.8-8.63%208.1.3%205.72%204.88%208.89%209.7%2012.24%201.71%201.15%205%204.15%205.42%204.82.42.67%202.14.6%202.58-.13a37.8%2037.8%200%200%201%204.9-5.36c4.43-3.84%208.66-7.47%208.36-13.2-.23-4.3-3.95-7.44-9.43-7.15ZM87.63%2010.36c-2.55-.14-5.17%201.7-6.65%203.47-1.3-1.9-3.7-4.02-6.25-4.15-5.48-.29-9.2%202.86-9.43%207.16-.3%205.72%203.93%209.35%208.36%2013.19%201.6%201.32%204.55%204.64%204.9%205.36.35.7%202.06.82%202.58.13.51-.7%203.7-3.67%205.42-4.82%204.81-3.35%209.4-6.52%209.7-12.24.22-4.3-3.15-7.82-8.63-8.1Z%22%20fill%3D%22%23FF5353%22%20fill-opacity%3D%22.8%22%2F%3E%3C%2Fg%3E%3C%2Fg%3E%3C%2Fsvg%3E	Maulana Lana	$argon2id$v=19$m=65536,t=3,p=4$zolc4i0pPF9ZioEZnXDFBw$bZPL63ErVNhbET3B69wx7T1IG/noDjx0RMJuey59SzY	2023-12-05 06:33:07.477855+00	maulana
2023-12-05 08:27:51.904601+00	alwyyourbae@gmail.com	\N	user-clps2v6zw000008jt5l35hk5n	data:image/svg+xml;utf8,%3Csvg%20xmlns%3D%22http%3A%2F%2Fwww.w3.org%2F2000%2Fsvg%22%20viewBox%3D%220%200%20120%20120%22%20fill%3D%22none%22%20shape-rendering%3D%22auto%22%3E%3Cdesc%3E%22Bottts%22%20by%20%22Pablo%20Stanley%22%2C%20licensed%20under%20%22Free%20for%20personal%20and%20commercial%20use%22.%20%2F%20Remix%20of%20the%20original.%20-%20Created%20with%20dicebear.com%3C%2Fdesc%3E%3Cmetadata%20xmlns%3Adc%3D%22http%3A%2F%2Fpurl.org%2Fdc%2Felements%2F1.1%2F%22%20xmlns%3Acc%3D%22http%3A%2F%2Fcreativecommons.org%2Fns%23%22%20xmlns%3Ardf%3D%22http%3A%2F%2Fwww.w3.org%2F1999%2F02%2F22-rdf-syntax-ns%23%22%3E%3Crdf%3ARDF%3E%3Ccc%3AWork%3E%3Cdc%3Atitle%3EBottts%3C%2Fdc%3Atitle%3E%3Cdc%3Acreator%3E%3Ccc%3AAgent%20rdf%3Aabout%3D%22https%3A%2F%2Ftwitter.com%2Fpablostanley%22%3E%3Cdc%3Atitle%3EPablo%20Stanley%3C%2Fdc%3Atitle%3E%3C%2Fcc%3AAgent%3E%3C%2Fdc%3Acreator%3E%3Cdc%3Asource%3Ehttps%3A%2F%2Fbottts.com%2F%3C%2Fdc%3Asource%3E%3Ccc%3Alicense%20rdf%3Aresource%3D%22https%3A%2F%2Fbottts.com%2F%22%20%2F%3E%3C%2Fcc%3AWork%3E%3C%2Frdf%3ARDF%3E%3C%2Fmetadata%3E%3Cmask%20id%3D%22viewboxMask%22%3E%3Crect%20width%3D%22120%22%20height%3D%22120%22%20rx%3D%220%22%20ry%3D%220%22%20x%3D%220%22%20y%3D%220%22%20fill%3D%22%23fff%22%20%2F%3E%3C%2Fmask%3E%3Cg%20mask%3D%22url(%23viewboxMask)%22%3E%3Crect%20fill%3D%22%23ffb300%22%20width%3D%22120%22%20height%3D%22120%22%20x%3D%220%22%20y%3D%220%22%20%2F%3E%3Cg%20transform%3D%22translate(22%2068)%22%3E%3Cg%20fill%3D%22%23000%22%20fill-opacity%3D%22.6%22%3E%3Crect%20x%3D%2212%22%20y%3D%2212%22%20width%3D%224%22%20height%3D%228%22%20rx%3D%222%22%2F%3E%3Crect%20x%3D%2236%22%20y%3D%2212%22%20width%3D%224%22%20height%3D%228%22%20rx%3D%222%22%2F%3E%3Crect%20x%3D%2224%22%20y%3D%2212%22%20width%3D%224%22%20height%3D%228%22%20rx%3D%222%22%2F%3E%3Crect%20x%3D%2248%22%20y%3D%2212%22%20width%3D%224%22%20height%3D%228%22%20rx%3D%222%22%2F%3E%3Crect%20x%3D%2260%22%20y%3D%2212%22%20width%3D%224%22%20height%3D%228%22%20rx%3D%222%22%2F%3E%3C%2Fg%3E%3C%2Fg%3E%3Cg%20transform%3D%22translate(8%2020)%22%3E%3Crect%20y%3D%224%22%20width%3D%22104%22%20height%3D%2242%22%20rx%3D%224%22%20fill%3D%22%23000%22%20fill-opacity%3D%22.8%22%2F%3E%3Crect%20x%3D%2228%22%20y%3D%2225%22%20width%3D%2210%22%20height%3D%2211%22%20rx%3D%222%22%20fill%3D%22%238BDDFF%22%2F%3E%3Crect%20x%3D%2266%22%20y%3D%2225%22%20width%3D%2210%22%20height%3D%2211%22%20rx%3D%222%22%20fill%3D%22%238BDDFF%22%2F%3E%3Cpath%20fill-rule%3D%22evenodd%22%20clip-rule%3D%22evenodd%22%20d%3D%22M21%204h8L12%2046H4L21%204Z%22%20fill%3D%22%23fff%22%20fill-opacity%3D%22.4%22%2F%3E%3C%2Fg%3E%3C%2Fg%3E%3C%2Fsvg%3E	Alwi Wahyu	$argon2id$v=19$m=65536,t=3,p=4$plO5mPw0jbRyZpGA4rghJg$wAUJ90q/aZ2aalEQ6psk1gCUpiQqMwdV+P8CW6g/wqw	2023-12-05 08:27:51.904601+00	Alwisteins
2023-12-05 10:55:54.264416+00	barbarkingcoc1@gmail.com	\N	user-clps85koa000008jn7gh87jrq	https://lh3.googleusercontent.com/a/ACg8ocLHgvcuxjOnsbY5xxsq8JXflLeKcjmf_NucXYAVMiDMI5c=s96-c	Muhammad Alif	google	2023-12-05 10:55:54.264416+00	barbarkingcoc1
2023-12-05 10:57:29.970741+00	suryaelidanto@gmail.com	\N	user-clps87mis000008ky7d8zbwxp	https://lh3.googleusercontent.com/a/ACg8ocL8OkCl9fVF4KJYoqL9v9qH0mVDcy0TB6beXxD52dowvCI=s96-c	Surya Elz	google	2023-12-05 10:57:29.970741+00	suryaelidanto
2023-12-05 12:04:09.168265+00	insankd20@gmail.com	\N	user-clpsalcbj000008jq0u660gqr	https://lh3.googleusercontent.com/a/ACg8ocIdoa7Hw4NdPcjNcQStJfZ5STpNEZ0a2sqcb1poWMYC=s96-c	MUHAMMAD INSAN KAMIL DARMAWAN	google	2023-12-05 12:04:09.168265+00	insankd20
2023-12-05 13:42:22.646397+00	zakia.khairunnisa@ui.ac.id	\N	user-clpse3nqo000008jyfxeie1mz	data:image/svg+xml;utf8,%3Csvg%20xmlns%3D%22http%3A%2F%2Fwww.w3.org%2F2000%2Fsvg%22%20viewBox%3D%220%200%20120%20120%22%20fill%3D%22none%22%20shape-rendering%3D%22auto%22%3E%3Cdesc%3E%22Bottts%22%20by%20%22Pablo%20Stanley%22%2C%20licensed%20under%20%22Free%20for%20personal%20and%20commercial%20use%22.%20%2F%20Remix%20of%20the%20original.%20-%20Created%20with%20dicebear.com%3C%2Fdesc%3E%3Cmetadata%20xmlns%3Adc%3D%22http%3A%2F%2Fpurl.org%2Fdc%2Felements%2F1.1%2F%22%20xmlns%3Acc%3D%22http%3A%2F%2Fcreativecommons.org%2Fns%23%22%20xmlns%3Ardf%3D%22http%3A%2F%2Fwww.w3.org%2F1999%2F02%2F22-rdf-syntax-ns%23%22%3E%3Crdf%3ARDF%3E%3Ccc%3AWork%3E%3Cdc%3Atitle%3EBottts%3C%2Fdc%3Atitle%3E%3Cdc%3Acreator%3E%3Ccc%3AAgent%20rdf%3Aabout%3D%22https%3A%2F%2Ftwitter.com%2Fpablostanley%22%3E%3Cdc%3Atitle%3EPablo%20Stanley%3C%2Fdc%3Atitle%3E%3C%2Fcc%3AAgent%3E%3C%2Fdc%3Acreator%3E%3Cdc%3Asource%3Ehttps%3A%2F%2Fbottts.com%2F%3C%2Fdc%3Asource%3E%3Ccc%3Alicense%20rdf%3Aresource%3D%22https%3A%2F%2Fbottts.com%2F%22%20%2F%3E%3C%2Fcc%3AWork%3E%3C%2Frdf%3ARDF%3E%3C%2Fmetadata%3E%3Cmask%20id%3D%22viewboxMask%22%3E%3Crect%20width%3D%22120%22%20height%3D%22120%22%20rx%3D%220%22%20ry%3D%220%22%20x%3D%220%22%20y%3D%220%22%20fill%3D%22%23fff%22%20%2F%3E%3C%2Fmask%3E%3Cg%20mask%3D%22url(%23viewboxMask)%22%3E%3Crect%20fill%3D%22%23546e7a%22%20width%3D%22120%22%20height%3D%22120%22%20x%3D%220%22%20y%3D%220%22%20%2F%3E%3Cg%20transform%3D%22translate(22%2068)%22%3E%3Crect%20x%3D%2224%22%20y%3D%226%22%20width%3D%2227%22%20height%3D%228%22%20rx%3D%224%22%20fill%3D%22%23000%22%20fill-opacity%3D%22.8%22%2F%3E%3C%2Fg%3E%3Cg%20transform%3D%22translate(8%2020)%22%3E%3Ccircle%20cx%3D%2228%22%20cy%3D%2224%22%20r%3D%2218%22%20fill%3D%22%23000%22%20fill-opacity%3D%22.2%22%2F%3E%3Ccircle%20cx%3D%2274%22%20cy%3D%2224%22%20r%3D%2218%22%20fill%3D%22%23000%22%20fill-opacity%3D%22.2%22%2F%3E%3Ccircle%20cx%3D%2228%22%20cy%3D%2224%22%20r%3D%2215%22%20fill%3D%22%23F1EEDA%22%2F%3E%3Ccircle%20cx%3D%2274%22%20cy%3D%2224%22%20r%3D%2215%22%20fill%3D%22%23F1EEDA%22%2F%3E%3Crect%20x%3D%2226%22%20y%3D%2215%22%20width%3D%2210%22%20height%3D%2210%22%20rx%3D%222%22%20fill%3D%22%23000%22%20fill-opacity%3D%22.8%22%2F%3E%3Crect%20x%3D%2274%22%20y%3D%2215%22%20width%3D%2210%22%20height%3D%2210%22%20rx%3D%222%22%20fill%3D%22%23000%22%20fill-opacity%3D%22.8%22%2F%3E%3C%2Fg%3E%3C%2Fg%3E%3C%2Fsvg%3E	Zakia Khairunnisa	$argon2id$v=19$m=65536,t=3,p=4$t10VAjhWmnQXiQ7DBeiFNQ$b8xy5gtX5AW1aEkIZmLW+w74shLhOogCdnScQcrfnaM	2023-12-05 13:42:22.646397+00	zakiakrn
2023-12-05 14:09:46.783159+00	aneherp9@gmail.com	\N	user-clpsf2wds000808l007m83hpx	https://lh3.googleusercontent.com/a/ACg8ocKJ9EPEgPGKXOuIc9Iccud9tEjbXhQ2p0RjPtq7k0uNXKs=s96-c	Alvitto Gumay	google	2023-12-05 14:09:46.783159+00	aneherp9
2023-12-06 03:31:39.428705+00	laishoob1@gmail.com	\N	user-clpt7q4by000008la41k8biyk	https://lh3.googleusercontent.com/a/ACg8ocLbkfv6I2UByhhPsEF-d930eBykX4cwdt0xA88R73IP=s96-c	Laispam 1	google	2023-12-06 03:31:39.428705+00	laishoob1
2023-12-06 05:57:52.070435+00	aaa@gmail.com	\N	user-clptcy5c6000008la4dqt2mlz	data:image/svg+xml;utf8,%3Csvg%20xmlns%3D%22http%3A%2F%2Fwww.w3.org%2F2000%2Fsvg%22%20viewBox%3D%220%200%20120%20120%22%20fill%3D%22none%22%20shape-rendering%3D%22auto%22%3E%3Cdesc%3E%22Bottts%22%20by%20%22Pablo%20Stanley%22%2C%20licensed%20under%20%22Free%20for%20personal%20and%20commercial%20use%22.%20%2F%20Remix%20of%20the%20original.%20-%20Created%20with%20dicebear.com%3C%2Fdesc%3E%3Cmetadata%20xmlns%3Adc%3D%22http%3A%2F%2Fpurl.org%2Fdc%2Felements%2F1.1%2F%22%20xmlns%3Acc%3D%22http%3A%2F%2Fcreativecommons.org%2Fns%23%22%20xmlns%3Ardf%3D%22http%3A%2F%2Fwww.w3.org%2F1999%2F02%2F22-rdf-syntax-ns%23%22%3E%3Crdf%3ARDF%3E%3Ccc%3AWork%3E%3Cdc%3Atitle%3EBottts%3C%2Fdc%3Atitle%3E%3Cdc%3Acreator%3E%3Ccc%3AAgent%20rdf%3Aabout%3D%22https%3A%2F%2Ftwitter.com%2Fpablostanley%22%3E%3Cdc%3Atitle%3EPablo%20Stanley%3C%2Fdc%3Atitle%3E%3C%2Fcc%3AAgent%3E%3C%2Fdc%3Acreator%3E%3Cdc%3Asource%3Ehttps%3A%2F%2Fbottts.com%2F%3C%2Fdc%3Asource%3E%3Ccc%3Alicense%20rdf%3Aresource%3D%22https%3A%2F%2Fbottts.com%2F%22%20%2F%3E%3C%2Fcc%3AWork%3E%3C%2Frdf%3ARDF%3E%3C%2Fmetadata%3E%3Cmask%20id%3D%22viewboxMask%22%3E%3Crect%20width%3D%22120%22%20height%3D%22120%22%20rx%3D%220%22%20ry%3D%220%22%20x%3D%220%22%20y%3D%220%22%20fill%3D%22%23fff%22%20%2F%3E%3C%2Fmask%3E%3Cg%20mask%3D%22url(%23viewboxMask)%22%3E%3Crect%20fill%3D%22%231e88e5%22%20width%3D%22120%22%20height%3D%22120%22%20x%3D%220%22%20y%3D%220%22%20%2F%3E%3Cg%20transform%3D%22translate(22%2068)%22%3E%3Cg%20fill%3D%22%23000%22%20fill-opacity%3D%22.6%22%3E%3Crect%20x%3D%2228%22%20y%3D%2210%22%20width%3D%226%22%20height%3D%2214%22%20rx%3D%222%22%2F%3E%3Crect%20x%3D%2214%22%20y%3D%2210%22%20width%3D%226%22%20height%3D%2214%22%20rx%3D%222%22%2F%3E%3Crect%20x%3D%2242%22%20y%3D%2210%22%20width%3D%226%22%20height%3D%2214%22%20rx%3D%222%22%2F%3E%3Crect%20x%3D%2256%22%20y%3D%2210%22%20width%3D%226%22%20height%3D%2214%22%20rx%3D%222%22%2F%3E%3C%2Fg%3E%3C%2Fg%3E%3Cg%20transform%3D%22translate(8%2020)%22%3E%3Cg%20fill-rule%3D%22evenodd%22%20clip-rule%3D%22evenodd%22%3E%3Cpath%20d%3D%22M53%200c34.75%200%2049%2017.47%2049%2031%200%2013.53-19.59%2017-49%2017-29.05%200-51-3.47-51-17S17.11%200%2053%200Z%22%20fill%3D%22%23000%22%20fill-opacity%3D%22.8%22%2F%3E%3Cpath%20d%3D%22M28.82%2034.65c-6.53-1.35-11.24-6.34-10.52-11.14.72-4.79%206.6-7.58%2013.12-6.23%206.53%201.36%2011.24%206.35%2010.52%2011.15-.72%204.8-6.6%207.59-13.12%206.23ZM75.42%2034.65c-6.52%201.36-12.4-1.43-13.12-6.23-.72-4.8%204-9.8%2010.52-11.15%206.52-1.35%2012.4%201.44%2013.12%206.24.72%204.81-4%209.8-10.52%2011.15Z%22%20fill%3D%22%2325A6F5%22%2F%3E%3C%2Fg%3E%3C%2Fg%3E%3C%2Fg%3E%3C%2Fsvg%3E	aaa aaa	$argon2id$v=19$m=65536,t=3,p=4$A+4gbCDlwco2owRMY+SAcg$ymj7aAJ7gzsQCgeOn1E8cGcRX+lp4mqbZ+KM4Qo4Dc8	2023-12-06 05:57:52.070435+00	aaaa
2023-12-06 06:09:50.636033+00	xkaryanayandi@gmail.com	\N	user-clptddjsc000308la75bm2lbk	https://lh3.googleusercontent.com/a/ACg8ocJcwejeurOKmiwqj_-gc20DBRnkjt27f_yGZ_daYk37JmY=s96-c	Yandi	google	2023-12-06 06:09:50.636033+00	xkaryanayandi
2023-12-06 07:56:41.598853+00	silabancinta05@gmail.com	\N	user-clpth6yj5000009jr5r7k35bn	https://lh3.googleusercontent.com/a/ACg8ocJqfuvj9b4ffrVVs5MV5tLZ7Sv5BFBdoZCld1LV0Z3KUBY=s96-c	cinta silaban	google	2023-12-06 07:56:41.598853+00	silabancinta05
2023-12-06 09:46:27.712629+00	xxz473673@gmail.com	\N	user-clptl44ek000008jhdcln5awy	https://lh3.googleusercontent.com/a/ACg8ocILYK2BwCc-g_B8tk1b4f7bbuhsUX_Xl-BSNlsJHRCN=s96-c	xperia Xz2	google	2023-12-06 09:46:27.712629+00	xxz473673
2023-12-06 11:05:48.917564+00	jastinlinggar@gmail.com	\N	user-clptny66d000008l55glq6pz7	https://lh3.googleusercontent.com/a/ACg8ocL5zMNFHF3kvAiOL5KA-KT79NeSPypV6aMNZ8jMJ_xQej0=s96-c	Jastin LT	google	2023-12-06 11:05:48.917564+00	jastinlinggar
2023-12-07 04:36:42.755658+00	fiandev1234@gmail.com	\N	user-clpuphmtu000008l86j071vyq	data:image/svg+xml;utf8,%3Csvg%20xmlns%3D%22http%3A%2F%2Fwww.w3.org%2F2000%2Fsvg%22%20viewBox%3D%220%200%20120%20120%22%20fill%3D%22none%22%20shape-rendering%3D%22auto%22%3E%3Cdesc%3E%22Bottts%22%20by%20%22Pablo%20Stanley%22%2C%20licensed%20under%20%22Free%20for%20personal%20and%20commercial%20use%22.%20%2F%20Remix%20of%20the%20original.%20-%20Created%20with%20dicebear.com%3C%2Fdesc%3E%3Cmetadata%20xmlns%3Adc%3D%22http%3A%2F%2Fpurl.org%2Fdc%2Felements%2F1.1%2F%22%20xmlns%3Acc%3D%22http%3A%2F%2Fcreativecommons.org%2Fns%23%22%20xmlns%3Ardf%3D%22http%3A%2F%2Fwww.w3.org%2F1999%2F02%2F22-rdf-syntax-ns%23%22%3E%3Crdf%3ARDF%3E%3Ccc%3AWork%3E%3Cdc%3Atitle%3EBottts%3C%2Fdc%3Atitle%3E%3Cdc%3Acreator%3E%3Ccc%3AAgent%20rdf%3Aabout%3D%22https%3A%2F%2Ftwitter.com%2Fpablostanley%22%3E%3Cdc%3Atitle%3EPablo%20Stanley%3C%2Fdc%3Atitle%3E%3C%2Fcc%3AAgent%3E%3C%2Fdc%3Acreator%3E%3Cdc%3Asource%3Ehttps%3A%2F%2Fbottts.com%2F%3C%2Fdc%3Asource%3E%3Ccc%3Alicense%20rdf%3Aresource%3D%22https%3A%2F%2Fbottts.com%2F%22%20%2F%3E%3C%2Fcc%3AWork%3E%3C%2Frdf%3ARDF%3E%3C%2Fmetadata%3E%3Cmask%20id%3D%22viewboxMask%22%3E%3Crect%20width%3D%22120%22%20height%3D%22120%22%20rx%3D%220%22%20ry%3D%220%22%20x%3D%220%22%20y%3D%220%22%20fill%3D%22%23fff%22%20%2F%3E%3C%2Fmask%3E%3Cg%20mask%3D%22url(%23viewboxMask)%22%3E%3Crect%20fill%3D%22%23546e7a%22%20width%3D%22120%22%20height%3D%22120%22%20x%3D%220%22%20y%3D%220%22%20%2F%3E%3Cg%20transform%3D%22translate(22%2068)%22%3E%3Cg%20fill%3D%22%23000%22%20fill-opacity%3D%22.6%22%3E%3Crect%20x%3D%2212%22%20y%3D%2212%22%20width%3D%224%22%20height%3D%228%22%20rx%3D%222%22%2F%3E%3Crect%20x%3D%2236%22%20y%3D%2212%22%20width%3D%224%22%20height%3D%228%22%20rx%3D%222%22%2F%3E%3Crect%20x%3D%2224%22%20y%3D%2212%22%20width%3D%224%22%20height%3D%228%22%20rx%3D%222%22%2F%3E%3Crect%20x%3D%2248%22%20y%3D%2212%22%20width%3D%224%22%20height%3D%228%22%20rx%3D%222%22%2F%3E%3Crect%20x%3D%2260%22%20y%3D%2212%22%20width%3D%224%22%20height%3D%228%22%20rx%3D%222%22%2F%3E%3C%2Fg%3E%3C%2Fg%3E%3Cg%20transform%3D%22translate(8%2020)%22%3E%3Cg%20fill-rule%3D%22evenodd%22%20clip-rule%3D%22evenodd%22%3E%3Cpath%20d%3D%22M53%200c34.75%200%2049%2017.47%2049%2031%200%2013.53-19.59%2017-49%2017-29.05%200-51-3.47-51-17S17.11%200%2053%200Z%22%20fill%3D%22%23000%22%20fill-opacity%3D%22.8%22%2F%3E%3Cpath%20d%3D%22M28.82%2034.65c-6.53-1.35-11.24-6.34-10.52-11.14.72-4.79%206.6-7.58%2013.12-6.23%206.53%201.36%2011.24%206.35%2010.52%2011.15-.72%204.8-6.6%207.59-13.12%206.23ZM75.42%2034.65c-6.52%201.36-12.4-1.43-13.12-6.23-.72-4.8%204-9.8%2010.52-11.15%206.52-1.35%2012.4%201.44%2013.12%206.24.72%204.81-4%209.8-10.52%2011.15Z%22%20fill%3D%22%2325A6F5%22%2F%3E%3C%2Fg%3E%3C%2Fg%3E%3C%2Fg%3E%3C%2Fsvg%3E	fian	$argon2id$v=19$m=65536,t=3,p=4$w1QW/KLR/6Oiu0zY87S2RQ$szlvHjYQSsP1m4MSwKG3Dua848pkio/exb5W9wLyVLI	2023-12-07 04:36:42.755658+00	fian
2023-12-07 07:52:07.993979+00	wakeandbe@gmail.com	\N	user-clpuwgy2x000008jr3a9rhono	https://lh3.googleusercontent.com/a/ACg8ocKCLwyTUB9SHqsrmCFLEjUGhyaS-voKB3F6qJ8LiX9M=s96-c	Wake and Be	google	2023-12-07 07:52:07.993979+00	wakeandbe
2023-12-07 08:00:06.218163+00	Fajrulm05@yopmail.com	\N	user-clpuwr72h000908jr9yer126e	data:image/svg+xml;utf8,%3Csvg%20xmlns%3D%22http%3A%2F%2Fwww.w3.org%2F2000%2Fsvg%22%20viewBox%3D%220%200%20120%20120%22%20fill%3D%22none%22%20shape-rendering%3D%22auto%22%3E%3Cdesc%3E%22Bottts%22%20by%20%22Pablo%20Stanley%22%2C%20licensed%20under%20%22Free%20for%20personal%20and%20commercial%20use%22.%20%2F%20Remix%20of%20the%20original.%20-%20Created%20with%20dicebear.com%3C%2Fdesc%3E%3Cmetadata%20xmlns%3Adc%3D%22http%3A%2F%2Fpurl.org%2Fdc%2Felements%2F1.1%2F%22%20xmlns%3Acc%3D%22http%3A%2F%2Fcreativecommons.org%2Fns%23%22%20xmlns%3Ardf%3D%22http%3A%2F%2Fwww.w3.org%2F1999%2F02%2F22-rdf-syntax-ns%23%22%3E%3Crdf%3ARDF%3E%3Ccc%3AWork%3E%3Cdc%3Atitle%3EBottts%3C%2Fdc%3Atitle%3E%3Cdc%3Acreator%3E%3Ccc%3AAgent%20rdf%3Aabout%3D%22https%3A%2F%2Ftwitter.com%2Fpablostanley%22%3E%3Cdc%3Atitle%3EPablo%20Stanley%3C%2Fdc%3Atitle%3E%3C%2Fcc%3AAgent%3E%3C%2Fdc%3Acreator%3E%3Cdc%3Asource%3Ehttps%3A%2F%2Fbottts.com%2F%3C%2Fdc%3Asource%3E%3Ccc%3Alicense%20rdf%3Aresource%3D%22https%3A%2F%2Fbottts.com%2F%22%20%2F%3E%3C%2Fcc%3AWork%3E%3C%2Frdf%3ARDF%3E%3C%2Fmetadata%3E%3Cmask%20id%3D%22viewboxMask%22%3E%3Crect%20width%3D%22120%22%20height%3D%22120%22%20rx%3D%220%22%20ry%3D%220%22%20x%3D%220%22%20y%3D%220%22%20fill%3D%22%23fff%22%20%2F%3E%3C%2Fmask%3E%3Cg%20mask%3D%22url(%23viewboxMask)%22%3E%3Crect%20fill%3D%22%23ffb300%22%20width%3D%22120%22%20height%3D%22120%22%20x%3D%220%22%20y%3D%220%22%20%2F%3E%3Cg%20transform%3D%22translate(22%2068)%22%3E%3Crect%20x%3D%224%22%20y%3D%225%22%20width%3D%2268%22%20height%3D%2222%22%20rx%3D%225%22%20fill%3D%22%23000%22%20fill-opacity%3D%22.2%22%2F%3E%3Crect%20x%3D%228%22%20y%3D%229%22%20width%3D%2260%22%20height%3D%2214%22%20rx%3D%222%22%20fill%3D%22%23fff%22%2F%3E%3Cpath%20fill%3D%22%23000%22%20fill-opacity%3D%22.1%22%20d%3D%22M18%209h4v14h-4zM42%209h4v14h-4zM30%209h4v14h-4zM54%209h4v14h-4z%22%2F%3E%3C%2Fg%3E%3Cg%20transform%3D%22translate(8%2020)%22%3E%3Cg%20fill%3D%22%23fff%22%3E%3Ccircle%20cx%3D%2224%22%20cy%3D%2230%22%20r%3D%226%22%2F%3E%3Ccircle%20cx%3D%2280%22%20cy%3D%2230%22%20r%3D%226%22%2F%3E%3C%2Fg%3E%3C%2Fg%3E%3C%2Fg%3E%3C%2Fsvg%3E	Fajrul Kq	$argon2id$v=19$m=65536,t=3,p=4$s7/CWz2cFmd3NKz4HTNV3g$v0EgXp8L9JBFeNSUf5cUvyadgnhWJD4xpEYwDLu9MAc	2023-12-07 08:00:06.218163+00	Fajrulkq
2023-12-07 09:54:16.703657+00	kikibang04@gmail.com	\N	user-clpv0u0yi000008ia6udm6ubk	https://lh3.googleusercontent.com/a/ACg8ocIFcL2SMMnpDfNRieP4G4AEq8qDkI3idJO7-_5dXdi5Qlc=s96-c	Rizky Eka Ferdiansyah	google	2023-12-07 09:54:16.703657+00	kikibang04
2023-12-08 06:39:31.000524+00	cosizo@mailinator.com	\N	user-clpw9beuk000008js8ecb3s41	data:image/svg+xml;utf8,%3Csvg%20xmlns%3D%22http%3A%2F%2Fwww.w3.org%2F2000%2Fsvg%22%20viewBox%3D%220%200%20120%20120%22%20fill%3D%22none%22%20shape-rendering%3D%22auto%22%3E%3Cdesc%3E%22Bottts%22%20by%20%22Pablo%20Stanley%22%2C%20licensed%20under%20%22Free%20for%20personal%20and%20commercial%20use%22.%20%2F%20Remix%20of%20the%20original.%20-%20Created%20with%20dicebear.com%3C%2Fdesc%3E%3Cmetadata%20xmlns%3Adc%3D%22http%3A%2F%2Fpurl.org%2Fdc%2Felements%2F1.1%2F%22%20xmlns%3Acc%3D%22http%3A%2F%2Fcreativecommons.org%2Fns%23%22%20xmlns%3Ardf%3D%22http%3A%2F%2Fwww.w3.org%2F1999%2F02%2F22-rdf-syntax-ns%23%22%3E%3Crdf%3ARDF%3E%3Ccc%3AWork%3E%3Cdc%3Atitle%3EBottts%3C%2Fdc%3Atitle%3E%3Cdc%3Acreator%3E%3Ccc%3AAgent%20rdf%3Aabout%3D%22https%3A%2F%2Ftwitter.com%2Fpablostanley%22%3E%3Cdc%3Atitle%3EPablo%20Stanley%3C%2Fdc%3Atitle%3E%3C%2Fcc%3AAgent%3E%3C%2Fdc%3Acreator%3E%3Cdc%3Asource%3Ehttps%3A%2F%2Fbottts.com%2F%3C%2Fdc%3Asource%3E%3Ccc%3Alicense%20rdf%3Aresource%3D%22https%3A%2F%2Fbottts.com%2F%22%20%2F%3E%3C%2Fcc%3AWork%3E%3C%2Frdf%3ARDF%3E%3C%2Fmetadata%3E%3Cmask%20id%3D%22viewboxMask%22%3E%3Crect%20width%3D%22120%22%20height%3D%22120%22%20rx%3D%220%22%20ry%3D%220%22%20x%3D%220%22%20y%3D%220%22%20fill%3D%22%23fff%22%20%2F%3E%3C%2Fmask%3E%3Cg%20mask%3D%22url(%23viewboxMask)%22%3E%3Crect%20fill%3D%22%2300acc1%22%20width%3D%22120%22%20height%3D%22120%22%20x%3D%220%22%20y%3D%220%22%20%2F%3E%3Cg%20transform%3D%22translate(22%2068)%22%3E%3Crect%20x%3D%2224%22%20y%3D%226%22%20width%3D%2227%22%20height%3D%228%22%20rx%3D%224%22%20fill%3D%22%23000%22%20fill-opacity%3D%22.8%22%2F%3E%3C%2Fg%3E%3Cg%20transform%3D%22translate(8%2020)%22%3E%3Cpath%20d%3D%22m18%2019%2012-2M20%2031c0-3.31%202.9-6%207-6%203.1%200%206%202.69%206%206M86%2020l-12-3M84%2031c0-3.31-2.9-6-6-6-4.1%200-7%202.69-7%206%22%20stroke%3D%22%23000%22%20stroke-width%3D%224%22%20stroke-linecap%3D%22round%22%20stroke-linejoin%3D%22round%22%2F%3E%3C%2Fg%3E%3C%2Fg%3E%3C%2Fsvg%3E	Vivien Phelps	$argon2id$v=19$m=65536,t=3,p=4$ObAGO/GYyG+S2srTUFTETw$1ri3bXv+jqo4+K1LQ6HgolyekCt3tshbKGZ55nzewN0	2023-12-08 06:39:31.000524+00	xulofu
2023-12-08 06:39:54.120394+00	cexa@mailinator.com	\N	user-clpw9bwpg000108jsbh0phfpz	data:image/svg+xml;utf8,%3Csvg%20xmlns%3D%22http%3A%2F%2Fwww.w3.org%2F2000%2Fsvg%22%20viewBox%3D%220%200%20120%20120%22%20fill%3D%22none%22%20shape-rendering%3D%22auto%22%3E%3Cdesc%3E%22Bottts%22%20by%20%22Pablo%20Stanley%22%2C%20licensed%20under%20%22Free%20for%20personal%20and%20commercial%20use%22.%20%2F%20Remix%20of%20the%20original.%20-%20Created%20with%20dicebear.com%3C%2Fdesc%3E%3Cmetadata%20xmlns%3Adc%3D%22http%3A%2F%2Fpurl.org%2Fdc%2Felements%2F1.1%2F%22%20xmlns%3Acc%3D%22http%3A%2F%2Fcreativecommons.org%2Fns%23%22%20xmlns%3Ardf%3D%22http%3A%2F%2Fwww.w3.org%2F1999%2F02%2F22-rdf-syntax-ns%23%22%3E%3Crdf%3ARDF%3E%3Ccc%3AWork%3E%3Cdc%3Atitle%3EBottts%3C%2Fdc%3Atitle%3E%3Cdc%3Acreator%3E%3Ccc%3AAgent%20rdf%3Aabout%3D%22https%3A%2F%2Ftwitter.com%2Fpablostanley%22%3E%3Cdc%3Atitle%3EPablo%20Stanley%3C%2Fdc%3Atitle%3E%3C%2Fcc%3AAgent%3E%3C%2Fdc%3Acreator%3E%3Cdc%3Asource%3Ehttps%3A%2F%2Fbottts.com%2F%3C%2Fdc%3Asource%3E%3Ccc%3Alicense%20rdf%3Aresource%3D%22https%3A%2F%2Fbottts.com%2F%22%20%2F%3E%3C%2Fcc%3AWork%3E%3C%2Frdf%3ARDF%3E%3C%2Fmetadata%3E%3Cmask%20id%3D%22viewboxMask%22%3E%3Crect%20width%3D%22120%22%20height%3D%22120%22%20rx%3D%220%22%20ry%3D%220%22%20x%3D%220%22%20y%3D%220%22%20fill%3D%22%23fff%22%20%2F%3E%3C%2Fmask%3E%3Cg%20mask%3D%22url(%23viewboxMask)%22%3E%3Crect%20fill%3D%22%23ffb300%22%20width%3D%22120%22%20height%3D%22120%22%20x%3D%220%22%20y%3D%220%22%20%2F%3E%3Cg%20transform%3D%22translate(22%2068)%22%3E%3Crect%20x%3D%2216%22%20y%3D%228%22%20width%3D%2244%22%20height%3D%224%22%20rx%3D%222%22%20fill%3D%22%23000%22%20fill-opacity%3D%22.8%22%2F%3E%3C%2Fg%3E%3Cg%20transform%3D%22translate(8%2020)%22%3E%3Cg%20fill%3D%22%23fff%22%3E%3Ccircle%20cx%3D%2224%22%20cy%3D%2230%22%20r%3D%226%22%2F%3E%3Ccircle%20cx%3D%2280%22%20cy%3D%2230%22%20r%3D%226%22%2F%3E%3C%2Fg%3E%3C%2Fg%3E%3C%2Fg%3E%3C%2Fsvg%3E	McKenzie Ferguson	$argon2id$v=19$m=65536,t=3,p=4$XWOb0gIpyG6hPSPLBnwJPA$TlM8s3Bbuuj0vd48OF2eAZrUIlj4VEqH5jpQKbcrRyY	2023-12-08 06:39:54.120394+00	sapipitan
2023-12-08 09:46:14.467256+00	jukomako@mail.com	\N	user-clpwfzjix000008ld68vt8ili	data:image/svg+xml;utf8,%3Csvg%20xmlns%3D%22http%3A%2F%2Fwww.w3.org%2F2000%2Fsvg%22%20viewBox%3D%220%200%20120%20120%22%20fill%3D%22none%22%20shape-rendering%3D%22auto%22%3E%3Cdesc%3E%22Bottts%22%20by%20%22Pablo%20Stanley%22%2C%20licensed%20under%20%22Free%20for%20personal%20and%20commercial%20use%22.%20%2F%20Remix%20of%20the%20original.%20-%20Created%20with%20dicebear.com%3C%2Fdesc%3E%3Cmetadata%20xmlns%3Adc%3D%22http%3A%2F%2Fpurl.org%2Fdc%2Felements%2F1.1%2F%22%20xmlns%3Acc%3D%22http%3A%2F%2Fcreativecommons.org%2Fns%23%22%20xmlns%3Ardf%3D%22http%3A%2F%2Fwww.w3.org%2F1999%2F02%2F22-rdf-syntax-ns%23%22%3E%3Crdf%3ARDF%3E%3Ccc%3AWork%3E%3Cdc%3Atitle%3EBottts%3C%2Fdc%3Atitle%3E%3Cdc%3Acreator%3E%3Ccc%3AAgent%20rdf%3Aabout%3D%22https%3A%2F%2Ftwitter.com%2Fpablostanley%22%3E%3Cdc%3Atitle%3EPablo%20Stanley%3C%2Fdc%3Atitle%3E%3C%2Fcc%3AAgent%3E%3C%2Fdc%3Acreator%3E%3Cdc%3Asource%3Ehttps%3A%2F%2Fbottts.com%2F%3C%2Fdc%3Asource%3E%3Ccc%3Alicense%20rdf%3Aresource%3D%22https%3A%2F%2Fbottts.com%2F%22%20%2F%3E%3C%2Fcc%3AWork%3E%3C%2Frdf%3ARDF%3E%3C%2Fmetadata%3E%3Cmask%20id%3D%22viewboxMask%22%3E%3Crect%20width%3D%22120%22%20height%3D%22120%22%20rx%3D%220%22%20ry%3D%220%22%20x%3D%220%22%20y%3D%220%22%20fill%3D%22%23fff%22%20%2F%3E%3C%2Fmask%3E%3Cg%20mask%3D%22url(%23viewboxMask)%22%3E%3Crect%20fill%3D%22%23ffb300%22%20width%3D%22120%22%20height%3D%22120%22%20x%3D%220%22%20y%3D%220%22%20%2F%3E%3Cg%20transform%3D%22translate(22%2068)%22%3E%3Crect%20x%3D%224%22%20y%3D%225%22%20width%3D%2268%22%20height%3D%2222%22%20rx%3D%225%22%20fill%3D%22%23000%22%20fill-opacity%3D%22.2%22%2F%3E%3Crect%20x%3D%228%22%20y%3D%229%22%20width%3D%2260%22%20height%3D%2214%22%20rx%3D%222%22%20fill%3D%22%23000%22%20fill-opacity%3D%22.6%22%2F%3E%3Cpath%20fill-rule%3D%22evenodd%22%20clip-rule%3D%22evenodd%22%20d%3D%22m20%2017%206-8H14l6%208ZM32%2017l6-8H26l6%208ZM44%2017l6-8H38l6%208ZM56%2017l6-8H50l6%208Z%22%20fill%3D%22%23E1E6E8%22%2F%3E%3C%2Fg%3E%3Cg%20transform%3D%22translate(8%2020)%22%3E%3Cpath%20d%3D%22m25%2027.2%205.5%205.5c.5.4%201.2.4%201.6%200l1.6-1.6c.4-.5.4-1.2%200-1.6L28.2%2024l5.5-5.5c.4-.5.4-1.2%200-1.6l-1.6-1.6c-.5-.4-1.2-.4-1.6%200L25%2020.8l-5.5-5.5c-.5-.4-1.2-.4-1.6%200l-1.6%201.6c-.4.4-.4%201.1%200%201.6l5.5%205.5-5.5%205.5c-.4.5-.4%201.2%200%201.6l1.6%201.6c.5.4%201.2.4%201.6%200l5.5-5.5ZM79%2027.2l5.5%205.5c.5.4%201.2.4%201.6%200l1.6-1.6c.4-.5.4-1.2%200-1.6L82.2%2024l5.5-5.5c.4-.5.4-1.2%200-1.6l-1.6-1.6c-.5-.4-1.2-.4-1.6%200L79%2020.8l-5.5-5.5c-.5-.4-1.2-.4-1.6%200l-1.6%201.6c-.4.4-.4%201.1%200%201.6l5.5%205.5-5.5%205.5c-.4.5-.4%201.2%200%201.6l1.6%201.6c.5.4%201.2.4%201.6%200l5.5-5.5Z%22%20fill%3D%22%23000%22%20fill-opacity%3D%22.8%22%2F%3E%3C%2Fg%3E%3C%2Fg%3E%3C%2Fsvg%3E	juko mako	$argon2id$v=19$m=65536,t=3,p=4$HpxSH4LbKuZGHuijdcfStA$nZYT6MiTMVGt+4vG3Qr/TvzoSJNpl000SP5jvWkIqs0	2023-12-08 09:46:14.467256+00	jukomako
2023-12-08 10:15:52.592701+00	rangga7765@gmail.com	\N	user-clpwh1nj4000308jz1paod52t	data:image/svg+xml;utf8,%3Csvg%20xmlns%3D%22http%3A%2F%2Fwww.w3.org%2F2000%2Fsvg%22%20viewBox%3D%220%200%20120%20120%22%20fill%3D%22none%22%20shape-rendering%3D%22auto%22%3E%3Cdesc%3E%22Bottts%22%20by%20%22Pablo%20Stanley%22%2C%20licensed%20under%20%22Free%20for%20personal%20and%20commercial%20use%22.%20%2F%20Remix%20of%20the%20original.%20-%20Created%20with%20dicebear.com%3C%2Fdesc%3E%3Cmetadata%20xmlns%3Adc%3D%22http%3A%2F%2Fpurl.org%2Fdc%2Felements%2F1.1%2F%22%20xmlns%3Acc%3D%22http%3A%2F%2Fcreativecommons.org%2Fns%23%22%20xmlns%3Ardf%3D%22http%3A%2F%2Fwww.w3.org%2F1999%2F02%2F22-rdf-syntax-ns%23%22%3E%3Crdf%3ARDF%3E%3Ccc%3AWork%3E%3Cdc%3Atitle%3EBottts%3C%2Fdc%3Atitle%3E%3Cdc%3Acreator%3E%3Ccc%3AAgent%20rdf%3Aabout%3D%22https%3A%2F%2Ftwitter.com%2Fpablostanley%22%3E%3Cdc%3Atitle%3EPablo%20Stanley%3C%2Fdc%3Atitle%3E%3C%2Fcc%3AAgent%3E%3C%2Fdc%3Acreator%3E%3Cdc%3Asource%3Ehttps%3A%2F%2Fbottts.com%2F%3C%2Fdc%3Asource%3E%3Ccc%3Alicense%20rdf%3Aresource%3D%22https%3A%2F%2Fbottts.com%2F%22%20%2F%3E%3C%2Fcc%3AWork%3E%3C%2Frdf%3ARDF%3E%3C%2Fmetadata%3E%3Cmask%20id%3D%22viewboxMask%22%3E%3Crect%20width%3D%22120%22%20height%3D%22120%22%20rx%3D%220%22%20ry%3D%220%22%20x%3D%220%22%20y%3D%220%22%20fill%3D%22%23fff%22%20%2F%3E%3C%2Fmask%3E%3Cg%20mask%3D%22url(%23viewboxMask)%22%3E%3Crect%20fill%3D%22%23ffb300%22%20width%3D%22120%22%20height%3D%22120%22%20x%3D%220%22%20y%3D%220%22%20%2F%3E%3Cg%20transform%3D%22translate(22%2068)%22%3E%3Crect%20x%3D%2216%22%20y%3D%228%22%20width%3D%2244%22%20height%3D%224%22%20rx%3D%222%22%20fill%3D%22%23000%22%20fill-opacity%3D%22.8%22%2F%3E%3C%2Fg%3E%3Cg%20transform%3D%22translate(8%2020)%22%3E%3Ccircle%20cx%3D%2228%22%20cy%3D%2224%22%20r%3D%2218%22%20fill%3D%22%23000%22%20fill-opacity%3D%22.2%22%2F%3E%3Ccircle%20cx%3D%2274%22%20cy%3D%2224%22%20r%3D%2218%22%20fill%3D%22%23000%22%20fill-opacity%3D%22.2%22%2F%3E%3Ccircle%20cx%3D%2228%22%20cy%3D%2224%22%20r%3D%2215%22%20fill%3D%22%23F1EEDA%22%2F%3E%3Ccircle%20cx%3D%2274%22%20cy%3D%2224%22%20r%3D%2215%22%20fill%3D%22%23F1EEDA%22%2F%3E%3Crect%20x%3D%2226%22%20y%3D%2215%22%20width%3D%2210%22%20height%3D%2210%22%20rx%3D%222%22%20fill%3D%22%23000%22%20fill-opacity%3D%22.8%22%2F%3E%3Crect%20x%3D%2274%22%20y%3D%2215%22%20width%3D%2210%22%20height%3D%2210%22%20rx%3D%222%22%20fill%3D%22%23000%22%20fill-opacity%3D%22.8%22%2F%3E%3C%2Fg%3E%3C%2Fg%3E%3C%2Fsvg%3E	Rangga Dimas	$argon2id$v=19$m=65536,t=3,p=4$/oAx/2wJOkE7U4OP5Egk9w$p4vFMXPglZGM++xSd3lYf6a70sxIqHR1Cmw6IDkOaTM	2023-12-08 10:15:52.592701+00	ranggadimas22
2023-12-14 03:08:36.002518+00	bahangratis@gmail.com	\N	user-clq4mfa89000008jj9v138j9u	data:image/svg+xml;utf8,%3Csvg%20xmlns%3D%22http%3A%2F%2Fwww.w3.org%2F2000%2Fsvg%22%20viewBox%3D%220%200%20120%20120%22%20fill%3D%22none%22%20shape-rendering%3D%22auto%22%3E%3Cdesc%3E%22Bottts%22%20by%20%22Pablo%20Stanley%22%2C%20licensed%20under%20%22Free%20for%20personal%20and%20commercial%20use%22.%20%2F%20Remix%20of%20the%20original.%20-%20Created%20with%20dicebear.com%3C%2Fdesc%3E%3Cmetadata%20xmlns%3Adc%3D%22http%3A%2F%2Fpurl.org%2Fdc%2Felements%2F1.1%2F%22%20xmlns%3Acc%3D%22http%3A%2F%2Fcreativecommons.org%2Fns%23%22%20xmlns%3Ardf%3D%22http%3A%2F%2Fwww.w3.org%2F1999%2F02%2F22-rdf-syntax-ns%23%22%3E%3Crdf%3ARDF%3E%3Ccc%3AWork%3E%3Cdc%3Atitle%3EBottts%3C%2Fdc%3Atitle%3E%3Cdc%3Acreator%3E%3Ccc%3AAgent%20rdf%3Aabout%3D%22https%3A%2F%2Ftwitter.com%2Fpablostanley%22%3E%3Cdc%3Atitle%3EPablo%20Stanley%3C%2Fdc%3Atitle%3E%3C%2Fcc%3AAgent%3E%3C%2Fdc%3Acreator%3E%3Cdc%3Asource%3Ehttps%3A%2F%2Fbottts.com%2F%3C%2Fdc%3Asource%3E%3Ccc%3Alicense%20rdf%3Aresource%3D%22https%3A%2F%2Fbottts.com%2F%22%20%2F%3E%3C%2Fcc%3AWork%3E%3C%2Frdf%3ARDF%3E%3C%2Fmetadata%3E%3Cmask%20id%3D%22viewboxMask%22%3E%3Crect%20width%3D%22120%22%20height%3D%22120%22%20rx%3D%220%22%20ry%3D%220%22%20x%3D%220%22%20y%3D%220%22%20fill%3D%22%23fff%22%20%2F%3E%3C%2Fmask%3E%3Cg%20mask%3D%22url(%23viewboxMask)%22%3E%3Crect%20fill%3D%22%23ffb300%22%20width%3D%22120%22%20height%3D%22120%22%20x%3D%220%22%20y%3D%220%22%20%2F%3E%3Cg%20transform%3D%22translate(22%2068)%22%3E%3Crect%20x%3D%224%22%20y%3D%225%22%20width%3D%2268%22%20height%3D%2222%22%20rx%3D%225%22%20fill%3D%22%23000%22%20fill-opacity%3D%22.2%22%2F%3E%3Crect%20x%3D%228%22%20y%3D%229%22%20width%3D%2260%22%20height%3D%2214%22%20rx%3D%222%22%20fill%3D%22%23000%22%20fill-opacity%3D%22.6%22%2F%3E%3Cpath%20fill-rule%3D%22evenodd%22%20clip-rule%3D%22evenodd%22%20d%3D%22m20%2017%206-8H14l6%208ZM32%2017l6-8H26l6%208ZM44%2017l6-8H38l6%208ZM56%2017l6-8H50l6%208Z%22%20fill%3D%22%23E1E6E8%22%2F%3E%3C%2Fg%3E%3Cg%20transform%3D%22translate(8%2020)%22%3E%3Cg%20fill%3D%22%23fff%22%3E%3Ccircle%20cx%3D%2221%22%20cy%3D%2230%22%20r%3D%2215%22%20fill-opacity%3D%22.1%22%2F%3E%3Ccircle%20cx%3D%2283%22%20cy%3D%2230%22%20r%3D%2215%22%20fill-opacity%3D%22.1%22%2F%3E%3Ccircle%20cx%3D%2221%22%20cy%3D%2230%22%20r%3D%2212%22%20fill-opacity%3D%22.1%22%2F%3E%3Ccircle%20cx%3D%2283%22%20cy%3D%2230%22%20r%3D%2212%22%20fill-opacity%3D%22.1%22%2F%3E%3Ccircle%20cx%3D%2221%22%20cy%3D%2230%22%20r%3D%226%22%20fill-opacity%3D%22.8%22%2F%3E%3Ccircle%20cx%3D%2283%22%20cy%3D%2230%22%20r%3D%226%22%20fill-opacity%3D%22.8%22%2F%3E%3Ccircle%20cx%3D%2221%22%20cy%3D%2230%22%20r%3D%223%22%20fill-opacity%3D%22.8%22%2F%3E%3Ccircle%20cx%3D%2283%22%20cy%3D%2230%22%20r%3D%223%22%20fill-opacity%3D%22.8%22%2F%3E%3C%2Fg%3E%3C%2Fg%3E%3C%2Fg%3E%3C%2Fsvg%3E	N S	$argon2id$v=19$m=65536,t=3,p=4$bXkCER8YY2TUNsmNWf5d7A$grQDsxfowRdgKYQOhvrA2hE5fntEfQSN1/Z0UbZ6g68	2023-12-14 03:08:36.002518+00	nsart
2023-12-14 04:48:12.877566+00	ecbaweanedu@gmail.com	\N	user-clq4pzdzs000008jvaryuhyt0	https://lh3.googleusercontent.com/a/ACg8ocLIr4Np4x9bMklV9tmV8EyYxNmnRB01rSOo3LC3ngeOQA=s96-c	ec baweanedu	google	2023-12-14 04:48:12.877566+00	ecbaweanedu
2023-12-14 07:43:38.52084+00	nadiyyanfirdausa31@gmail.com	\N	user-clq4w8zmr000208jr3unhghn9	https://lh3.googleusercontent.com/a/ACg8ocIMzx0MU1z13UaqHDOGhwws0ZbC9iXJ5GdzuhG1Xp7VMgU=s96-c	Nadiyyan Firdausa	google	2023-12-14 07:43:38.52084+00	nadiyyanfirdausa31
2023-12-14 09:54:05.590505+00	deheryantocorp@gmail.com	\N	user-clq50wr1d000408l4cvx31313	https://lh3.googleusercontent.com/a/ACg8ocIIs9TGIU-ixleyLEBakkhPXa8i638wvB9hpAHY0NKx=s96-c	dede heryanto	google	2023-12-14 09:54:05.590505+00	deheryantocorp
2023-12-14 13:52:26.800423+00	raisyaszhr@gmail.com	\N	user-clq59f9x6000108jvh5vu90ht	data:image/svg+xml;utf8,%3Csvg%20xmlns%3D%22http%3A%2F%2Fwww.w3.org%2F2000%2Fsvg%22%20viewBox%3D%220%200%20120%20120%22%20fill%3D%22none%22%20shape-rendering%3D%22auto%22%3E%3Cdesc%3E%22Bottts%22%20by%20%22Pablo%20Stanley%22%2C%20licensed%20under%20%22Free%20for%20personal%20and%20commercial%20use%22.%20%2F%20Remix%20of%20the%20original.%20-%20Created%20with%20dicebear.com%3C%2Fdesc%3E%3Cmetadata%20xmlns%3Adc%3D%22http%3A%2F%2Fpurl.org%2Fdc%2Felements%2F1.1%2F%22%20xmlns%3Acc%3D%22http%3A%2F%2Fcreativecommons.org%2Fns%23%22%20xmlns%3Ardf%3D%22http%3A%2F%2Fwww.w3.org%2F1999%2F02%2F22-rdf-syntax-ns%23%22%3E%3Crdf%3ARDF%3E%3Ccc%3AWork%3E%3Cdc%3Atitle%3EBottts%3C%2Fdc%3Atitle%3E%3Cdc%3Acreator%3E%3Ccc%3AAgent%20rdf%3Aabout%3D%22https%3A%2F%2Ftwitter.com%2Fpablostanley%22%3E%3Cdc%3Atitle%3EPablo%20Stanley%3C%2Fdc%3Atitle%3E%3C%2Fcc%3AAgent%3E%3C%2Fdc%3Acreator%3E%3Cdc%3Asource%3Ehttps%3A%2F%2Fbottts.com%2F%3C%2Fdc%3Asource%3E%3Ccc%3Alicense%20rdf%3Aresource%3D%22https%3A%2F%2Fbottts.com%2F%22%20%2F%3E%3C%2Fcc%3AWork%3E%3C%2Frdf%3ARDF%3E%3C%2Fmetadata%3E%3Cmask%20id%3D%22viewboxMask%22%3E%3Crect%20width%3D%22120%22%20height%3D%22120%22%20rx%3D%220%22%20ry%3D%220%22%20x%3D%220%22%20y%3D%220%22%20fill%3D%22%23fff%22%20%2F%3E%3C%2Fmask%3E%3Cg%20mask%3D%22url(%23viewboxMask)%22%3E%3Crect%20fill%3D%22%231e88e5%22%20width%3D%22120%22%20height%3D%22120%22%20x%3D%220%22%20y%3D%220%22%20%2F%3E%3Cg%20transform%3D%22translate(22%2068)%22%3E%3Crect%20x%3D%2216%22%20y%3D%228%22%20width%3D%2244%22%20height%3D%224%22%20rx%3D%222%22%20fill%3D%22%23000%22%20fill-opacity%3D%22.8%22%2F%3E%3C%2Fg%3E%3Cg%20transform%3D%22translate(8%2020)%22%3E%3Crect%20x%3D%227%22%20y%3D%2216%22%20width%3D%2291%22%20height%3D%2216%22%20rx%3D%224%22%20fill%3D%22%23000%22%20fill-opacity%3D%22.8%22%2F%3E%3Cmask%20id%3D%22eyesRobocop-a%22%20style%3D%22mask-type%3Aluminance%22%20maskUnits%3D%22userSpaceOnUse%22%20x%3D%227%22%20y%3D%2216%22%20width%3D%2291%22%20height%3D%2216%22%3E%3Crect%20x%3D%227%22%20y%3D%2216%22%20width%3D%2291%22%20height%3D%2216%22%20rx%3D%224%22%20fill%3D%22%23fff%22%2F%3E%3C%2Fmask%3E%3Cg%20mask%3D%22url(%23eyesRobocop-a)%22%20fill-rule%3D%22evenodd%22%20clip-rule%3D%22evenodd%22%20fill%3D%22%23fff%22%20fill-opacity%3D%22.8%22%3E%3Cpath%20d%3D%22M76%207h18L82%2037H64L76%207ZM52%207h9L49%2037h-9L52%207Z%22%2F%3E%3C%2Fg%3E%3C%2Fg%3E%3C%2Fg%3E%3C%2Fsvg%3E	syafira zahra	$argon2id$v=19$m=65536,t=3,p=4$eAhSUkM7+IS/Ywlf/73TPQ$5YyuMzV58xZVSPyoHcFGgUJmjz3GS+WNkEQRLSBI8vc	2023-12-14 13:52:26.800423+00	syafza
2023-12-14 16:56:19.562019+00	tanjung7720@gmail.com	\N	user-clq5fzqv2000008jlce3jcuxu	https://lh3.googleusercontent.com/a/ACg8ocKaTWnxBEIgZycDoO61NATzGf_9a7dMz4vKBpWlCYuau10=s96-c	Arjuna Tanjung	google	2023-12-14 16:56:19.562019+00	tanjung7720
2023-12-15 04:21:10.355596+00	adics631@gmail.com	\N	user-clq64ggp6000008jn9y83237q	https://lh3.googleusercontent.com/a/ACg8ocICXXb0d_zcpzp118f4e8_zs8ikGU6lPt_EfKq1XdKAI-Y=s96-c	Adi	google	2023-12-15 04:21:10.355596+00	adics631
2023-12-15 05:20:37.774496+00	mabamasihpemulateam@gmail.com	\N	user-clq66kxd2000008js98hyf8vs	https://lh3.googleusercontent.com/a/ACg8ocKoUSRNWK-qvG_8sVHD_iNOCnGzujrOl0dPJDWTr1gf=s96-c	MABA MASIH PEMULA TEAM	google	2023-12-15 05:20:37.774496+00	mabamasihpemulateam
2023-12-15 13:49:42.48474+00	hanifry@gmail.com	\N	user-clq6orlsu000008igfa771l4f	data:image/svg+xml;utf8,%3Csvg%20xmlns%3D%22http%3A%2F%2Fwww.w3.org%2F2000%2Fsvg%22%20viewBox%3D%220%200%20120%20120%22%20fill%3D%22none%22%20shape-rendering%3D%22auto%22%3E%3Cdesc%3E%22Bottts%22%20by%20%22Pablo%20Stanley%22%2C%20licensed%20under%20%22Free%20for%20personal%20and%20commercial%20use%22.%20%2F%20Remix%20of%20the%20original.%20-%20Created%20with%20dicebear.com%3C%2Fdesc%3E%3Cmetadata%20xmlns%3Adc%3D%22http%3A%2F%2Fpurl.org%2Fdc%2Felements%2F1.1%2F%22%20xmlns%3Acc%3D%22http%3A%2F%2Fcreativecommons.org%2Fns%23%22%20xmlns%3Ardf%3D%22http%3A%2F%2Fwww.w3.org%2F1999%2F02%2F22-rdf-syntax-ns%23%22%3E%3Crdf%3ARDF%3E%3Ccc%3AWork%3E%3Cdc%3Atitle%3EBottts%3C%2Fdc%3Atitle%3E%3Cdc%3Acreator%3E%3Ccc%3AAgent%20rdf%3Aabout%3D%22https%3A%2F%2Ftwitter.com%2Fpablostanley%22%3E%3Cdc%3Atitle%3EPablo%20Stanley%3C%2Fdc%3Atitle%3E%3C%2Fcc%3AAgent%3E%3C%2Fdc%3Acreator%3E%3Cdc%3Asource%3Ehttps%3A%2F%2Fbottts.com%2F%3C%2Fdc%3Asource%3E%3Ccc%3Alicense%20rdf%3Aresource%3D%22https%3A%2F%2Fbottts.com%2F%22%20%2F%3E%3C%2Fcc%3AWork%3E%3C%2Frdf%3ARDF%3E%3C%2Fmetadata%3E%3Cmask%20id%3D%22viewboxMask%22%3E%3Crect%20width%3D%22120%22%20height%3D%22120%22%20rx%3D%220%22%20ry%3D%220%22%20x%3D%220%22%20y%3D%220%22%20fill%3D%22%23fff%22%20%2F%3E%3C%2Fmask%3E%3Cg%20mask%3D%22url(%23viewboxMask)%22%3E%3Crect%20fill%3D%22%23ffb300%22%20width%3D%22120%22%20height%3D%22120%22%20x%3D%220%22%20y%3D%220%22%20%2F%3E%3Cg%20transform%3D%22translate(22%2068)%22%3E%3Cg%20fill%3D%22%23000%22%20fill-opacity%3D%22.6%22%3E%3Crect%20x%3D%2212%22%20y%3D%2212%22%20width%3D%224%22%20height%3D%228%22%20rx%3D%222%22%2F%3E%3Crect%20x%3D%2236%22%20y%3D%2212%22%20width%3D%224%22%20height%3D%228%22%20rx%3D%222%22%2F%3E%3Crect%20x%3D%2224%22%20y%3D%2212%22%20width%3D%224%22%20height%3D%228%22%20rx%3D%222%22%2F%3E%3Crect%20x%3D%2248%22%20y%3D%2212%22%20width%3D%224%22%20height%3D%228%22%20rx%3D%222%22%2F%3E%3Crect%20x%3D%2260%22%20y%3D%2212%22%20width%3D%224%22%20height%3D%228%22%20rx%3D%222%22%2F%3E%3C%2Fg%3E%3C%2Fg%3E%3Cg%20transform%3D%22translate(8%2020)%22%3E%3Crect%20x%3D%228%22%20y%3D%2210%22%20width%3D%2288%22%20height%3D%2236%22%20rx%3D%224%22%20fill%3D%22%23000%22%20fill-opacity%3D%22.8%22%2F%3E%3Crect%20x%3D%2228%22%20y%3D%2221%22%20width%3D%2210%22%20height%3D%2217%22%20rx%3D%222%22%20fill%3D%22%235EF2B8%22%2F%3E%3Crect%20x%3D%2266%22%20y%3D%2221%22%20width%3D%2210%22%20height%3D%2217%22%20rx%3D%222%22%20fill%3D%22%235EF2B8%22%2F%3E%3Cpath%20fill-rule%3D%22evenodd%22%20clip-rule%3D%22evenodd%22%20d%3D%22M83%2010h5L76%2046h-5l12-36Z%22%20fill%3D%22%23fff%22%20fill-opacity%3D%22.4%22%2F%3E%3C%2Fg%3E%3C%2Fg%3E%3C%2Fsvg%3E	hanif ridho	$argon2id$v=19$m=65536,t=3,p=4$dYvaSvM4Ap7DUCCA4F6Z8A$Mzrp3j8lB3t6OZ3Iq8KRW+gl9e35TCWm/I9NXdDVWG8	2023-12-15 13:49:42.48474+00	hanif
2023-12-17 16:33:19.24027+00	mejahijau64@gmail.com	\N	user-clq9phpss000008l5ghrrfnm8	https://lh3.googleusercontent.com/a/ACg8ocJwz_2r_FgzFdQ3yOg-kUFuYDzWAw76zrtTPsG_1-h7=s96-c	Oki 1	google	2023-12-17 16:33:19.24027+00	mejahijau64
2023-12-19 00:55:49.663935+00	ssahira233@gmail.com	\N	user-clqbmvsop000008l704gz84w3	https://lh3.googleusercontent.com/a/ACg8ocLDCtGf-RTOrasD9EfKpJJISNb7EUyUYZ7kPzMZ8jPhZQ=s96-c	Sahira Salma	google	2023-12-19 00:55:49.663935+00	ssahira233
2023-12-19 14:49:05.009963+00	insyaallahbahagia.666@gmail.com	\N	user-clqcgndbz000009l14t160hoj	https://lh3.googleusercontent.com/a/ACg8ocJdsMooxgk9-SlZxixuRkckVM__07GPTLXD2TrAvRacUQ=s96-c	M. Ihsan Rizaldi	google	2023-12-19 14:49:05.009963+00	insyaallahbahagia666
2023-12-19 14:50:22.915304+00	BantengBadut.212@gmail.com	\N	user-clqcgp1fz000109l16a79cl6r	data:image/svg+xml;utf8,%3Csvg%20xmlns%3D%22http%3A%2F%2Fwww.w3.org%2F2000%2Fsvg%22%20viewBox%3D%220%200%20120%20120%22%20fill%3D%22none%22%20shape-rendering%3D%22auto%22%3E%3Cdesc%3E%22Bottts%22%20by%20%22Pablo%20Stanley%22%2C%20licensed%20under%20%22Free%20for%20personal%20and%20commercial%20use%22.%20%2F%20Remix%20of%20the%20original.%20-%20Created%20with%20dicebear.com%3C%2Fdesc%3E%3Cmetadata%20xmlns%3Adc%3D%22http%3A%2F%2Fpurl.org%2Fdc%2Felements%2F1.1%2F%22%20xmlns%3Acc%3D%22http%3A%2F%2Fcreativecommons.org%2Fns%23%22%20xmlns%3Ardf%3D%22http%3A%2F%2Fwww.w3.org%2F1999%2F02%2F22-rdf-syntax-ns%23%22%3E%3Crdf%3ARDF%3E%3Ccc%3AWork%3E%3Cdc%3Atitle%3EBottts%3C%2Fdc%3Atitle%3E%3Cdc%3Acreator%3E%3Ccc%3AAgent%20rdf%3Aabout%3D%22https%3A%2F%2Ftwitter.com%2Fpablostanley%22%3E%3Cdc%3Atitle%3EPablo%20Stanley%3C%2Fdc%3Atitle%3E%3C%2Fcc%3AAgent%3E%3C%2Fdc%3Acreator%3E%3Cdc%3Asource%3Ehttps%3A%2F%2Fbottts.com%2F%3C%2Fdc%3Asource%3E%3Ccc%3Alicense%20rdf%3Aresource%3D%22https%3A%2F%2Fbottts.com%2F%22%20%2F%3E%3C%2Fcc%3AWork%3E%3C%2Frdf%3ARDF%3E%3C%2Fmetadata%3E%3Cmask%20id%3D%22viewboxMask%22%3E%3Crect%20width%3D%22120%22%20height%3D%22120%22%20rx%3D%220%22%20ry%3D%220%22%20x%3D%220%22%20y%3D%220%22%20fill%3D%22%23fff%22%20%2F%3E%3C%2Fmask%3E%3Cg%20mask%3D%22url(%23viewboxMask)%22%3E%3Crect%20fill%3D%22%23ffb300%22%20width%3D%22120%22%20height%3D%22120%22%20x%3D%220%22%20y%3D%220%22%20%2F%3E%3Cg%20transform%3D%22translate(22%2068)%22%3E%3Cg%20fill%3D%22%23000%22%20fill-opacity%3D%22.6%22%3E%3Crect%20x%3D%2212%22%20y%3D%2212%22%20width%3D%224%22%20height%3D%228%22%20rx%3D%222%22%2F%3E%3Crect%20x%3D%2236%22%20y%3D%2212%22%20width%3D%224%22%20height%3D%228%22%20rx%3D%222%22%2F%3E%3Crect%20x%3D%2224%22%20y%3D%2212%22%20width%3D%224%22%20height%3D%228%22%20rx%3D%222%22%2F%3E%3Crect%20x%3D%2248%22%20y%3D%2212%22%20width%3D%224%22%20height%3D%228%22%20rx%3D%222%22%2F%3E%3Crect%20x%3D%2260%22%20y%3D%2212%22%20width%3D%224%22%20height%3D%228%22%20rx%3D%222%22%2F%3E%3C%2Fg%3E%3C%2Fg%3E%3Cg%20transform%3D%22translate(8%2020)%22%3E%3Cpath%20d%3D%22m25%2027.2%205.5%205.5c.5.4%201.2.4%201.6%200l1.6-1.6c.4-.5.4-1.2%200-1.6L28.2%2024l5.5-5.5c.4-.5.4-1.2%200-1.6l-1.6-1.6c-.5-.4-1.2-.4-1.6%200L25%2020.8l-5.5-5.5c-.5-.4-1.2-.4-1.6%200l-1.6%201.6c-.4.4-.4%201.1%200%201.6l5.5%205.5-5.5%205.5c-.4.5-.4%201.2%200%201.6l1.6%201.6c.5.4%201.2.4%201.6%200l5.5-5.5ZM79%2027.2l5.5%205.5c.5.4%201.2.4%201.6%200l1.6-1.6c.4-.5.4-1.2%200-1.6L82.2%2024l5.5-5.5c.4-.5.4-1.2%200-1.6l-1.6-1.6c-.5-.4-1.2-.4-1.6%200L79%2020.8l-5.5-5.5c-.5-.4-1.2-.4-1.6%200l-1.6%201.6c-.4.4-.4%201.1%200%201.6l5.5%205.5-5.5%205.5c-.4.5-.4%201.2%200%201.6l1.6%201.6c.5.4%201.2.4%201.6%200l5.5-5.5Z%22%20fill%3D%22%23000%22%20fill-opacity%3D%22.8%22%2F%3E%3C%2Fg%3E%3C%2Fg%3E%3C%2Fsvg%3E	rizaldi ihsan	$argon2id$v=19$m=65536,t=3,p=4$hKgqnrbCLGPxWj7DIvEmkw$aBN5oqJpU4CGxSZ18a/1nkco41GeR+kjL7gT3Bnwxuc	2023-12-19 14:50:22.915304+00	ihsan123
2023-12-20 08:23:12.376773+00	letsgostudy08@gmail.com	\N	user-clqdiazbj000007jnbdmeejir	https://lh3.googleusercontent.com/a/ACg8ocKbBkR_GBV-bOQwbwhXGJxkfGeC6R4We1Z0vmAmEBtB=s96-c	Let's go Study	google	2023-12-20 08:23:12.376773+00	letsgostudy08
2023-12-20 08:23:24.855387+00	siapakata221@gmail.com	\N	user-clqdib8y6000107jn16c7hjd1	https://lh3.googleusercontent.com/a/ACg8ocJ3T1KpHGiDO0twsyr0G07IYNAisXmliIoehO6L7Qwx=s96-c	Kata Siapa	google	2023-12-20 08:23:24.855387+00	siapakata221
2023-12-22 15:08:56.609719+00	m.ilhamjaya1808@gmail.com	\N	user-clqgrogs0000009jraefz55go	data:image/svg+xml;utf8,%3Csvg%20xmlns%3D%22http%3A%2F%2Fwww.w3.org%2F2000%2Fsvg%22%20viewBox%3D%220%200%20120%20120%22%20fill%3D%22none%22%20shape-rendering%3D%22auto%22%3E%3Cdesc%3E%22Bottts%22%20by%20%22Pablo%20Stanley%22%2C%20licensed%20under%20%22Free%20for%20personal%20and%20commercial%20use%22.%20%2F%20Remix%20of%20the%20original.%20-%20Created%20with%20dicebear.com%3C%2Fdesc%3E%3Cmetadata%20xmlns%3Adc%3D%22http%3A%2F%2Fpurl.org%2Fdc%2Felements%2F1.1%2F%22%20xmlns%3Acc%3D%22http%3A%2F%2Fcreativecommons.org%2Fns%23%22%20xmlns%3Ardf%3D%22http%3A%2F%2Fwww.w3.org%2F1999%2F02%2F22-rdf-syntax-ns%23%22%3E%3Crdf%3ARDF%3E%3Ccc%3AWork%3E%3Cdc%3Atitle%3EBottts%3C%2Fdc%3Atitle%3E%3Cdc%3Acreator%3E%3Ccc%3AAgent%20rdf%3Aabout%3D%22https%3A%2F%2Ftwitter.com%2Fpablostanley%22%3E%3Cdc%3Atitle%3EPablo%20Stanley%3C%2Fdc%3Atitle%3E%3C%2Fcc%3AAgent%3E%3C%2Fdc%3Acreator%3E%3Cdc%3Asource%3Ehttps%3A%2F%2Fbottts.com%2F%3C%2Fdc%3Asource%3E%3Ccc%3Alicense%20rdf%3Aresource%3D%22https%3A%2F%2Fbottts.com%2F%22%20%2F%3E%3C%2Fcc%3AWork%3E%3C%2Frdf%3ARDF%3E%3C%2Fmetadata%3E%3Cmask%20id%3D%22viewboxMask%22%3E%3Crect%20width%3D%22120%22%20height%3D%22120%22%20rx%3D%220%22%20ry%3D%220%22%20x%3D%220%22%20y%3D%220%22%20fill%3D%22%23fff%22%20%2F%3E%3C%2Fmask%3E%3Cg%20mask%3D%22url(%23viewboxMask)%22%3E%3Crect%20fill%3D%22%238e24aa%22%20width%3D%22120%22%20height%3D%22120%22%20x%3D%220%22%20y%3D%220%22%20%2F%3E%3Cg%20transform%3D%22translate(22%2068)%22%3E%3Crect%20x%3D%2224%22%20y%3D%226%22%20width%3D%2227%22%20height%3D%228%22%20rx%3D%224%22%20fill%3D%22%23000%22%20fill-opacity%3D%22.8%22%2F%3E%3C%2Fg%3E%3Cg%20transform%3D%22translate(8%2020)%22%3E%3Cg%20fill-rule%3D%22evenodd%22%20clip-rule%3D%22evenodd%22%3E%3Cpath%20d%3D%22M53%200c34.75%200%2049%2017.47%2049%2031%200%2013.53-19.59%2017-49%2017-29.05%200-51-3.47-51-17S17.11%200%2053%200Z%22%20fill%3D%22%23000%22%20fill-opacity%3D%22.8%22%2F%3E%3Cpath%20d%3D%22M28.82%2034.65c-6.53-1.35-11.24-6.34-10.52-11.14.72-4.79%206.6-7.58%2013.12-6.23%206.53%201.36%2011.24%206.35%2010.52%2011.15-.72%204.8-6.6%207.59-13.12%206.23ZM75.42%2034.65c-6.52%201.36-12.4-1.43-13.12-6.23-.72-4.8%204-9.8%2010.52-11.15%206.52-1.35%2012.4%201.44%2013.12%206.24.72%204.81-4%209.8-10.52%2011.15Z%22%20fill%3D%22%2325A6F5%22%2F%3E%3C%2Fg%3E%3C%2Fg%3E%3C%2Fg%3E%3C%2Fsvg%3E	Muhammad Ilham Jaya	$argon2id$v=19$m=65536,t=3,p=4$DKqLe+ZkqcHvUeVvCtFrSQ$S2Lkhwuk2D5KyRzxzEyebjEjRXwIQdZRWRGI4/XYblQ	2023-12-22 15:08:56.609719+00	ilhamjaya08
2023-12-23 06:50:03.415171+00	mahdaniazahrah@gmail.com	\N	user-clqhpaqun000008jvau5bg363	data:image/svg+xml;utf8,%3Csvg%20xmlns%3D%22http%3A%2F%2Fwww.w3.org%2F2000%2Fsvg%22%20viewBox%3D%220%200%20120%20120%22%20fill%3D%22none%22%20shape-rendering%3D%22auto%22%3E%3Cdesc%3E%22Bottts%22%20by%20%22Pablo%20Stanley%22%2C%20licensed%20under%20%22Free%20for%20personal%20and%20commercial%20use%22.%20%2F%20Remix%20of%20the%20original.%20-%20Created%20with%20dicebear.com%3C%2Fdesc%3E%3Cmetadata%20xmlns%3Adc%3D%22http%3A%2F%2Fpurl.org%2Fdc%2Felements%2F1.1%2F%22%20xmlns%3Acc%3D%22http%3A%2F%2Fcreativecommons.org%2Fns%23%22%20xmlns%3Ardf%3D%22http%3A%2F%2Fwww.w3.org%2F1999%2F02%2F22-rdf-syntax-ns%23%22%3E%3Crdf%3ARDF%3E%3Ccc%3AWork%3E%3Cdc%3Atitle%3EBottts%3C%2Fdc%3Atitle%3E%3Cdc%3Acreator%3E%3Ccc%3AAgent%20rdf%3Aabout%3D%22https%3A%2F%2Ftwitter.com%2Fpablostanley%22%3E%3Cdc%3Atitle%3EPablo%20Stanley%3C%2Fdc%3Atitle%3E%3C%2Fcc%3AAgent%3E%3C%2Fdc%3Acreator%3E%3Cdc%3Asource%3Ehttps%3A%2F%2Fbottts.com%2F%3C%2Fdc%3Asource%3E%3Ccc%3Alicense%20rdf%3Aresource%3D%22https%3A%2F%2Fbottts.com%2F%22%20%2F%3E%3C%2Fcc%3AWork%3E%3C%2Frdf%3ARDF%3E%3C%2Fmetadata%3E%3Cmask%20id%3D%22viewboxMask%22%3E%3Crect%20width%3D%22120%22%20height%3D%22120%22%20rx%3D%220%22%20ry%3D%220%22%20x%3D%220%22%20y%3D%220%22%20fill%3D%22%23fff%22%20%2F%3E%3C%2Fmask%3E%3Cg%20mask%3D%22url(%23viewboxMask)%22%3E%3Crect%20fill%3D%22%23546e7a%22%20width%3D%22120%22%20height%3D%22120%22%20x%3D%220%22%20y%3D%220%22%20%2F%3E%3Cg%20transform%3D%22translate(22%2068)%22%3E%3Cpath%20d%3D%22M27.05%208.44a2%202%200%201%201%203.9-.88C31.72%2010.96%2034.4%2013%2038%2013c3.6%200%206.28-2.04%207.05-5.44a2%202%200%201%201%203.9.88C47.75%2013.7%2043.43%2017%2038%2017s-9.76-3.3-10.95-8.56Z%22%20fill%3D%22%23000%22%20fill-opacity%3D%22.6%22%2F%3E%3C%2Fg%3E%3Cg%20transform%3D%22translate(8%2020)%22%3E%3Cg%20fill%3D%22%23fff%22%3E%3Ccircle%20cx%3D%2224%22%20cy%3D%2230%22%20r%3D%226%22%2F%3E%3Ccircle%20cx%3D%2280%22%20cy%3D%2230%22%20r%3D%226%22%2F%3E%3C%2Fg%3E%3C%2Fg%3E%3C%2Fg%3E%3C%2Fsvg%3E	mahdania zahrah	$argon2id$v=19$m=65536,t=3,p=4$+WybV9SAZ2YJafVlmZQ1og$tdOerdXpH+Ma/Afg62dyldDB9xTf4POUxLUPmfze7V8	2023-12-23 06:50:03.415171+00	mahdaniazahrah
2023-12-24 16:37:33.181183+00	adjiem31@gmail.com	\N	user-clqjpq4e1000008l4734fcmym	https://lh3.googleusercontent.com/a/ACg8ocLJvz2gWffnhvftalJZApY6BNnougTY6Eu30YPcJimc4Qg=s96-c	Abui	google	2023-12-24 16:37:33.181183+00	adjiem31
2023-12-24 19:04:23.623831+00	nadiarachmawatixx@gmail.com	\N	user-clqjuyyjs000008kvavvf0lqt	data:image/svg+xml;utf8,%3Csvg%20xmlns%3D%22http%3A%2F%2Fwww.w3.org%2F2000%2Fsvg%22%20viewBox%3D%220%200%20120%20120%22%20fill%3D%22none%22%20shape-rendering%3D%22auto%22%3E%3Cdesc%3E%22Bottts%22%20by%20%22Pablo%20Stanley%22%2C%20licensed%20under%20%22Free%20for%20personal%20and%20commercial%20use%22.%20%2F%20Remix%20of%20the%20original.%20-%20Created%20with%20dicebear.com%3C%2Fdesc%3E%3Cmetadata%20xmlns%3Adc%3D%22http%3A%2F%2Fpurl.org%2Fdc%2Felements%2F1.1%2F%22%20xmlns%3Acc%3D%22http%3A%2F%2Fcreativecommons.org%2Fns%23%22%20xmlns%3Ardf%3D%22http%3A%2F%2Fwww.w3.org%2F1999%2F02%2F22-rdf-syntax-ns%23%22%3E%3Crdf%3ARDF%3E%3Ccc%3AWork%3E%3Cdc%3Atitle%3EBottts%3C%2Fdc%3Atitle%3E%3Cdc%3Acreator%3E%3Ccc%3AAgent%20rdf%3Aabout%3D%22https%3A%2F%2Ftwitter.com%2Fpablostanley%22%3E%3Cdc%3Atitle%3EPablo%20Stanley%3C%2Fdc%3Atitle%3E%3C%2Fcc%3AAgent%3E%3C%2Fdc%3Acreator%3E%3Cdc%3Asource%3Ehttps%3A%2F%2Fbottts.com%2F%3C%2Fdc%3Asource%3E%3Ccc%3Alicense%20rdf%3Aresource%3D%22https%3A%2F%2Fbottts.com%2F%22%20%2F%3E%3C%2Fcc%3AWork%3E%3C%2Frdf%3ARDF%3E%3C%2Fmetadata%3E%3Cmask%20id%3D%22viewboxMask%22%3E%3Crect%20width%3D%22120%22%20height%3D%22120%22%20rx%3D%220%22%20ry%3D%220%22%20x%3D%220%22%20y%3D%220%22%20fill%3D%22%23fff%22%20%2F%3E%3C%2Fmask%3E%3Cg%20mask%3D%22url(%23viewboxMask)%22%3E%3Crect%20fill%3D%22%23ffb300%22%20width%3D%22120%22%20height%3D%22120%22%20x%3D%220%22%20y%3D%220%22%20%2F%3E%3Cg%20transform%3D%22translate(22%2068)%22%3E%3Crect%20x%3D%224%22%20y%3D%224%22%20width%3D%2268%22%20height%3D%2224%22%20rx%3D%225%22%20fill%3D%22%23000%22%20fill-opacity%3D%22.2%22%2F%3E%3Crect%20x%3D%228%22%20y%3D%228%22%20width%3D%2260%22%20height%3D%2216%22%20rx%3D%222%22%20fill%3D%22%23000%22%20fill-opacity%3D%22.8%22%2F%3E%3Cpath%20d%3D%22M9%2017h11l2-4%203%207%204-8%202%209%203-11%203%2010%203-3h15l3-4%202%207%203-3h4%22%20stroke%3D%22%234EFAC9%22%20stroke-width%3D%222%22%20stroke-linecap%3D%22round%22%20stroke-linejoin%3D%22round%22%2F%3E%3C%2Fg%3E%3Cg%20transform%3D%22translate(8%2020)%22%3E%3Cpath%20d%3D%22m25%2027.2%205.5%205.5c.5.4%201.2.4%201.6%200l1.6-1.6c.4-.5.4-1.2%200-1.6L28.2%2024l5.5-5.5c.4-.5.4-1.2%200-1.6l-1.6-1.6c-.5-.4-1.2-.4-1.6%200L25%2020.8l-5.5-5.5c-.5-.4-1.2-.4-1.6%200l-1.6%201.6c-.4.4-.4%201.1%200%201.6l5.5%205.5-5.5%205.5c-.4.5-.4%201.2%200%201.6l1.6%201.6c.5.4%201.2.4%201.6%200l5.5-5.5ZM79%2027.2l5.5%205.5c.5.4%201.2.4%201.6%200l1.6-1.6c.4-.5.4-1.2%200-1.6L82.2%2024l5.5-5.5c.4-.5.4-1.2%200-1.6l-1.6-1.6c-.5-.4-1.2-.4-1.6%200L79%2020.8l-5.5-5.5c-.5-.4-1.2-.4-1.6%200l-1.6%201.6c-.4.4-.4%201.1%200%201.6l5.5%205.5-5.5%205.5c-.4.5-.4%201.2%200%201.6l1.6%201.6c.5.4%201.2.4%201.6%200l5.5-5.5Z%22%20fill%3D%22%23000%22%20fill-opacity%3D%22.8%22%2F%3E%3C%2Fg%3E%3C%2Fg%3E%3C%2Fsvg%3E	Nadia Hadid	$argon2id$v=19$m=65536,t=3,p=4$B3DeZLSM5R9lSoV+76d9cA$QZ7WzzUIK3uGLHfo+Eru4EOxbcectN/7FY++DMkOJZs	2023-12-24 19:04:23.623831+00	nad_hadid
2023-12-24 19:10:06.034202+00	amaul0111@gmail.com	\N	user-clqjv6asi000008iedkxbfrk9	https://lh3.googleusercontent.com/a/ACg8ocKKR4flJRFp69TqR_aCM6mES4e00L0nHe93aaOl5-4u6ho=s96-c	Maulana Arbai	google	2023-12-24 19:10:06.034202+00	amaul0111
2023-12-25 13:41:50.436019+00	aliftriadi.gaming@gmail.com	\N	user-clqkyw098000008l40d3vc1kz	https://lh3.googleusercontent.com/a/ACg8ocJPf2LNMNADIIGSvxXS6iv-Stb7LQnZIHRb3xMITw6Y82o=s96-c	Alif Triadi	google	2023-12-25 13:41:50.436019+00	aliftriadigaming
2023-12-25 15:09:56.278835+00	testing@testing.test	\N	user-clql21ate000008lg7n359z4s	data:image/svg+xml;utf8,%3Csvg%20xmlns%3D%22http%3A%2F%2Fwww.w3.org%2F2000%2Fsvg%22%20viewBox%3D%220%200%20120%20120%22%20fill%3D%22none%22%20shape-rendering%3D%22auto%22%3E%3Cdesc%3E%22Bottts%22%20by%20%22Pablo%20Stanley%22%2C%20licensed%20under%20%22Free%20for%20personal%20and%20commercial%20use%22.%20%2F%20Remix%20of%20the%20original.%20-%20Created%20with%20dicebear.com%3C%2Fdesc%3E%3Cmetadata%20xmlns%3Adc%3D%22http%3A%2F%2Fpurl.org%2Fdc%2Felements%2F1.1%2F%22%20xmlns%3Acc%3D%22http%3A%2F%2Fcreativecommons.org%2Fns%23%22%20xmlns%3Ardf%3D%22http%3A%2F%2Fwww.w3.org%2F1999%2F02%2F22-rdf-syntax-ns%23%22%3E%3Crdf%3ARDF%3E%3Ccc%3AWork%3E%3Cdc%3Atitle%3EBottts%3C%2Fdc%3Atitle%3E%3Cdc%3Acreator%3E%3Ccc%3AAgent%20rdf%3Aabout%3D%22https%3A%2F%2Ftwitter.com%2Fpablostanley%22%3E%3Cdc%3Atitle%3EPablo%20Stanley%3C%2Fdc%3Atitle%3E%3C%2Fcc%3AAgent%3E%3C%2Fdc%3Acreator%3E%3Cdc%3Asource%3Ehttps%3A%2F%2Fbottts.com%2F%3C%2Fdc%3Asource%3E%3Ccc%3Alicense%20rdf%3Aresource%3D%22https%3A%2F%2Fbottts.com%2F%22%20%2F%3E%3C%2Fcc%3AWork%3E%3C%2Frdf%3ARDF%3E%3C%2Fmetadata%3E%3Cmask%20id%3D%22viewboxMask%22%3E%3Crect%20width%3D%22120%22%20height%3D%22120%22%20rx%3D%220%22%20ry%3D%220%22%20x%3D%220%22%20y%3D%220%22%20fill%3D%22%23fff%22%20%2F%3E%3C%2Fmask%3E%3Cg%20mask%3D%22url(%23viewboxMask)%22%3E%3Crect%20fill%3D%22%23546e7a%22%20width%3D%22120%22%20height%3D%22120%22%20x%3D%220%22%20y%3D%220%22%20%2F%3E%3Cg%20transform%3D%22translate(22%2068)%22%3E%3Crect%20x%3D%2216%22%20y%3D%228%22%20width%3D%2244%22%20height%3D%224%22%20rx%3D%222%22%20fill%3D%22%23000%22%20fill-opacity%3D%22.8%22%2F%3E%3C%2Fg%3E%3Cg%20transform%3D%22translate(8%2020)%22%3E%3Cpath%20d%3D%22M96%202H8c-4.5%200-8%203.5-8%208.03V28c0%204.5%203.5%208%208%208h13c8%200%2011%208%2018%208h27c7%200%209-8%2017-8h13c4.5%200%208-3.5%208-8V10c0-4.5-3.5-8-8-8Z%22%20fill%3D%22%23000%22%20fill-opacity%3D%22.8%22%2F%3E%3Cpath%20d%3D%22M87%2014H17c-3.5%200-5%203-5%205v2c0%202%201.5%205%205%205h12c6%200%2011.62%208%2017%208h14c5.38%200%209-8%2015-8h12c3.5%200%205-3%205-5v-2c0-2-1.5-5-5-5Z%22%20fill%3D%22%23FF3D3D%22%2F%3E%3Cpath%20d%3D%22M22.44%2036.09%2037.26%202h11L31.4%2040.78l-.76-.58c-2.38-1.82-4.83-3.69-8.2-4.11ZM11.48%2036%2026.26%202h4L15.48%2036h-4Z%22%20fill%3D%22%23fff%22%20fill-opacity%3D%22.2%22%2F%3E%3C%2Fg%3E%3C%2Fg%3E%3C%2Fsvg%3E	anton alpukat	$argon2id$v=19$m=65536,t=3,p=4$l+QJMFDw/XdjZW17KvTQgA$Q+1z/LYvloqlOeGrrZlh4cpLdJEn14mukWV2l+d0SnQ	2023-12-25 15:09:56.278835+00	antonalpukat
2023-12-27 08:21:01.648344+00	kyqux@mailinator.com	\N	user-clqnib53x000008l6d48h4f8o	data:image/svg+xml;utf8,%3Csvg%20xmlns%3D%22http%3A%2F%2Fwww.w3.org%2F2000%2Fsvg%22%20viewBox%3D%220%200%20120%20120%22%20fill%3D%22none%22%20shape-rendering%3D%22auto%22%3E%3Cdesc%3E%22Bottts%22%20by%20%22Pablo%20Stanley%22%2C%20licensed%20under%20%22Free%20for%20personal%20and%20commercial%20use%22.%20%2F%20Remix%20of%20the%20original.%20-%20Created%20with%20dicebear.com%3C%2Fdesc%3E%3Cmetadata%20xmlns%3Adc%3D%22http%3A%2F%2Fpurl.org%2Fdc%2Felements%2F1.1%2F%22%20xmlns%3Acc%3D%22http%3A%2F%2Fcreativecommons.org%2Fns%23%22%20xmlns%3Ardf%3D%22http%3A%2F%2Fwww.w3.org%2F1999%2F02%2F22-rdf-syntax-ns%23%22%3E%3Crdf%3ARDF%3E%3Ccc%3AWork%3E%3Cdc%3Atitle%3EBottts%3C%2Fdc%3Atitle%3E%3Cdc%3Acreator%3E%3Ccc%3AAgent%20rdf%3Aabout%3D%22https%3A%2F%2Ftwitter.com%2Fpablostanley%22%3E%3Cdc%3Atitle%3EPablo%20Stanley%3C%2Fdc%3Atitle%3E%3C%2Fcc%3AAgent%3E%3C%2Fdc%3Acreator%3E%3Cdc%3Asource%3Ehttps%3A%2F%2Fbottts.com%2F%3C%2Fdc%3Asource%3E%3Ccc%3Alicense%20rdf%3Aresource%3D%22https%3A%2F%2Fbottts.com%2F%22%20%2F%3E%3C%2Fcc%3AWork%3E%3C%2Frdf%3ARDF%3E%3C%2Fmetadata%3E%3Cmask%20id%3D%22viewboxMask%22%3E%3Crect%20width%3D%22120%22%20height%3D%22120%22%20rx%3D%220%22%20ry%3D%220%22%20x%3D%220%22%20y%3D%220%22%20fill%3D%22%23fff%22%20%2F%3E%3C%2Fmask%3E%3Cg%20mask%3D%22url(%23viewboxMask)%22%3E%3Crect%20fill%3D%22%23ffb300%22%20width%3D%22120%22%20height%3D%22120%22%20x%3D%220%22%20y%3D%220%22%20%2F%3E%3Cg%20transform%3D%22translate(22%2068)%22%3E%3Crect%20x%3D%224%22%20y%3D%225%22%20width%3D%2268%22%20height%3D%2222%22%20rx%3D%225%22%20fill%3D%22%23000%22%20fill-opacity%3D%22.2%22%2F%3E%3Crect%20x%3D%228%22%20y%3D%229%22%20width%3D%2260%22%20height%3D%2214%22%20rx%3D%222%22%20fill%3D%22%23000%22%20fill-opacity%3D%22.6%22%2F%3E%3Cpath%20fill-rule%3D%22evenodd%22%20clip-rule%3D%22evenodd%22%20d%3D%22m20%2017%206-8H14l6%208ZM32%2017l6-8H26l6%208ZM44%2017l6-8H38l6%208ZM56%2017l6-8H50l6%208Z%22%20fill%3D%22%23E1E6E8%22%2F%3E%3C%2Fg%3E%3Cg%20transform%3D%22translate(8%2020)%22%3E%3Ccircle%20cx%3D%2228%22%20cy%3D%2224%22%20r%3D%2218%22%20fill%3D%22%23000%22%20fill-opacity%3D%22.2%22%2F%3E%3Ccircle%20cx%3D%2274%22%20cy%3D%2224%22%20r%3D%2218%22%20fill%3D%22%23000%22%20fill-opacity%3D%22.2%22%2F%3E%3Ccircle%20cx%3D%2228%22%20cy%3D%2224%22%20r%3D%2215%22%20fill%3D%22%23F1EEDA%22%2F%3E%3Ccircle%20cx%3D%2274%22%20cy%3D%2224%22%20r%3D%2215%22%20fill%3D%22%23F1EEDA%22%2F%3E%3Crect%20x%3D%2226%22%20y%3D%2215%22%20width%3D%2210%22%20height%3D%2210%22%20rx%3D%222%22%20fill%3D%22%23000%22%20fill-opacity%3D%22.8%22%2F%3E%3Crect%20x%3D%2274%22%20y%3D%2215%22%20width%3D%2210%22%20height%3D%2210%22%20rx%3D%222%22%20fill%3D%22%23000%22%20fill-opacity%3D%22.8%22%2F%3E%3C%2Fg%3E%3C%2Fg%3E%3C%2Fsvg%3E	Quentin Dalton	$argon2id$v=19$m=65536,t=3,p=4$vEt0mdP3ItNzKEGpbiHKaQ$dQmcr69nipLPbbRvTKIfw5nL06rBI11rIw3hKqtd8Jg	2023-12-27 08:21:01.648344+00	fyqyvujaz
2023-12-27 08:21:29.632376+00	cahu@mailinator.com	\N	user-clqnibqpc000108l62h191dk3	data:image/svg+xml;utf8,%3Csvg%20xmlns%3D%22http%3A%2F%2Fwww.w3.org%2F2000%2Fsvg%22%20viewBox%3D%220%200%20120%20120%22%20fill%3D%22none%22%20shape-rendering%3D%22auto%22%3E%3Cdesc%3E%22Bottts%22%20by%20%22Pablo%20Stanley%22%2C%20licensed%20under%20%22Free%20for%20personal%20and%20commercial%20use%22.%20%2F%20Remix%20of%20the%20original.%20-%20Created%20with%20dicebear.com%3C%2Fdesc%3E%3Cmetadata%20xmlns%3Adc%3D%22http%3A%2F%2Fpurl.org%2Fdc%2Felements%2F1.1%2F%22%20xmlns%3Acc%3D%22http%3A%2F%2Fcreativecommons.org%2Fns%23%22%20xmlns%3Ardf%3D%22http%3A%2F%2Fwww.w3.org%2F1999%2F02%2F22-rdf-syntax-ns%23%22%3E%3Crdf%3ARDF%3E%3Ccc%3AWork%3E%3Cdc%3Atitle%3EBottts%3C%2Fdc%3Atitle%3E%3Cdc%3Acreator%3E%3Ccc%3AAgent%20rdf%3Aabout%3D%22https%3A%2F%2Ftwitter.com%2Fpablostanley%22%3E%3Cdc%3Atitle%3EPablo%20Stanley%3C%2Fdc%3Atitle%3E%3C%2Fcc%3AAgent%3E%3C%2Fdc%3Acreator%3E%3Cdc%3Asource%3Ehttps%3A%2F%2Fbottts.com%2F%3C%2Fdc%3Asource%3E%3Ccc%3Alicense%20rdf%3Aresource%3D%22https%3A%2F%2Fbottts.com%2F%22%20%2F%3E%3C%2Fcc%3AWork%3E%3C%2Frdf%3ARDF%3E%3C%2Fmetadata%3E%3Cmask%20id%3D%22viewboxMask%22%3E%3Crect%20width%3D%22120%22%20height%3D%22120%22%20rx%3D%220%22%20ry%3D%220%22%20x%3D%220%22%20y%3D%220%22%20fill%3D%22%23fff%22%20%2F%3E%3C%2Fmask%3E%3Cg%20mask%3D%22url(%23viewboxMask)%22%3E%3Crect%20fill%3D%22%2300acc1%22%20width%3D%22120%22%20height%3D%22120%22%20x%3D%220%22%20y%3D%220%22%20%2F%3E%3Cg%20transform%3D%22translate(22%2068)%22%3E%3Crect%20x%3D%2224%22%20y%3D%226%22%20width%3D%2227%22%20height%3D%228%22%20rx%3D%224%22%20fill%3D%22%23000%22%20fill-opacity%3D%22.8%22%2F%3E%3C%2Fg%3E%3Cg%20transform%3D%22translate(8%2020)%22%3E%3Crect%20x%3D%228%22%20y%3D%2210%22%20width%3D%2288%22%20height%3D%2236%22%20rx%3D%224%22%20fill%3D%22%23000%22%20fill-opacity%3D%22.8%22%2F%3E%3Crect%20x%3D%2228%22%20y%3D%2221%22%20width%3D%2210%22%20height%3D%2217%22%20rx%3D%222%22%20fill%3D%22%235EF2B8%22%2F%3E%3Crect%20x%3D%2266%22%20y%3D%2221%22%20width%3D%2210%22%20height%3D%2217%22%20rx%3D%222%22%20fill%3D%22%235EF2B8%22%2F%3E%3Cpath%20fill-rule%3D%22evenodd%22%20clip-rule%3D%22evenodd%22%20d%3D%22M83%2010h5L76%2046h-5l12-36Z%22%20fill%3D%22%23fff%22%20fill-opacity%3D%22.4%22%2F%3E%3C%2Fg%3E%3C%2Fg%3E%3C%2Fsvg%3E	Barbara Buck	$argon2id$v=19$m=65536,t=3,p=4$jAy/VlY4LmvrWf0jFV/Yuw$tAufrgHyNTL1kbsh3q9w+cqzXKg3vbNf7NxH1/S0p1s	2023-12-27 08:21:29.632376+00	cyjafapow
2023-12-27 15:29:10.235401+00	hatamitekno@gmail.com	\N	user-clqnxlqk1000008kyfry454zz	https://lh3.googleusercontent.com/a/ACg8ocKbiY_QMV6xnZ4R4wnl-9V4HKQeiDZ5_vEMvgDdiCQV7nc=s96-c	Mohammad Hatami	google	2023-12-27 15:29:10.235401+00	hatamitekno
2023-12-28 08:32:44.796656+00	ekosusilo140604@gmail.com	\N	user-clqoy62b8000008k07emohqp5	https://lh3.googleusercontent.com/a/ACg8ocIm2RRCc6WVT1ir3uX5g9nIaHw5UCe5FqN1SGUh5wsmfQ=s96-c	Eko Susilo	google	2023-12-28 08:32:44.796656+00	ekosusilo140604
2023-12-29 06:08:24.998322+00	usman@gmail.com	\N	user-clqq8gb1z000008l265d5hx7t	data:image/svg+xml;utf8,%3Csvg%20xmlns%3D%22http%3A%2F%2Fwww.w3.org%2F2000%2Fsvg%22%20viewBox%3D%220%200%20120%20120%22%20fill%3D%22none%22%20shape-rendering%3D%22auto%22%3E%3Cdesc%3E%22Bottts%22%20by%20%22Pablo%20Stanley%22%2C%20licensed%20under%20%22Free%20for%20personal%20and%20commercial%20use%22.%20%2F%20Remix%20of%20the%20original.%20-%20Created%20with%20dicebear.com%3C%2Fdesc%3E%3Cmetadata%20xmlns%3Adc%3D%22http%3A%2F%2Fpurl.org%2Fdc%2Felements%2F1.1%2F%22%20xmlns%3Acc%3D%22http%3A%2F%2Fcreativecommons.org%2Fns%23%22%20xmlns%3Ardf%3D%22http%3A%2F%2Fwww.w3.org%2F1999%2F02%2F22-rdf-syntax-ns%23%22%3E%3Crdf%3ARDF%3E%3Ccc%3AWork%3E%3Cdc%3Atitle%3EBottts%3C%2Fdc%3Atitle%3E%3Cdc%3Acreator%3E%3Ccc%3AAgent%20rdf%3Aabout%3D%22https%3A%2F%2Ftwitter.com%2Fpablostanley%22%3E%3Cdc%3Atitle%3EPablo%20Stanley%3C%2Fdc%3Atitle%3E%3C%2Fcc%3AAgent%3E%3C%2Fdc%3Acreator%3E%3Cdc%3Asource%3Ehttps%3A%2F%2Fbottts.com%2F%3C%2Fdc%3Asource%3E%3Ccc%3Alicense%20rdf%3Aresource%3D%22https%3A%2F%2Fbottts.com%2F%22%20%2F%3E%3C%2Fcc%3AWork%3E%3C%2Frdf%3ARDF%3E%3C%2Fmetadata%3E%3Cmask%20id%3D%22viewboxMask%22%3E%3Crect%20width%3D%22120%22%20height%3D%22120%22%20rx%3D%220%22%20ry%3D%220%22%20x%3D%220%22%20y%3D%220%22%20fill%3D%22%23fff%22%20%2F%3E%3C%2Fmask%3E%3Cg%20mask%3D%22url(%23viewboxMask)%22%3E%3Crect%20fill%3D%22%231e88e5%22%20width%3D%22120%22%20height%3D%22120%22%20x%3D%220%22%20y%3D%220%22%20%2F%3E%3Cg%20transform%3D%22translate(22%2068)%22%3E%3Cg%20fill%3D%22%23000%22%20fill-opacity%3D%22.6%22%3E%3Crect%20x%3D%2212%22%20y%3D%2212%22%20width%3D%224%22%20height%3D%228%22%20rx%3D%222%22%2F%3E%3Crect%20x%3D%2236%22%20y%3D%2212%22%20width%3D%224%22%20height%3D%228%22%20rx%3D%222%22%2F%3E%3Crect%20x%3D%2224%22%20y%3D%2212%22%20width%3D%224%22%20height%3D%228%22%20rx%3D%222%22%2F%3E%3Crect%20x%3D%2248%22%20y%3D%2212%22%20width%3D%224%22%20height%3D%228%22%20rx%3D%222%22%2F%3E%3Crect%20x%3D%2260%22%20y%3D%2212%22%20width%3D%224%22%20height%3D%228%22%20rx%3D%222%22%2F%3E%3C%2Fg%3E%3C%2Fg%3E%3Cg%20transform%3D%22translate(8%2020)%22%3E%3Cg%20fill-rule%3D%22evenodd%22%20clip-rule%3D%22evenodd%22%3E%3Cpath%20d%3D%22M53%200c34.75%200%2049%2017.47%2049%2031%200%2013.53-19.59%2017-49%2017-29.05%200-51-3.47-51-17S17.11%200%2053%200Z%22%20fill%3D%22%23000%22%20fill-opacity%3D%22.8%22%2F%3E%3Cpath%20d%3D%22M28.82%2034.65c-6.53-1.35-11.24-6.34-10.52-11.14.72-4.79%206.6-7.58%2013.12-6.23%206.53%201.36%2011.24%206.35%2010.52%2011.15-.72%204.8-6.6%207.59-13.12%206.23ZM75.42%2034.65c-6.52%201.36-12.4-1.43-13.12-6.23-.72-4.8%204-9.8%2010.52-11.15%206.52-1.35%2012.4%201.44%2013.12%206.24.72%204.81-4%209.8-10.52%2011.15Z%22%20fill%3D%22%2325A6F5%22%2F%3E%3C%2Fg%3E%3C%2Fg%3E%3C%2Fg%3E%3C%2Fsvg%3E	paman usman	$argon2id$v=19$m=65536,t=3,p=4$RcQ3QzkHZlZIAhdWRCMYqg$HRjCD+a1FD7zhRJPBPxIZPE3EERftPC4o1YYyKb5EBU	2023-12-29 06:08:24.998322+00	paman_usman
2023-12-30 05:43:49.207379+00	adamsetiadi12345@gmail.com	\N	user-clqrn0izo000008jo722lcmyt	https://lh3.googleusercontent.com/a/ACg8ocItstv7_vX59jJMEg0a_XLpnfFnLmQOJMn7IZ2YcqPw=s96-c	adam setiadi	google	2023-12-30 05:43:49.207379+00	adamsetiadi12345
2023-12-30 06:38:39.181563+00	adef6477@gmail.com	\N	user-clqroz1jv000008lg8f3chgd5	https://lh3.googleusercontent.com/a/ACg8ocJYlnDQ41TPGJuWw-yOCDzeKr0klkdJeOtX14IfKzaT=s96-c	Abc Def	google	2023-12-30 06:38:39.181563+00	adef6477
2024-01-01 10:18:10.30875+00	muhtopik07@gmail.com	\N	user-clqurp1sq000008kzdzh3g8ij	https://lh3.googleusercontent.com/a/ACg8ocLbJN83uTMXC1mSBybufsTeIv6UCC8BLEDLZ419sXMk7Eg=s96-c	Muhammad Taufik	google	2024-01-01 10:18:10.30875+00	muhtopik07
2024-01-03 03:31:29.787563+00	ahmadsaleh2409@gmail.com	\N	user-clqx81rka000008jn1t2064jp	https://lh3.googleusercontent.com/a/ACg8ocJTRkczF1JDYydm15Zb22G04v9JlLjTZ3tbp9yqOgIs4dk=s96-c	Ahmad Shaleh	google	2024-01-03 03:31:29.787563+00	ahmadsaleh2409
2024-01-07 10:01:10.764976+00	ditanisa979@gmail.com	\N	user-clr3bqb3v000008jtgwnz44fa	https://lh3.googleusercontent.com/a/ACg8ocJLKb5Wq1O7FZ4J7VNW57FXuN_Nm8lwduYWmWwSJJdf=s96-c	tika nisa	google	2024-01-07 10:01:10.764976+00	ditanisa979
2024-01-07 12:36:59.700316+00	virdasalbiyah12@gmail.com	\N	user-clr3haosr000008kz4vd3310k	https://lh3.googleusercontent.com/a/ACg8ocJk6PIGT95wZAIvxaDmX_K8L4FqbL9exdq7q6R_lYhq3Dk=s96-c	Virda	google	2024-01-07 12:36:59.700316+00	virdasalbiyah12
2024-01-08 03:40:15.973836+00	pedjuangjava@gmail.com	\N	user-clr4dkawo000008jt6zsc546b	https://lh3.googleusercontent.com/a/ACg8ocJEQkhHYNphVe5XgnzUX1OcZrs0e9jIsDOY-5VS2tI-HGk=s96-c	Pedjuang Java	google	2024-01-08 03:40:15.973836+00	pedjuangjava
2024-01-09 02:15:46.200921+00	naufaladrn90@gmail.com	\N	user-clr5pzhoz000008ld7majcube	data:image/svg+xml;utf8,%3Csvg%20xmlns%3D%22http%3A%2F%2Fwww.w3.org%2F2000%2Fsvg%22%20viewBox%3D%220%200%20120%20120%22%20fill%3D%22none%22%20shape-rendering%3D%22auto%22%3E%3Cdesc%3E%22Bottts%22%20by%20%22Pablo%20Stanley%22%2C%20licensed%20under%20%22Free%20for%20personal%20and%20commercial%20use%22.%20%2F%20Remix%20of%20the%20original.%20-%20Created%20with%20dicebear.com%3C%2Fdesc%3E%3Cmetadata%20xmlns%3Adc%3D%22http%3A%2F%2Fpurl.org%2Fdc%2Felements%2F1.1%2F%22%20xmlns%3Acc%3D%22http%3A%2F%2Fcreativecommons.org%2Fns%23%22%20xmlns%3Ardf%3D%22http%3A%2F%2Fwww.w3.org%2F1999%2F02%2F22-rdf-syntax-ns%23%22%3E%3Crdf%3ARDF%3E%3Ccc%3AWork%3E%3Cdc%3Atitle%3EBottts%3C%2Fdc%3Atitle%3E%3Cdc%3Acreator%3E%3Ccc%3AAgent%20rdf%3Aabout%3D%22https%3A%2F%2Ftwitter.com%2Fpablostanley%22%3E%3Cdc%3Atitle%3EPablo%20Stanley%3C%2Fdc%3Atitle%3E%3C%2Fcc%3AAgent%3E%3C%2Fdc%3Acreator%3E%3Cdc%3Asource%3Ehttps%3A%2F%2Fbottts.com%2F%3C%2Fdc%3Asource%3E%3Ccc%3Alicense%20rdf%3Aresource%3D%22https%3A%2F%2Fbottts.com%2F%22%20%2F%3E%3C%2Fcc%3AWork%3E%3C%2Frdf%3ARDF%3E%3C%2Fmetadata%3E%3Cmask%20id%3D%22viewboxMask%22%3E%3Crect%20width%3D%22120%22%20height%3D%22120%22%20rx%3D%220%22%20ry%3D%220%22%20x%3D%220%22%20y%3D%220%22%20fill%3D%22%23fff%22%20%2F%3E%3C%2Fmask%3E%3Cg%20mask%3D%22url(%23viewboxMask)%22%3E%3Crect%20fill%3D%22%23ffb300%22%20width%3D%22120%22%20height%3D%22120%22%20x%3D%220%22%20y%3D%220%22%20%2F%3E%3Cg%20transform%3D%22translate(22%2068)%22%3E%3Cg%20fill%3D%22%23000%22%20fill-opacity%3D%22.6%22%3E%3Crect%20x%3D%2212%22%20y%3D%2212%22%20width%3D%224%22%20height%3D%228%22%20rx%3D%222%22%2F%3E%3Crect%20x%3D%2236%22%20y%3D%2212%22%20width%3D%224%22%20height%3D%228%22%20rx%3D%222%22%2F%3E%3Crect%20x%3D%2224%22%20y%3D%2212%22%20width%3D%224%22%20height%3D%228%22%20rx%3D%222%22%2F%3E%3Crect%20x%3D%2248%22%20y%3D%2212%22%20width%3D%224%22%20height%3D%228%22%20rx%3D%222%22%2F%3E%3Crect%20x%3D%2260%22%20y%3D%2212%22%20width%3D%224%22%20height%3D%228%22%20rx%3D%222%22%2F%3E%3C%2Fg%3E%3C%2Fg%3E%3Cg%20transform%3D%22translate(8%2020)%22%3E%3Crect%20x%3D%228%22%20y%3D%2210%22%20width%3D%2288%22%20height%3D%2236%22%20rx%3D%224%22%20fill%3D%22%23000%22%20fill-opacity%3D%22.8%22%2F%3E%3Crect%20x%3D%2228%22%20y%3D%2221%22%20width%3D%2210%22%20height%3D%2217%22%20rx%3D%222%22%20fill%3D%22%235EF2B8%22%2F%3E%3Crect%20x%3D%2266%22%20y%3D%2221%22%20width%3D%2210%22%20height%3D%2217%22%20rx%3D%222%22%20fill%3D%22%235EF2B8%22%2F%3E%3Cpath%20fill-rule%3D%22evenodd%22%20clip-rule%3D%22evenodd%22%20d%3D%22M83%2010h5L76%2046h-5l12-36Z%22%20fill%3D%22%23fff%22%20fill-opacity%3D%22.4%22%2F%3E%3C%2Fg%3E%3C%2Fg%3E%3C%2Fsvg%3E	Naufal Adriansyah	$argon2id$v=19$m=65536,t=3,p=4$JqhCBuZV2Wen+JAd2HObKA$ZXXUtx8/Y/jFWmKxQxCfUMYwK8O0LvmCWNViij4Hb24	2024-01-09 02:15:46.200921+00	naufaladrna08
2024-01-09 11:13:04.703531+00	ridhoahmad@gmail.com	\N	user-clr696h3a000008jm38kr71x8	data:image/svg+xml;utf8,%3Csvg%20xmlns%3D%22http%3A%2F%2Fwww.w3.org%2F2000%2Fsvg%22%20viewBox%3D%220%200%20120%20120%22%20fill%3D%22none%22%20shape-rendering%3D%22auto%22%3E%3Cdesc%3E%22Bottts%22%20by%20%22Pablo%20Stanley%22%2C%20licensed%20under%20%22Free%20for%20personal%20and%20commercial%20use%22.%20%2F%20Remix%20of%20the%20original.%20-%20Created%20with%20dicebear.com%3C%2Fdesc%3E%3Cmetadata%20xmlns%3Adc%3D%22http%3A%2F%2Fpurl.org%2Fdc%2Felements%2F1.1%2F%22%20xmlns%3Acc%3D%22http%3A%2F%2Fcreativecommons.org%2Fns%23%22%20xmlns%3Ardf%3D%22http%3A%2F%2Fwww.w3.org%2F1999%2F02%2F22-rdf-syntax-ns%23%22%3E%3Crdf%3ARDF%3E%3Ccc%3AWork%3E%3Cdc%3Atitle%3EBottts%3C%2Fdc%3Atitle%3E%3Cdc%3Acreator%3E%3Ccc%3AAgent%20rdf%3Aabout%3D%22https%3A%2F%2Ftwitter.com%2Fpablostanley%22%3E%3Cdc%3Atitle%3EPablo%20Stanley%3C%2Fdc%3Atitle%3E%3C%2Fcc%3AAgent%3E%3C%2Fdc%3Acreator%3E%3Cdc%3Asource%3Ehttps%3A%2F%2Fbottts.com%2F%3C%2Fdc%3Asource%3E%3Ccc%3Alicense%20rdf%3Aresource%3D%22https%3A%2F%2Fbottts.com%2F%22%20%2F%3E%3C%2Fcc%3AWork%3E%3C%2Frdf%3ARDF%3E%3C%2Fmetadata%3E%3Cmask%20id%3D%22viewboxMask%22%3E%3Crect%20width%3D%22120%22%20height%3D%22120%22%20rx%3D%220%22%20ry%3D%220%22%20x%3D%220%22%20y%3D%220%22%20fill%3D%22%23fff%22%20%2F%3E%3C%2Fmask%3E%3Cg%20mask%3D%22url(%23viewboxMask)%22%3E%3Crect%20fill%3D%22%23546e7a%22%20width%3D%22120%22%20height%3D%22120%22%20x%3D%220%22%20y%3D%220%22%20%2F%3E%3Cg%20transform%3D%22translate(22%2068)%22%3E%3Crect%20x%3D%224%22%20y%3D%224%22%20width%3D%2268%22%20height%3D%2224%22%20rx%3D%225%22%20fill%3D%22%23000%22%20fill-opacity%3D%22.2%22%2F%3E%3Crect%20x%3D%228%22%20y%3D%228%22%20width%3D%2260%22%20height%3D%2216%22%20rx%3D%222%22%20fill%3D%22%23000%22%20fill-opacity%3D%22.8%22%2F%3E%3Cpath%20d%3D%22M9%2017h11l2-4%203%207%204-8%202%209%203-11%203%2010%203-3h15l3-4%202%207%203-3h4%22%20stroke%3D%22%234EFAC9%22%20stroke-width%3D%222%22%20stroke-linecap%3D%22round%22%20stroke-linejoin%3D%22round%22%2F%3E%3C%2Fg%3E%3Cg%20transform%3D%22translate(8%2020)%22%3E%3Crect%20x%3D%228%22%20y%3D%2210%22%20width%3D%2288%22%20height%3D%2236%22%20rx%3D%224%22%20fill%3D%22%23000%22%20fill-opacity%3D%22.8%22%2F%3E%3Crect%20x%3D%2228%22%20y%3D%2221%22%20width%3D%2210%22%20height%3D%2217%22%20rx%3D%222%22%20fill%3D%22%235EF2B8%22%2F%3E%3Crect%20x%3D%2266%22%20y%3D%2221%22%20width%3D%2210%22%20height%3D%2217%22%20rx%3D%222%22%20fill%3D%22%235EF2B8%22%2F%3E%3Cpath%20fill-rule%3D%22evenodd%22%20clip-rule%3D%22evenodd%22%20d%3D%22M83%2010h5L76%2046h-5l12-36Z%22%20fill%3D%22%23fff%22%20fill-opacity%3D%22.4%22%2F%3E%3C%2Fg%3E%3C%2Fg%3E%3C%2Fsvg%3E	ridho ahmad	$argon2id$v=19$m=65536,t=3,p=4$vrJ8vSOumkOk7HFQB5v/Dw$eT3x3tuztXA3eYxe7+wVSTZLuAmqrQD0xGp5gi3VHnk	2024-01-09 11:13:04.703531+00	ridhoahmad
2024-01-13 01:58:19.485974+00	itsnime@gmail.com	\N	user-clrbf4gq8000008jm3l1ih0qh	https://lh3.googleusercontent.com/a/ACg8ocJw1vPk_E6ZFGTLJpxegLfPrONt7mnZHxwS5bwWv-iQ=s96-c	support itsnime	google	2024-01-13 01:58:19.485974+00	itsnime
2024-01-13 14:56:58.614738+00	team.connexsoft@gmail.com	\N	user-clrc6xtf9000008l78rlh69ny	https://lh3.googleusercontent.com/a/ACg8ocJC3cfWxcSJAlkC3qwYme7eJQRxPdcVXN2mPre5QdWk8w=s96-c	Connex Software	google	2024-01-13 14:56:58.614738+00	teamconnexsoft
2024-01-16 13:19:39.933273+00	tiswan897@gmail.com	\N	user-clrgds8aa000008l2ahng06l0	https://lh3.googleusercontent.com/a/ACg8ocLhvC1s8u6ErMnP7q6dEEVGkX4-13nKkbE-BlOBGgg2=s96-c	Tiswan	google	2024-01-16 13:19:39.933273+00	tiswan897
2024-01-23 09:45:10.154694+00	asepmalik18@gmail.com	\N	user-clrq67ckc000008l160ib5w2r	data:image/svg+xml;utf8,%3Csvg%20xmlns%3D%22http%3A%2F%2Fwww.w3.org%2F2000%2Fsvg%22%20viewBox%3D%220%200%20120%20120%22%20fill%3D%22none%22%20shape-rendering%3D%22auto%22%3E%3Cdesc%3E%22Bottts%22%20by%20%22Pablo%20Stanley%22%2C%20licensed%20under%20%22Free%20for%20personal%20and%20commercial%20use%22.%20%2F%20Remix%20of%20the%20original.%20-%20Created%20with%20dicebear.com%3C%2Fdesc%3E%3Cmetadata%20xmlns%3Adc%3D%22http%3A%2F%2Fpurl.org%2Fdc%2Felements%2F1.1%2F%22%20xmlns%3Acc%3D%22http%3A%2F%2Fcreativecommons.org%2Fns%23%22%20xmlns%3Ardf%3D%22http%3A%2F%2Fwww.w3.org%2F1999%2F02%2F22-rdf-syntax-ns%23%22%3E%3Crdf%3ARDF%3E%3Ccc%3AWork%3E%3Cdc%3Atitle%3EBottts%3C%2Fdc%3Atitle%3E%3Cdc%3Acreator%3E%3Ccc%3AAgent%20rdf%3Aabout%3D%22https%3A%2F%2Ftwitter.com%2Fpablostanley%22%3E%3Cdc%3Atitle%3EPablo%20Stanley%3C%2Fdc%3Atitle%3E%3C%2Fcc%3AAgent%3E%3C%2Fdc%3Acreator%3E%3Cdc%3Asource%3Ehttps%3A%2F%2Fbottts.com%2F%3C%2Fdc%3Asource%3E%3Ccc%3Alicense%20rdf%3Aresource%3D%22https%3A%2F%2Fbottts.com%2F%22%20%2F%3E%3C%2Fcc%3AWork%3E%3C%2Frdf%3ARDF%3E%3C%2Fmetadata%3E%3Cmask%20id%3D%22viewboxMask%22%3E%3Crect%20width%3D%22120%22%20height%3D%22120%22%20rx%3D%220%22%20ry%3D%220%22%20x%3D%220%22%20y%3D%220%22%20fill%3D%22%23fff%22%20%2F%3E%3C%2Fmask%3E%3Cg%20mask%3D%22url(%23viewboxMask)%22%3E%3Crect%20fill%3D%22%23546e7a%22%20width%3D%22120%22%20height%3D%22120%22%20x%3D%220%22%20y%3D%220%22%20%2F%3E%3Cg%20transform%3D%22translate(22%2068)%22%3E%3Crect%20x%3D%2224%22%20y%3D%226%22%20width%3D%2227%22%20height%3D%228%22%20rx%3D%224%22%20fill%3D%22%23000%22%20fill-opacity%3D%22.8%22%2F%3E%3C%2Fg%3E%3Cg%20transform%3D%22translate(8%2020)%22%3E%3Crect%20y%3D%2211%22%20width%3D%22104%22%20height%3D%2234%22%20rx%3D%2217%22%20fill%3D%22%23000%22%20fill-opacity%3D%22.8%22%2F%3E%3Ccircle%20cx%3D%2229%22%20cy%3D%2228%22%20r%3D%2213%22%20fill%3D%22%23F1EEDA%22%2F%3E%3Ccircle%20cx%3D%2275%22%20cy%3D%2228%22%20r%3D%2213%22%20fill%3D%22%23F1EEDA%22%2F%3E%3Crect%20x%3D%2224%22%20y%3D%2223%22%20width%3D%2210%22%20height%3D%2210%22%20rx%3D%222%22%20fill%3D%22%23000%22%20fill-opacity%3D%22.8%22%2F%3E%3Crect%20x%3D%2270%22%20y%3D%2223%22%20width%3D%2210%22%20height%3D%2210%22%20rx%3D%222%22%20fill%3D%22%23000%22%20fill-opacity%3D%22.8%22%2F%3E%3C%2Fg%3E%3C%2Fg%3E%3C%2Fsvg%3E	Asep Malik	$argon2id$v=19$m=65536,t=3,p=4$gJNFCtwLWbHAuaT52I0gYg$+E2LzBuvb011kIACngfMU0revl4KWFhs+CHrxlilmQ8	2024-01-23 09:45:10.154694+00	asepmalik18
2024-01-26 02:40:20.35682+00	bungaayulensto035@gmail.com	\N	user-clru1ckik000008jo73nj7euq	https://lh3.googleusercontent.com/a/ACg8ocKm5dwXIIjtc3EVxcQlDFyNFWCyRS32bHoAr0zWijVh6g=s96-c	Kelinci Anonim	google	2024-01-26 02:40:20.35682+00	bungaayulensto035
2024-02-02 13:47:29.066188+00	mobilelegend.lintoe@gmail.com	\N	user-cls4p9hjm000008js85zi8pmc	https://lh3.googleusercontent.com/a/ACg8ocI4xAtPks4Ufal1pDD2UoqTrCy0BwI7DiGLBHQ9Nonp=s96-c	mobile legend	google	2024-02-02 13:47:29.066188+00	mobilelegendlintoe
2024-02-04 02:52:07.083088+00	fozstev@gmail.com	\N	user-cls6wqdu5000008l004u7a4wh	https://lh3.googleusercontent.com/a/ACg8ocJ1Z8M9NIWNXCaMettBo7HJ3wlNwuLBqwb7rHgJk_Sq=s96-c	Stev Foz	google	2024-02-04 02:52:07.083088+00	fozstev
2024-02-24 10:09:27.68362+00	naimmmmab@gmail.com	\N	user-clszx5ugx000008jq33j37v9d	https://lh3.googleusercontent.com/a/ACg8ocLb9INPOpJC_mB2RRG2n2oy_ziaPNW4Kfa1NQLR6-o=s96-c	naim abdullah	google	2024-02-24 10:09:27.68362+00	naimmmmab
2024-03-09 13:31:25.701239+00	noeldycreator@gmail.com	\N	user-cltk4ji4i000008l9gq2p9tqo	https://lh3.googleusercontent.com/a/ACg8ocLtqQsWYMQfBu8fpadKh_az3Rk5TtUCf2OWds3cJfCfFgw=s96-c	Indra Sah Noeldy	google	2024-03-09 13:31:25.701239+00	noeldycreator
2024-03-15 14:26:22.933462+00	zakamaragames@gmail.com	\N	user-cltsr5aaa000008gu59asa27c	https://lh3.googleusercontent.com/a/ACg8ocKs6PKj_g-vPvdTAfOZh5tdOeC2juETaoePNuTPI5bqmpk=s96-c	Yasz Avellia	google	2024-03-15 14:26:22.933462+00	zakamaragames
2024-03-16 10:43:43.277542+00	asdasdasd@gmail.com	\N	user-clttymsko000009jr2gdb1o0e	data:image/svg+xml;utf8,%3Csvg%20xmlns%3D%22http%3A%2F%2Fwww.w3.org%2F2000%2Fsvg%22%20viewBox%3D%220%200%20120%20120%22%20fill%3D%22none%22%20shape-rendering%3D%22auto%22%3E%3Cdesc%3E%22Bottts%22%20by%20%22Pablo%20Stanley%22%2C%20licensed%20under%20%22Free%20for%20personal%20and%20commercial%20use%22.%20%2F%20Remix%20of%20the%20original.%20-%20Created%20with%20dicebear.com%3C%2Fdesc%3E%3Cmetadata%20xmlns%3Adc%3D%22http%3A%2F%2Fpurl.org%2Fdc%2Felements%2F1.1%2F%22%20xmlns%3Acc%3D%22http%3A%2F%2Fcreativecommons.org%2Fns%23%22%20xmlns%3Ardf%3D%22http%3A%2F%2Fwww.w3.org%2F1999%2F02%2F22-rdf-syntax-ns%23%22%3E%3Crdf%3ARDF%3E%3Ccc%3AWork%3E%3Cdc%3Atitle%3EBottts%3C%2Fdc%3Atitle%3E%3Cdc%3Acreator%3E%3Ccc%3AAgent%20rdf%3Aabout%3D%22https%3A%2F%2Ftwitter.com%2Fpablostanley%22%3E%3Cdc%3Atitle%3EPablo%20Stanley%3C%2Fdc%3Atitle%3E%3C%2Fcc%3AAgent%3E%3C%2Fdc%3Acreator%3E%3Cdc%3Asource%3Ehttps%3A%2F%2Fbottts.com%2F%3C%2Fdc%3Asource%3E%3Ccc%3Alicense%20rdf%3Aresource%3D%22https%3A%2F%2Fbottts.com%2F%22%20%2F%3E%3C%2Fcc%3AWork%3E%3C%2Frdf%3ARDF%3E%3C%2Fmetadata%3E%3Cmask%20id%3D%22viewboxMask%22%3E%3Crect%20width%3D%22120%22%20height%3D%22120%22%20rx%3D%220%22%20ry%3D%220%22%20x%3D%220%22%20y%3D%220%22%20fill%3D%22%23fff%22%20%2F%3E%3C%2Fmask%3E%3Cg%20mask%3D%22url(%23viewboxMask)%22%3E%3Crect%20fill%3D%22%23ffb300%22%20width%3D%22120%22%20height%3D%22120%22%20x%3D%220%22%20y%3D%220%22%20%2F%3E%3Cg%20transform%3D%22translate(22%2068)%22%3E%3Crect%20x%3D%224%22%20y%3D%225%22%20width%3D%2268%22%20height%3D%2222%22%20rx%3D%225%22%20fill%3D%22%23000%22%20fill-opacity%3D%22.2%22%2F%3E%3Crect%20x%3D%228%22%20y%3D%229%22%20width%3D%2260%22%20height%3D%2214%22%20rx%3D%222%22%20fill%3D%22%23000%22%20fill-opacity%3D%22.6%22%2F%3E%3Cpath%20fill-rule%3D%22evenodd%22%20clip-rule%3D%22evenodd%22%20d%3D%22m20%2017%206-8H14l6%208ZM32%2017l6-8H26l6%208ZM44%2017l6-8H38l6%208ZM56%2017l6-8H50l6%208Z%22%20fill%3D%22%23E1E6E8%22%2F%3E%3C%2Fg%3E%3Cg%20transform%3D%22translate(8%2020)%22%3E%3Cpath%20d%3D%22M96%202H8c-4.5%200-8%203.5-8%208.03V28c0%204.5%203.5%208%208%208h13c8%200%2011%208%2018%208h27c7%200%209-8%2017-8h13c4.5%200%208-3.5%208-8V10c0-4.5-3.5-8-8-8Z%22%20fill%3D%22%23000%22%20fill-opacity%3D%22.8%22%2F%3E%3Cpath%20d%3D%22M87%2014H17c-3.5%200-5%203-5%205v2c0%202%201.5%205%205%205h12c6%200%2011.62%208%2017%208h14c5.38%200%209-8%2015-8h12c3.5%200%205-3%205-5v-2c0-2-1.5-5-5-5Z%22%20fill%3D%22%23FF3D3D%22%2F%3E%3Cpath%20d%3D%22M22.44%2036.09%2037.26%202h11L31.4%2040.78l-.76-.58c-2.38-1.82-4.83-3.69-8.2-4.11ZM11.48%2036%2026.26%202h4L15.48%2036h-4Z%22%20fill%3D%22%23fff%22%20fill-opacity%3D%22.2%22%2F%3E%3C%2Fg%3E%3C%2Fg%3E%3C%2Fsvg%3E	asdasdasd asdasdasd	$argon2id$v=19$m=65536,t=3,p=4$Q6PsQd0pHZE3q8dBBSKXzQ$/y7n7drgOAB0jwKNdgK39c/H+bjrFHQQD4LA+HuhVPw	2024-03-16 10:43:43.277542+00	asdasdasd
2024-03-18 07:27:05.65601+00	tikomdg1@gmail.com	\N	user-cltwmhmsb000008l6a5i58na6	data:image/svg+xml;utf8,%3Csvg%20xmlns%3D%22http%3A%2F%2Fwww.w3.org%2F2000%2Fsvg%22%20viewBox%3D%220%200%20120%20120%22%20fill%3D%22none%22%20shape-rendering%3D%22auto%22%3E%3Cdesc%3E%22Bottts%22%20by%20%22Pablo%20Stanley%22%2C%20licensed%20under%20%22Free%20for%20personal%20and%20commercial%20use%22.%20%2F%20Remix%20of%20the%20original.%20-%20Created%20with%20dicebear.com%3C%2Fdesc%3E%3Cmetadata%20xmlns%3Adc%3D%22http%3A%2F%2Fpurl.org%2Fdc%2Felements%2F1.1%2F%22%20xmlns%3Acc%3D%22http%3A%2F%2Fcreativecommons.org%2Fns%23%22%20xmlns%3Ardf%3D%22http%3A%2F%2Fwww.w3.org%2F1999%2F02%2F22-rdf-syntax-ns%23%22%3E%3Crdf%3ARDF%3E%3Ccc%3AWork%3E%3Cdc%3Atitle%3EBottts%3C%2Fdc%3Atitle%3E%3Cdc%3Acreator%3E%3Ccc%3AAgent%20rdf%3Aabout%3D%22https%3A%2F%2Ftwitter.com%2Fpablostanley%22%3E%3Cdc%3Atitle%3EPablo%20Stanley%3C%2Fdc%3Atitle%3E%3C%2Fcc%3AAgent%3E%3C%2Fdc%3Acreator%3E%3Cdc%3Asource%3Ehttps%3A%2F%2Fbottts.com%2F%3C%2Fdc%3Asource%3E%3Ccc%3Alicense%20rdf%3Aresource%3D%22https%3A%2F%2Fbottts.com%2F%22%20%2F%3E%3C%2Fcc%3AWork%3E%3C%2Frdf%3ARDF%3E%3C%2Fmetadata%3E%3Cmask%20id%3D%22viewboxMask%22%3E%3Crect%20width%3D%22120%22%20height%3D%22120%22%20rx%3D%220%22%20ry%3D%220%22%20x%3D%220%22%20y%3D%220%22%20fill%3D%22%23fff%22%20%2F%3E%3C%2Fmask%3E%3Cg%20mask%3D%22url(%23viewboxMask)%22%3E%3Crect%20fill%3D%22%23ffb300%22%20width%3D%22120%22%20height%3D%22120%22%20x%3D%220%22%20y%3D%220%22%20%2F%3E%3Cg%20transform%3D%22translate(22%2068)%22%3E%3Crect%20x%3D%224%22%20y%3D%224%22%20width%3D%2268%22%20height%3D%2224%22%20rx%3D%225%22%20fill%3D%22%23000%22%20fill-opacity%3D%22.2%22%2F%3E%3Crect%20x%3D%228%22%20y%3D%228%22%20width%3D%2260%22%20height%3D%2216%22%20rx%3D%222%22%20fill%3D%22%23000%22%20fill-opacity%3D%22.8%22%2F%3E%3Cpath%20d%3D%22M9%2017h11l2-4%203%207%204-8%202%209%203-11%203%2010%203-3h15l3-4%202%207%203-3h4%22%20stroke%3D%22%234EFAC9%22%20stroke-width%3D%222%22%20stroke-linecap%3D%22round%22%20stroke-linejoin%3D%22round%22%2F%3E%3C%2Fg%3E%3Cg%20transform%3D%22translate(8%2020)%22%3E%3Crect%20y%3D%2212%22%20width%3D%22104%22%20height%3D%2232%22%20rx%3D%2216%22%20fill%3D%22%23000%22%20fill-opacity%3D%22.8%22%2F%3E%3Crect%20x%3D%2224%22%20y%3D%2222%22%20width%3D%2210%22%20height%3D%2212%22%20rx%3D%222%22%20fill%3D%22%23F4F4F4%22%2F%3E%3Crect%20x%3D%2270%22%20y%3D%2222%22%20width%3D%2210%22%20height%3D%2212%22%20rx%3D%222%22%20fill%3D%22%23F4F4F4%22%2F%3E%3C%2Fg%3E%3C%2Fg%3E%3C%2Fsvg%3E	Paket Luxury	$argon2id$v=19$m=65536,t=3,p=4$9bYwmFPpR53ZMF9eFiE06g$0c8Wn9QsO7Ao4T353le/Nq99Y745oX9lQhRN4Y0PvMQ	2024-03-18 07:27:05.65601+00	tikomdg1
\.


--
-- Data for Name: verificationToken; Type: TABLE DATA; Schema: public; Owner: tfkhdyt
--

COPY public."verificationToken" (expires, identifier, token) FROM stdin;
\.


--
-- Name: account account_provider_providerAccountId_pk; Type: CONSTRAINT; Schema: public; Owner: tfkhdyt
--

ALTER TABLE ONLY public.account
    ADD CONSTRAINT "account_provider_providerAccountId_pk" PRIMARY KEY (provider, "providerAccountId");


--
-- Name: answer answer_pkey; Type: CONSTRAINT; Schema: public; Owner: tfkhdyt
--

ALTER TABLE ONLY public.answer
    ADD CONSTRAINT answer_pkey PRIMARY KEY (id);


--
-- Name: favorite favorite_question_id_user_id_pk; Type: CONSTRAINT; Schema: public; Owner: tfkhdyt
--

ALTER TABLE ONLY public.favorite
    ADD CONSTRAINT favorite_question_id_user_id_pk PRIMARY KEY (question_id, user_id);


--
-- Name: membership membership_pkey; Type: CONSTRAINT; Schema: public; Owner: tfkhdyt
--

ALTER TABLE ONLY public.membership
    ADD CONSTRAINT membership_pkey PRIMARY KEY (id);


--
-- Name: notification notification_pkey; Type: CONSTRAINT; Schema: public; Owner: tfkhdyt
--

ALTER TABLE ONLY public.notification
    ADD CONSTRAINT notification_pkey PRIMARY KEY (id);


--
-- Name: old_slug old_slug_pkey; Type: CONSTRAINT; Schema: public; Owner: tfkhdyt
--

ALTER TABLE ONLY public.old_slug
    ADD CONSTRAINT old_slug_pkey PRIMARY KEY (id);


--
-- Name: old_slug old_slug_slug_unique; Type: CONSTRAINT; Schema: public; Owner: tfkhdyt
--

ALTER TABLE ONLY public.old_slug
    ADD CONSTRAINT old_slug_slug_unique UNIQUE (slug);


--
-- Name: question_image question_image_pkey; Type: CONSTRAINT; Schema: public; Owner: tfkhdyt
--

ALTER TABLE ONLY public.question_image
    ADD CONSTRAINT question_image_pkey PRIMARY KEY (id);


--
-- Name: question question_pkey; Type: CONSTRAINT; Schema: public; Owner: tfkhdyt
--

ALTER TABLE ONLY public.question
    ADD CONSTRAINT question_pkey PRIMARY KEY (id);


--
-- Name: question question_slug_unique; Type: CONSTRAINT; Schema: public; Owner: tfkhdyt
--

ALTER TABLE ONLY public.question
    ADD CONSTRAINT question_slug_unique UNIQUE (slug);


--
-- Name: rating rating_pkey; Type: CONSTRAINT; Schema: public; Owner: tfkhdyt
--

ALTER TABLE ONLY public.rating
    ADD CONSTRAINT rating_pkey PRIMARY KEY (id);


--
-- Name: session session_pkey; Type: CONSTRAINT; Schema: public; Owner: tfkhdyt
--

ALTER TABLE ONLY public.session
    ADD CONSTRAINT session_pkey PRIMARY KEY ("sessionToken");


--
-- Name: subject subject_pkey; Type: CONSTRAINT; Schema: public; Owner: tfkhdyt
--

ALTER TABLE ONLY public.subject
    ADD CONSTRAINT subject_pkey PRIMARY KEY (id);


--
-- Name: user user_email_unique; Type: CONSTRAINT; Schema: public; Owner: tfkhdyt
--

ALTER TABLE ONLY public."user"
    ADD CONSTRAINT user_email_unique UNIQUE (email);


--
-- Name: user user_pkey; Type: CONSTRAINT; Schema: public; Owner: tfkhdyt
--

ALTER TABLE ONLY public."user"
    ADD CONSTRAINT user_pkey PRIMARY KEY (id);


--
-- Name: user user_username_unique; Type: CONSTRAINT; Schema: public; Owner: tfkhdyt
--

ALTER TABLE ONLY public."user"
    ADD CONSTRAINT user_username_unique UNIQUE (username);


--
-- Name: verificationToken verificationToken_identifier_token_pk; Type: CONSTRAINT; Schema: public; Owner: tfkhdyt
--

ALTER TABLE ONLY public."verificationToken"
    ADD CONSTRAINT "verificationToken_identifier_token_pk" PRIMARY KEY (identifier, token);


--
-- Name: account account_userId_user_id_fk; Type: FK CONSTRAINT; Schema: public; Owner: tfkhdyt
--

ALTER TABLE ONLY public.account
    ADD CONSTRAINT "account_userId_user_id_fk" FOREIGN KEY ("userId") REFERENCES public."user"(id) ON DELETE CASCADE;


--
-- Name: answer answer_question_id_question_id_fk; Type: FK CONSTRAINT; Schema: public; Owner: tfkhdyt
--

ALTER TABLE ONLY public.answer
    ADD CONSTRAINT answer_question_id_question_id_fk FOREIGN KEY (question_id) REFERENCES public.question(id) ON DELETE CASCADE;


--
-- Name: answer answer_user_id_user_id_fk; Type: FK CONSTRAINT; Schema: public; Owner: tfkhdyt
--

ALTER TABLE ONLY public.answer
    ADD CONSTRAINT answer_user_id_user_id_fk FOREIGN KEY (user_id) REFERENCES public."user"(id) ON DELETE CASCADE;


--
-- Name: favorite favorite_question_id_question_id_fk; Type: FK CONSTRAINT; Schema: public; Owner: tfkhdyt
--

ALTER TABLE ONLY public.favorite
    ADD CONSTRAINT favorite_question_id_question_id_fk FOREIGN KEY (question_id) REFERENCES public.question(id) ON DELETE CASCADE;


--
-- Name: favorite favorite_user_id_user_id_fk; Type: FK CONSTRAINT; Schema: public; Owner: tfkhdyt
--

ALTER TABLE ONLY public.favorite
    ADD CONSTRAINT favorite_user_id_user_id_fk FOREIGN KEY (user_id) REFERENCES public."user"(id) ON DELETE CASCADE;


--
-- Name: membership membership_user_id_user_id_fk; Type: FK CONSTRAINT; Schema: public; Owner: tfkhdyt
--

ALTER TABLE ONLY public.membership
    ADD CONSTRAINT membership_user_id_user_id_fk FOREIGN KEY (user_id) REFERENCES public."user"(id) ON DELETE CASCADE;


--
-- Name: notification notification_question_id_question_id_fk; Type: FK CONSTRAINT; Schema: public; Owner: tfkhdyt
--

ALTER TABLE ONLY public.notification
    ADD CONSTRAINT notification_question_id_question_id_fk FOREIGN KEY (question_id) REFERENCES public.question(id) ON DELETE CASCADE;


--
-- Name: notification notification_receiver_user_id_user_id_fk; Type: FK CONSTRAINT; Schema: public; Owner: tfkhdyt
--

ALTER TABLE ONLY public.notification
    ADD CONSTRAINT notification_receiver_user_id_user_id_fk FOREIGN KEY (receiver_user_id) REFERENCES public."user"(id) ON DELETE CASCADE;


--
-- Name: notification notification_transmitter_user_id_user_id_fk; Type: FK CONSTRAINT; Schema: public; Owner: tfkhdyt
--

ALTER TABLE ONLY public.notification
    ADD CONSTRAINT notification_transmitter_user_id_user_id_fk FOREIGN KEY (transmitter_user_id) REFERENCES public."user"(id) ON DELETE CASCADE;


--
-- Name: old_slug old_slug_question_id_question_id_fk; Type: FK CONSTRAINT; Schema: public; Owner: tfkhdyt
--

ALTER TABLE ONLY public.old_slug
    ADD CONSTRAINT old_slug_question_id_question_id_fk FOREIGN KEY (question_id) REFERENCES public.question(id) ON DELETE CASCADE;


--
-- Name: question_image question_image_question_id_question_id_fk; Type: FK CONSTRAINT; Schema: public; Owner: tfkhdyt
--

ALTER TABLE ONLY public.question_image
    ADD CONSTRAINT question_image_question_id_question_id_fk FOREIGN KEY (question_id) REFERENCES public.question(id) ON DELETE CASCADE;


--
-- Name: question question_subject_id_subject_id_fk; Type: FK CONSTRAINT; Schema: public; Owner: tfkhdyt
--

ALTER TABLE ONLY public.question
    ADD CONSTRAINT question_subject_id_subject_id_fk FOREIGN KEY (subject_id) REFERENCES public.subject(id) ON DELETE CASCADE;


--
-- Name: question question_user_id_user_id_fk; Type: FK CONSTRAINT; Schema: public; Owner: tfkhdyt
--

ALTER TABLE ONLY public.question
    ADD CONSTRAINT question_user_id_user_id_fk FOREIGN KEY (user_id) REFERENCES public."user"(id) ON DELETE CASCADE;


--
-- Name: rating rating_answer_id_answer_id_fk; Type: FK CONSTRAINT; Schema: public; Owner: tfkhdyt
--

ALTER TABLE ONLY public.rating
    ADD CONSTRAINT rating_answer_id_answer_id_fk FOREIGN KEY (answer_id) REFERENCES public.answer(id) ON DELETE CASCADE;


--
-- Name: rating rating_user_id_user_id_fk; Type: FK CONSTRAINT; Schema: public; Owner: tfkhdyt
--

ALTER TABLE ONLY public.rating
    ADD CONSTRAINT rating_user_id_user_id_fk FOREIGN KEY (user_id) REFERENCES public."user"(id) ON DELETE CASCADE;


--
-- Name: session session_userId_user_id_fk; Type: FK CONSTRAINT; Schema: public; Owner: tfkhdyt
--

ALTER TABLE ONLY public.session
    ADD CONSTRAINT "session_userId_user_id_fk" FOREIGN KEY ("userId") REFERENCES public."user"(id) ON DELETE CASCADE;


--
-- PostgreSQL database dump complete
--

